league,season,game_id,date,home_team,away_team,home_score,away_score
ENG-Premier League,2122,3adf2aa7,2021-08-13,Brentford,Arsenal,2.0,0.0
ENG-Premier League,2122,4eb36e37,2021-08-14,Burnley,Brighton,1.0,2.0
ENG-Premier League,2122,6f454493,2021-08-14,Chelsea,Crystal Palace,3.0,0.0
ENG-Premier League,2122,c99ebbf5,2021-08-14,Everton,Southampton,3.0,1.0
ENG-Premier League,2122,0b346a62,2021-08-14,Leicester City,Wolves,1.0,0.0
ENG-Premier League,2122,e62685d4,2021-08-14,Manchester Utd,Leeds United,5.0,1.0
ENG-Premier League,2122,c52500ad,2021-08-14,Norwich City,Liverpool,0.0,3.0
ENG-Premier League,2122,814b563c,2021-08-14,Watford,Aston Villa,3.0,2.0
ENG-Premier League,2122,41091264,2021-08-15,Newcastle,West Ham,2.0,4.0
ENG-Premier League,2122,ff51efc7,2021-08-15,Tottenham,Manchester City,1.0,0.0
ENG-Premier League,2122,662d4074,2021-08-21,Aston Villa,Newcastle,2.0,0.0
ENG-Premier League,2122,072af2f8,2021-08-21,Brighton,Watford,2.0,0.0
ENG-Premier League,2122,c8945d11,2021-08-21,Crystal Palace,Brentford,0.0,0.0
ENG-Premier League,2122,b9064680,2021-08-21,Leeds United,Everton,2.0,2.0
ENG-Premier League,2122,94d9dac0,2021-08-21,Liverpool,Burnley,2.0,0.0
ENG-Premier League,2122,ab6db0d6,2021-08-21,Manchester City,Norwich City,5.0,0.0
ENG-Premier League,2122,93954213,2021-08-22,Arsenal,Chelsea,0.0,2.0
ENG-Premier League,2122,345b3989,2021-08-22,Southampton,Manchester Utd,1.0,1.0
ENG-Premier League,2122,26ceb3c9,2021-08-22,Wolves,Tottenham,0.0,1.0
ENG-Premier League,2122,1d07228e,2021-08-23,West Ham,Leicester City,4.0,1.0
ENG-Premier League,2122,a08ef96c,2021-08-28,Aston Villa,Brentford,1.0,1.0
ENG-Premier League,2122,ec8b667a,2021-08-28,Brighton,Everton,0.0,2.0
ENG-Premier League,2122,78aa75e6,2021-08-28,Liverpool,Chelsea,1.0,1.0
ENG-Premier League,2122,d4650aa2,2021-08-28,Manchester City,Arsenal,5.0,0.0
ENG-Premier League,2122,d81af076,2021-08-28,Newcastle,Southampton,2.0,2.0
ENG-Premier League,2122,78c685cc,2021-08-28,Norwich City,Leicester City,1.0,2.0
ENG-Premier League,2122,8e017435,2021-08-28,West Ham,Crystal Palace,2.0,2.0
ENG-Premier League,2122,2e5db698,2021-08-29,Burnley,Leeds United,1.0,1.0
ENG-Premier League,2122,3cd9a733,2021-08-29,Tottenham,Watford,1.0,0.0
ENG-Premier League,2122,871109e6,2021-08-29,Wolves,Manchester Utd,0.0,1.0
ENG-Premier League,2122,4ac58f71,2021-09-11,Arsenal,Norwich City,1.0,0.0
ENG-Premier League,2122,19a03697,2021-09-11,Brentford,Brighton,0.0,1.0
ENG-Premier League,2122,67bbc3a5,2021-09-11,Chelsea,Aston Villa,3.0,0.0
ENG-Premier League,2122,17e86f90,2021-09-11,Crystal Palace,Tottenham,3.0,0.0
ENG-Premier League,2122,8dd69c8d,2021-09-11,Leicester City,Manchester City,0.0,1.0
ENG-Premier League,2122,7794fd6c,2021-09-11,Manchester Utd,Newcastle,4.0,1.0
ENG-Premier League,2122,ddff1858,2021-09-11,Southampton,West Ham,0.0,0.0
ENG-Premier League,2122,09db0909,2021-09-11,Watford,Wolves,0.0,2.0
ENG-Premier League,2122,e6a245be,2021-09-12,Leeds United,Liverpool,0.0,3.0
ENG-Premier League,2122,668b2f97,2021-09-13,Everton,Burnley,3.0,1.0
ENG-Premier League,2122,aad7d38a,2021-09-17,Newcastle,Leeds United,1.0,1.0
ENG-Premier League,2122,57323feb,2021-09-18,Aston Villa,Everton,3.0,0.0
ENG-Premier League,2122,a427debc,2021-09-18,Burnley,Arsenal,0.0,1.0
ENG-Premier League,2122,59ef8c18,2021-09-18,Liverpool,Crystal Palace,3.0,0.0
ENG-Premier League,2122,1576c578,2021-09-18,Manchester City,Southampton,0.0,0.0
ENG-Premier League,2122,835fa19c,2021-09-18,Norwich City,Watford,1.0,3.0
ENG-Premier League,2122,fd1d60f4,2021-09-18,Wolves,Brentford,0.0,2.0
ENG-Premier League,2122,723f5105,2021-09-19,Brighton,Leicester City,2.0,1.0
ENG-Premier League,2122,eaf98461,2021-09-19,Tottenham,Chelsea,0.0,3.0
ENG-Premier League,2122,2daea068,2021-09-19,West Ham,Manchester Utd,1.0,2.0
ENG-Premier League,2122,87140543,2021-09-25,Brentford,Liverpool,3.0,3.0
ENG-Premier League,2122,fc59faf7,2021-09-25,Chelsea,Manchester City,0.0,1.0
ENG-Premier League,2122,d516ccbf,2021-09-25,Everton,Norwich City,2.0,0.0
ENG-Premier League,2122,6e228b2c,2021-09-25,Leeds United,West Ham,1.0,2.0
ENG-Premier League,2122,2d61f328,2021-09-25,Leicester City,Burnley,2.0,2.0
ENG-Premier League,2122,7c21232e,2021-09-25,Manchester Utd,Aston Villa,0.0,1.0
ENG-Premier League,2122,70fda3e9,2021-09-25,Watford,Newcastle,1.0,1.0
ENG-Premier League,2122,a2c07e97,2021-09-26,Arsenal,Tottenham,3.0,1.0
ENG-Premier League,2122,d99f984c,2021-09-26,Southampton,Wolves,0.0,1.0
ENG-Premier League,2122,3d7659fc,2021-09-27,Crystal Palace,Brighton,1.0,1.0
ENG-Premier League,2122,cdaded7b,2021-10-02,Brighton,Arsenal,0.0,0.0
ENG-Premier League,2122,9231df9a,2021-10-02,Burnley,Norwich City,0.0,0.0
ENG-Premier League,2122,a6466617,2021-10-02,Chelsea,Southampton,3.0,1.0
ENG-Premier League,2122,be9d8a45,2021-10-02,Leeds United,Watford,1.0,0.0
ENG-Premier League,2122,2129c7e9,2021-10-02,Manchester Utd,Everton,1.0,1.0
ENG-Premier League,2122,00dcbdaa,2021-10-02,Wolves,Newcastle,2.0,1.0
ENG-Premier League,2122,b06fd537,2021-10-03,Crystal Palace,Leicester City,2.0,2.0
ENG-Premier League,2122,2598b046,2021-10-03,Liverpool,Manchester City,2.0,2.0
ENG-Premier League,2122,7bb0a43c,2021-10-03,Tottenham,Aston Villa,2.0,1.0
ENG-Premier League,2122,f1eead63,2021-10-03,West Ham,Brentford,1.0,2.0
ENG-Premier League,2122,a1668499,2021-10-16,Aston Villa,Wolves,2.0,3.0
ENG-Premier League,2122,866cfb1f,2021-10-16,Brentford,Chelsea,0.0,1.0
ENG-Premier League,2122,45502ded,2021-10-16,Leicester City,Manchester Utd,4.0,2.0
ENG-Premier League,2122,55778d0d,2021-10-16,Manchester City,Burnley,2.0,0.0
ENG-Premier League,2122,bc0a1eb5,2021-10-16,Norwich City,Brighton,0.0,0.0
ENG-Premier League,2122,8bde822c,2021-10-16,Southampton,Leeds United,1.0,0.0
ENG-Premier League,2122,2ce6d340,2021-10-16,Watford,Liverpool,0.0,5.0
ENG-Premier League,2122,15871600,2021-10-17,Everton,West Ham,0.0,1.0
ENG-Premier League,2122,4bd69343,2021-10-17,Newcastle,Tottenham,2.0,3.0
ENG-Premier League,2122,0f3a1892,2021-10-18,Arsenal,Crystal Palace,2.0,2.0
ENG-Premier League,2122,ac95a75a,2021-10-22,Arsenal,Aston Villa,3.0,1.0
ENG-Premier League,2122,dc93611c,2021-10-23,Brighton,Manchester City,1.0,4.0
ENG-Premier League,2122,a6ff9cf9,2021-10-23,Chelsea,Norwich City,7.0,0.0
ENG-Premier League,2122,4d1b6f6f,2021-10-23,Crystal Palace,Newcastle,1.0,1.0
ENG-Premier League,2122,6985d123,2021-10-23,Everton,Watford,2.0,5.0
ENG-Premier League,2122,49b3afe3,2021-10-23,Leeds United,Wolves,1.0,1.0
ENG-Premier League,2122,d5164fbe,2021-10-23,Southampton,Burnley,2.0,2.0
ENG-Premier League,2122,b5c25937,2021-10-24,Brentford,Leicester City,1.0,2.0
ENG-Premier League,2122,b886bec4,2021-10-24,Manchester Utd,Liverpool,0.0,5.0
ENG-Premier League,2122,70c508ee,2021-10-24,West Ham,Tottenham,1.0,0.0
ENG-Premier League,2122,c8915e9e,2021-10-30,Burnley,Brentford,3.0,1.0
ENG-Premier League,2122,719b57c6,2021-10-30,Leicester City,Arsenal,0.0,2.0
ENG-Premier League,2122,c68998b5,2021-10-30,Liverpool,Brighton,2.0,2.0
ENG-Premier League,2122,eb6c294f,2021-10-30,Manchester City,Crystal Palace,0.0,2.0
ENG-Premier League,2122,49478cd2,2021-10-30,Newcastle,Chelsea,0.0,3.0
ENG-Premier League,2122,5a2b8c26,2021-10-30,Tottenham,Manchester Utd,0.0,3.0
ENG-Premier League,2122,e3521093,2021-10-30,Watford,Southampton,0.0,1.0
ENG-Premier League,2122,a62478a2,2021-10-31,Aston Villa,West Ham,1.0,4.0
ENG-Premier League,2122,52daf8d4,2021-10-31,Norwich City,Leeds United,1.0,2.0
ENG-Premier League,2122,c9ad66cc,2021-11-01,Wolves,Everton,2.0,1.0
ENG-Premier League,2122,868bd31f,2021-11-05,Southampton,Aston Villa,1.0,0.0
ENG-Premier League,2122,0f029791,2021-11-06,Brentford,Norwich City,1.0,2.0
ENG-Premier League,2122,10d11999,2021-11-06,Brighton,Newcastle,1.0,1.0
ENG-Premier League,2122,316c0296,2021-11-06,Chelsea,Burnley,1.0,1.0
ENG-Premier League,2122,3a2fff4d,2021-11-06,Crystal Palace,Wolves,2.0,0.0
ENG-Premier League,2122,5fa5be28,2021-11-06,Manchester Utd,Manchester City,0.0,2.0
ENG-Premier League,2122,e0208fcf,2021-11-07,Arsenal,Watford,1.0,0.0
ENG-Premier League,2122,224d1c99,2021-11-07,Everton,Tottenham,0.0,0.0
ENG-Premier League,2122,8fd004c6,2021-11-07,Leeds United,Leicester City,1.0,1.0
ENG-Premier League,2122,63538dc7,2021-11-07,West Ham,Liverpool,3.0,2.0
ENG-Premier League,2122,88f081ac,2021-11-20,Aston Villa,Brighton,2.0,0.0
ENG-Premier League,2122,e7ab34c4,2021-11-20,Burnley,Crystal Palace,3.0,3.0
ENG-Premier League,2122,2fd486d6,2021-11-20,Leicester City,Chelsea,0.0,3.0
ENG-Premier League,2122,e9ea66e1,2021-11-20,Liverpool,Arsenal,4.0,0.0
ENG-Premier League,2122,adbf56bc,2021-11-20,Newcastle,Brentford,3.0,3.0
ENG-Premier League,2122,4bddaba4,2021-11-20,Norwich City,Southampton,2.0,1.0
ENG-Premier League,2122,31a03035,2021-11-20,Watford,Manchester Utd,4.0,1.0
ENG-Premier League,2122,013c4797,2021-11-20,Wolves,West Ham,1.0,0.0
ENG-Premier League,2122,bfbe7402,2021-11-21,Manchester City,Everton,3.0,0.0
ENG-Premier League,2122,a74a684e,2021-11-21,Tottenham,Leeds United,2.0,1.0
ENG-Premier League,2122,067e0ab9,2021-11-27,Arsenal,Newcastle,2.0,0.0
ENG-Premier League,2122,5d651cd7,2021-11-27,Brighton,Leeds United,0.0,0.0
ENG-Premier League,2122,4a7a9e3b,2021-11-27,Crystal Palace,Aston Villa,1.0,2.0
ENG-Premier League,2122,aa9b882d,2021-11-27,Liverpool,Southampton,4.0,0.0
ENG-Premier League,2122,ff3bd755,2021-11-27,Norwich City,Wolves,0.0,0.0
ENG-Premier League,2122,286c4c1c,2021-11-28,Brentford,Everton,1.0,0.0
ENG-Premier League,2122,08b3c5d8,2021-11-28,Chelsea,Manchester Utd,1.0,1.0
ENG-Premier League,2122,c2e426c8,2021-11-28,Leicester City,Watford,4.0,2.0
ENG-Premier League,2122,c37446de,2021-11-28,Manchester City,West Ham,2.0,1.0
ENG-Premier League,2122,b0ab4044,2021-11-30,Leeds United,Crystal Palace,1.0,0.0
ENG-Premier League,2122,ce4d873f,2021-11-30,Newcastle,Norwich City,1.0,1.0
ENG-Premier League,2122,1993b7ec,2021-12-01,Aston Villa,Manchester City,1.0,2.0
ENG-Premier League,2122,b46554fb,2021-12-01,Everton,Liverpool,1.0,4.0
ENG-Premier League,2122,135f5959,2021-12-01,Southampton,Leicester City,2.0,2.0
ENG-Premier League,2122,f475576b,2021-12-01,Watford,Chelsea,1.0,2.0
ENG-Premier League,2122,2049300f,2021-12-01,West Ham,Brighton,1.0,1.0
ENG-Premier League,2122,a3fc2ddc,2021-12-01,Wolves,Burnley,0.0,0.0
ENG-Premier League,2122,4323a38f,2021-12-02,Manchester Utd,Arsenal,3.0,2.0
ENG-Premier League,2122,a80b3790,2021-12-02,Tottenham,Brentford,2.0,0.0
ENG-Premier League,2122,11ed382d,2021-12-04,Newcastle,Burnley,1.0,0.0
ENG-Premier League,2122,27fd5d70,2021-12-04,Southampton,Brighton,1.0,1.0
ENG-Premier League,2122,befb6648,2021-12-04,Watford,Manchester City,1.0,3.0
ENG-Premier League,2122,776aa8ab,2021-12-04,West Ham,Chelsea,3.0,2.0
ENG-Premier League,2122,37d61ff3,2021-12-04,Wolves,Liverpool,0.0,1.0
ENG-Premier League,2122,49cc65ac,2021-12-05,Aston Villa,Leicester City,2.0,1.0
ENG-Premier League,2122,175160b7,2021-12-05,Leeds United,Brentford,2.0,2.0
ENG-Premier League,2122,8d10c8d4,2021-12-05,Manchester Utd,Crystal Palace,1.0,0.0
ENG-Premier League,2122,78e62deb,2021-12-05,Tottenham,Norwich City,3.0,0.0
ENG-Premier League,2122,5fdb6c19,2021-12-06,Everton,Arsenal,2.0,1.0
ENG-Premier League,2122,49a36a4e,2021-12-10,Brentford,Watford,2.0,1.0
ENG-Premier League,2122,6a35f07c,2021-12-11,Arsenal,Southampton,3.0,0.0
ENG-Premier League,2122,6ad3036b,2021-12-11,Chelsea,Leeds United,3.0,2.0
ENG-Premier League,2122,678d7dca,2021-12-11,Liverpool,Aston Villa,1.0,0.0
ENG-Premier League,2122,d46b4a18,2021-12-11,Manchester City,Wolves,1.0,0.0
ENG-Premier League,2122,11a67612,2021-12-11,Norwich City,Manchester Utd,0.0,1.0
ENG-Premier League,2122,6d236ce6,2021-12-12,Burnley,West Ham,0.0,0.0
ENG-Premier League,2122,02abf29a,2021-12-12,Crystal Palace,Everton,3.0,1.0
ENG-Premier League,2122,8805978d,2021-12-12,Leicester City,Newcastle,4.0,0.0
ENG-Premier League,2122,5730a84c,2021-12-14,Manchester City,Leeds United,7.0,0.0
ENG-Premier League,2122,c78a1d7d,2021-12-14,Norwich City,Aston Villa,0.0,2.0
ENG-Premier League,2122,3f1ff3a5,2021-12-15,Arsenal,West Ham,2.0,0.0
ENG-Premier League,2122,60178542,2021-12-15,Brighton,Wolves,0.0,1.0
ENG-Premier League,2122,9ebb60f0,2021-12-15,Crystal Palace,Southampton,2.0,2.0
ENG-Premier League,2122,70209eb1,2021-12-16,Chelsea,Everton,1.0,1.0
ENG-Premier League,2122,5aec4772,2021-12-16,Liverpool,Newcastle,3.0,1.0
ENG-Premier League,2122,53b542d8,2021-12-18,Leeds United,Arsenal,1.0,4.0
ENG-Premier League,2122,4d9bcee9,2021-12-19,Newcastle,Manchester City,0.0,4.0
ENG-Premier League,2122,4ac8dee4,2021-12-19,Tottenham,Liverpool,2.0,2.0
ENG-Premier League,2122,73d478fb,2021-12-19,Wolves,Chelsea,0.0,0.0
ENG-Premier League,2122,61396bd8,2021-12-26,Aston Villa,Chelsea,1.0,3.0
ENG-Premier League,2122,1f64133b,2021-12-26,Brighton,Brentford,2.0,0.0
ENG-Premier League,2122,49e84e17,2021-12-26,Manchester City,Leicester City,6.0,3.0
ENG-Premier League,2122,83ce723b,2021-12-26,Norwich City,Arsenal,0.0,5.0
ENG-Premier League,2122,ac4560d6,2021-12-26,Tottenham,Crystal Palace,3.0,0.0
ENG-Premier League,2122,36a056cf,2021-12-26,West Ham,Southampton,2.0,3.0
ENG-Premier League,2122,f91fee43,2021-12-27,Newcastle,Manchester Utd,1.0,1.0
ENG-Premier League,2122,59ef01ea,2021-12-28,Crystal Palace,Norwich City,3.0,0.0
ENG-Premier League,2122,8ad7b26f,2021-12-28,Leicester City,Liverpool,1.0,0.0
ENG-Premier League,2122,08d5ef01,2021-12-28,Southampton,Tottenham,1.0,1.0
ENG-Premier League,2122,b56fd899,2021-12-28,Watford,West Ham,1.0,4.0
ENG-Premier League,2122,1a0df937,2021-12-29,Brentford,Manchester City,0.0,1.0
ENG-Premier League,2122,8fbe2e12,2021-12-29,Chelsea,Brighton,1.0,1.0
ENG-Premier League,2122,bbfa96c9,2021-12-30,Manchester Utd,Burnley,3.0,1.0
ENG-Premier League,2122,a9903a63,2022-01-01,Arsenal,Manchester City,1.0,2.0
ENG-Premier League,2122,b0b5cba6,2022-01-01,Crystal Palace,West Ham,2.0,3.0
ENG-Premier League,2122,9c831c07,2022-01-01,Watford,Tottenham,0.0,1.0
ENG-Premier League,2122,dfaa1817,2022-01-02,Brentford,Aston Villa,2.0,1.0
ENG-Premier League,2122,3480cc09,2022-01-02,Chelsea,Liverpool,2.0,2.0
ENG-Premier League,2122,e22bb565,2022-01-02,Everton,Brighton,2.0,3.0
ENG-Premier League,2122,cff8022b,2022-01-02,Leeds United,Burnley,3.0,1.0
ENG-Premier League,2122,8e966b52,2022-01-03,Manchester Utd,Wolves,0.0,1.0
ENG-Premier League,2122,0859817d,2022-01-11,Southampton,Brentford,4.0,1.0
ENG-Premier League,2122,7d53d1ea,2022-01-12,West Ham,Norwich City,2.0,0.0
ENG-Premier League,2122,96630936,2022-01-14,Brighton,Crystal Palace,1.0,1.0
ENG-Premier League,2122,745dc664,2022-01-15,Aston Villa,Manchester Utd,2.0,2.0
ENG-Premier League,2122,febd7f38,2022-01-15,Manchester City,Chelsea,1.0,0.0
ENG-Premier League,2122,64dd3e3f,2022-01-15,Newcastle,Watford,1.0,1.0
ENG-Premier League,2122,4574a1a6,2022-01-15,Norwich City,Everton,2.0,1.0
ENG-Premier League,2122,dd7b8b8b,2022-01-15,Wolves,Southampton,3.0,1.0
ENG-Premier League,2122,c8c457d6,2022-01-16,Liverpool,Brentford,3.0,0.0
ENG-Premier League,2122,62c16969,2022-01-16,West Ham,Leeds United,2.0,3.0
ENG-Premier League,2122,b4c9c369,2022-01-18,Brighton,Chelsea,1.0,1.0
ENG-Premier League,2122,f7c0bd68,2022-01-19,Brentford,Manchester Utd,1.0,3.0
ENG-Premier League,2122,77d28549,2022-01-19,Leicester City,Tottenham,2.0,3.0
ENG-Premier League,2122,5c592680,2022-01-21,Watford,Norwich City,0.0,3.0
ENG-Premier League,2122,9f91ec9b,2022-01-22,Brentford,Wolves,1.0,2.0
ENG-Premier League,2122,83bac3da,2022-01-22,Everton,Aston Villa,0.0,1.0
ENG-Premier League,2122,07df6328,2022-01-22,Leeds United,Newcastle,0.0,1.0
ENG-Premier League,2122,7c23f694,2022-01-22,Manchester Utd,West Ham,1.0,0.0
ENG-Premier League,2122,9bfa5945,2022-01-22,Southampton,Manchester City,1.0,1.0
ENG-Premier League,2122,845ec84d,2022-01-23,Arsenal,Burnley,0.0,0.0
ENG-Premier League,2122,29e164e3,2022-01-23,Chelsea,Tottenham,2.0,0.0
ENG-Premier League,2122,60ad7e25,2022-01-23,Crystal Palace,Liverpool,1.0,3.0
ENG-Premier League,2122,a28f6f69,2022-01-23,Leicester City,Brighton,1.0,1.0
ENG-Premier League,2122,5c31d723,2022-02-05,Burnley,Watford,0.0,0.0
ENG-Premier League,2122,cb262ab8,2022-02-08,Burnley,Manchester Utd,1.0,1.0
ENG-Premier League,2122,fde8d97d,2022-02-08,Newcastle,Everton,3.0,1.0
ENG-Premier League,2122,3778ac3f,2022-02-08,West Ham,Watford,1.0,0.0
ENG-Premier League,2122,f1e84229,2022-02-09,Aston Villa,Leeds United,3.0,3.0
ENG-Premier League,2122,3b077554,2022-02-09,Manchester City,Brentford,2.0,0.0
ENG-Premier League,2122,22d9fbc9,2022-02-09,Norwich City,Crystal Palace,1.0,1.0
ENG-Premier League,2122,0613df22,2022-02-09,Tottenham,Southampton,2.0,3.0
ENG-Premier League,2122,911fa284,2022-02-10,Liverpool,Leicester City,2.0,0.0
ENG-Premier League,2122,bf5f0f9e,2022-02-10,Wolves,Arsenal,0.0,1.0
ENG-Premier League,2122,427597d4,2022-02-12,Brentford,Crystal Palace,0.0,0.0
ENG-Premier League,2122,0a51943e,2022-02-12,Everton,Leeds United,3.0,0.0
ENG-Premier League,2122,d15dca2c,2022-02-12,Manchester Utd,Southampton,1.0,1.0
ENG-Premier League,2122,522300d0,2022-02-12,Norwich City,Manchester City,0.0,4.0
ENG-Premier League,2122,e04d98c4,2022-02-12,Watford,Brighton,0.0,2.0
ENG-Premier League,2122,ee0b72dd,2022-02-13,Burnley,Liverpool,0.0,1.0
ENG-Premier League,2122,c2c20295,2022-02-13,Leicester City,West Ham,2.0,2.0
ENG-Premier League,2122,59b88877,2022-02-13,Newcastle,Aston Villa,1.0,0.0
ENG-Premier League,2122,fe93b491,2022-02-13,Tottenham,Wolves,0.0,2.0
ENG-Premier League,2122,a1fb5fa2,2022-02-15,Manchester Utd,Brighton,2.0,0.0
ENG-Premier League,2122,401c8cc8,2022-02-19,Arsenal,Brentford,2.0,1.0
ENG-Premier League,2122,28c4ee0a,2022-02-19,Aston Villa,Watford,0.0,1.0
ENG-Premier League,2122,b1df8cfd,2022-02-19,Brighton,Burnley,0.0,3.0
ENG-Premier League,2122,ddd2eed6,2022-02-19,Crystal Palace,Chelsea,0.0,1.0
ENG-Premier League,2122,700c9eaf,2022-02-19,Liverpool,Norwich City,3.0,1.0
ENG-Premier League,2122,cd797899,2022-02-19,Manchester City,Tottenham,2.0,3.0
ENG-Premier League,2122,53cc3dbd,2022-02-19,Southampton,Everton,2.0,0.0
ENG-Premier League,2122,4e263347,2022-02-19,West Ham,Newcastle,1.0,1.0
ENG-Premier League,2122,002f0ff0,2022-02-20,Leeds United,Manchester Utd,2.0,4.0
ENG-Premier League,2122,63d95af6,2022-02-20,Wolves,Leicester City,2.0,1.0
ENG-Premier League,2122,f8d646cb,2022-02-23,Burnley,Tottenham,1.0,0.0
ENG-Premier League,2122,6d0f3b48,2022-02-23,Liverpool,Leeds United,6.0,0.0
ENG-Premier League,2122,daa35440,2022-02-23,Watford,Crystal Palace,1.0,4.0
ENG-Premier League,2122,3c516ed6,2022-02-24,Arsenal,Wolves,2.0,1.0
ENG-Premier League,2122,17c79d36,2022-02-25,Southampton,Norwich City,2.0,0.0
ENG-Premier League,2122,fd61d442,2022-02-26,Brentford,Newcastle,0.0,2.0
ENG-Premier League,2122,8cabd787,2022-02-26,Brighton,Aston Villa,0.0,2.0
ENG-Premier League,2122,086dcb8d,2022-02-26,Crystal Palace,Burnley,1.0,1.0
ENG-Premier League,2122,ab729bd6,2022-02-26,Everton,Manchester City,0.0,1.0
ENG-Premier League,2122,05d37de9,2022-02-26,Leeds United,Tottenham,0.0,4.0
ENG-Premier League,2122,43737c9c,2022-02-26,Manchester Utd,Watford,0.0,0.0
ENG-Premier League,2122,b1dcaf8d,2022-02-27,West Ham,Wolves,1.0,0.0
ENG-Premier League,2122,a47f5f21,2022-03-01,Burnley,Leicester City,0.0,2.0
ENG-Premier League,2122,1aa40463,2022-03-05,Aston Villa,Southampton,4.0,0.0
ENG-Premier League,2122,926192f8,2022-03-05,Burnley,Chelsea,0.0,4.0
ENG-Premier League,2122,1d777dcd,2022-03-05,Leicester City,Leeds United,1.0,0.0
ENG-Premier League,2122,bc1944c3,2022-03-05,Liverpool,West Ham,1.0,0.0
ENG-Premier League,2122,02337bda,2022-03-05,Newcastle,Brighton,2.0,1.0
ENG-Premier League,2122,fcb61cff,2022-03-05,Norwich City,Brentford,1.0,3.0
ENG-Premier League,2122,9ccef73f,2022-03-05,Wolves,Crystal Palace,0.0,2.0
ENG-Premier League,2122,2dc5b8b0,2022-03-06,Manchester City,Manchester Utd,4.0,1.0
ENG-Premier League,2122,9d5abf8b,2022-03-06,Watford,Arsenal,2.0,3.0
ENG-Premier League,2122,6e11eac6,2022-03-07,Tottenham,Everton,5.0,0.0
ENG-Premier League,2122,79b8fb6e,2022-03-10,Leeds United,Aston Villa,0.0,3.0
ENG-Premier League,2122,4371c286,2022-03-10,Norwich City,Chelsea,1.0,3.0
ENG-Premier League,2122,2d6fb488,2022-03-10,Southampton,Newcastle,1.0,2.0
ENG-Premier League,2122,d0ee0e9a,2022-03-10,Wolves,Watford,4.0,0.0
ENG-Premier League,2122,9718a901,2022-03-12,Brentford,Burnley,2.0,0.0
ENG-Premier League,2122,4d3331bb,2022-03-12,Brighton,Liverpool,0.0,2.0
ENG-Premier League,2122,e5e7becb,2022-03-12,Manchester Utd,Tottenham,3.0,2.0
ENG-Premier League,2122,47ea9ab2,2022-03-13,Arsenal,Leicester City,2.0,0.0
ENG-Premier League,2122,0dcf103b,2022-03-13,Chelsea,Newcastle,1.0,0.0
ENG-Premier League,2122,9e5d1f93,2022-03-13,Everton,Wolves,0.0,1.0
ENG-Premier League,2122,b13fb9b9,2022-03-13,Leeds United,Norwich City,2.0,1.0
ENG-Premier League,2122,2c627dd8,2022-03-13,Southampton,Watford,1.0,2.0
ENG-Premier League,2122,81f2f022,2022-03-13,West Ham,Aston Villa,2.0,1.0
ENG-Premier League,2122,f5b6f5c5,2022-03-14,Crystal Palace,Manchester City,0.0,0.0
ENG-Premier League,2122,8ef5cc6b,2022-03-16,Arsenal,Liverpool,0.0,2.0
ENG-Premier League,2122,59b3ee40,2022-03-16,Brighton,Tottenham,0.0,2.0
ENG-Premier League,2122,029e5f94,2022-03-17,Everton,Newcastle,1.0,0.0
ENG-Premier League,2122,1c402923,2022-03-18,Wolves,Leeds United,2.0,3.0
ENG-Premier League,2122,0cb74761,2022-03-19,Aston Villa,Arsenal,0.0,1.0
ENG-Premier League,2122,c8c7dd9b,2022-03-20,Leicester City,Brentford,2.0,1.0
ENG-Premier League,2122,5fb752fa,2022-03-20,Tottenham,West Ham,3.0,1.0
ENG-Premier League,2122,df69a1b2,2022-04-02,Brighton,Norwich City,0.0,0.0
ENG-Premier League,2122,c294f564,2022-04-02,Burnley,Manchester City,0.0,2.0
ENG-Premier League,2122,c0037074,2022-04-02,Chelsea,Brentford,1.0,4.0
ENG-Premier League,2122,abc88be4,2022-04-02,Leeds United,Southampton,1.0,1.0
ENG-Premier League,2122,8e05e22c,2022-04-02,Liverpool,Watford,2.0,0.0
ENG-Premier League,2122,00863ee3,2022-04-02,Manchester Utd,Leicester City,1.0,1.0
ENG-Premier League,2122,320d3dfe,2022-04-02,Wolves,Aston Villa,2.0,1.0
ENG-Premier League,2122,6f8a2207,2022-04-03,Tottenham,Newcastle,5.0,1.0
ENG-Premier League,2122,b22e54c4,2022-04-03,West Ham,Everton,2.0,1.0
ENG-Premier League,2122,d96b144a,2022-04-04,Crystal Palace,Arsenal,3.0,0.0
ENG-Premier League,2122,8ee025e7,2022-04-06,Burnley,Everton,3.0,2.0
ENG-Premier League,2122,739d8264,2022-04-08,Newcastle,Wolves,1.0,0.0
ENG-Premier League,2122,37ddcda6,2022-04-09,Arsenal,Brighton,1.0,2.0
ENG-Premier League,2122,811d471f,2022-04-09,Aston Villa,Tottenham,0.0,4.0
ENG-Premier League,2122,f976e20a,2022-04-09,Everton,Manchester Utd,1.0,0.0
ENG-Premier League,2122,70d15cf0,2022-04-09,Southampton,Chelsea,0.0,6.0
ENG-Premier League,2122,b18deecf,2022-04-09,Watford,Leeds United,0.0,3.0
ENG-Premier League,2122,6bb36736,2022-04-10,Brentford,West Ham,2.0,0.0
ENG-Premier League,2122,816c435d,2022-04-10,Leicester City,Crystal Palace,2.0,1.0
ENG-Premier League,2122,37e2fe92,2022-04-10,Manchester City,Liverpool,2.0,2.0
ENG-Premier League,2122,8574aaf3,2022-04-10,Norwich City,Burnley,2.0,0.0
ENG-Premier League,2122,1c3ec7cf,2022-04-16,Manchester Utd,Norwich City,3.0,2.0
ENG-Premier League,2122,5ea2687c,2022-04-16,Southampton,Arsenal,1.0,0.0
ENG-Premier League,2122,0b266073,2022-04-16,Tottenham,Brighton,0.0,1.0
ENG-Premier League,2122,3b17352d,2022-04-16,Watford,Brentford,1.0,2.0
ENG-Premier League,2122,89803b3a,2022-04-17,Newcastle,Leicester City,2.0,1.0
ENG-Premier League,2122,f3a245c8,2022-04-17,West Ham,Burnley,1.0,1.0
ENG-Premier League,2122,09f1bef7,2022-04-19,Liverpool,Manchester Utd,4.0,0.0
ENG-Premier League,2122,cf8c0df6,2022-04-20,Chelsea,Arsenal,2.0,4.0
ENG-Premier League,2122,46471203,2022-04-20,Everton,Leicester City,1.0,1.0
ENG-Premier League,2122,34fd93f9,2022-04-20,Manchester City,Brighton,3.0,0.0
ENG-Premier League,2122,7a668764,2022-04-20,Newcastle,Crystal Palace,1.0,0.0
ENG-Premier League,2122,73ef622b,2022-04-21,Burnley,Southampton,2.0,0.0
ENG-Premier League,2122,b9f7c065,2022-04-23,Arsenal,Manchester Utd,3.0,1.0
ENG-Premier League,2122,9c939b7f,2022-04-23,Brentford,Tottenham,0.0,0.0
ENG-Premier League,2122,17e5cacf,2022-04-23,Leicester City,Aston Villa,0.0,0.0
ENG-Premier League,2122,af522ca3,2022-04-23,Manchester City,Watford,5.0,1.0
ENG-Premier League,2122,f6a877bb,2022-04-23,Norwich City,Newcastle,0.0,3.0
ENG-Premier League,2122,32a11932,2022-04-24,Brighton,Southampton,2.0,2.0
ENG-Premier League,2122,99d0fee1,2022-04-24,Burnley,Wolves,1.0,0.0
ENG-Premier League,2122,cfcd90ed,2022-04-24,Chelsea,West Ham,1.0,0.0
ENG-Premier League,2122,69235d39,2022-04-24,Liverpool,Everton,2.0,0.0
ENG-Premier League,2122,1a9f4c1e,2022-04-25,Crystal Palace,Leeds United,0.0,0.0
ENG-Premier League,2122,39f0deaa,2022-04-28,Manchester Utd,Chelsea,1.0,1.0
ENG-Premier League,2122,bf7873f2,2022-04-30,Aston Villa,Norwich City,2.0,0.0
ENG-Premier League,2122,5ce80a04,2022-04-30,Leeds United,Manchester City,0.0,4.0
ENG-Premier League,2122,d736eab8,2022-04-30,Newcastle,Liverpool,0.0,1.0
ENG-Premier League,2122,d260be24,2022-04-30,Southampton,Crystal Palace,1.0,2.0
ENG-Premier League,2122,81ac72d8,2022-04-30,Watford,Burnley,1.0,2.0
ENG-Premier League,2122,b800c4ba,2022-04-30,Wolves,Brighton,0.0,3.0
ENG-Premier League,2122,4ed4a295,2022-05-01,Everton,Chelsea,1.0,0.0
ENG-Premier League,2122,26ff83e6,2022-05-01,Tottenham,Leicester City,3.0,1.0
ENG-Premier League,2122,5290c2da,2022-05-01,West Ham,Arsenal,1.0,2.0
ENG-Premier League,2122,c9b4c96a,2022-05-02,Manchester Utd,Brentford,3.0,0.0
ENG-Premier League,2122,74a74729,2022-05-07,Brentford,Southampton,3.0,0.0
ENG-Premier League,2122,efa43305,2022-05-07,Brighton,Manchester Utd,4.0,0.0
ENG-Premier League,2122,c1dc9202,2022-05-07,Burnley,Aston Villa,1.0,3.0
ENG-Premier League,2122,7c8a79d2,2022-05-07,Chelsea,Wolves,2.0,2.0
ENG-Premier League,2122,1206a1df,2022-05-07,Crystal Palace,Watford,1.0,0.0
ENG-Premier League,2122,9a93e9b2,2022-05-07,Liverpool,Tottenham,1.0,1.0
ENG-Premier League,2122,ef41dec1,2022-05-08,Arsenal,Leeds United,2.0,1.0
ENG-Premier League,2122,4a972389,2022-05-08,Leicester City,Everton,1.0,2.0
ENG-Premier League,2122,d1bcaf2b,2022-05-08,Manchester City,Newcastle,5.0,0.0
ENG-Premier League,2122,a370b8d5,2022-05-08,Norwich City,West Ham,0.0,4.0
ENG-Premier League,2122,1016efad,2022-05-10,Aston Villa,Liverpool,1.0,2.0
ENG-Premier League,2122,6f225dc6,2022-05-11,Leeds United,Chelsea,0.0,3.0
ENG-Premier League,2122,2ae05ae6,2022-05-11,Leicester City,Norwich City,3.0,0.0
ENG-Premier League,2122,948fa2e3,2022-05-11,Watford,Everton,0.0,0.0
ENG-Premier League,2122,a93c0c92,2022-05-11,Wolves,Manchester City,1.0,5.0
ENG-Premier League,2122,607d0562,2022-05-12,Tottenham,Arsenal,3.0,0.0
ENG-Premier League,2122,d2e9e9e3,2022-05-15,Aston Villa,Crystal Palace,1.0,1.0
ENG-Premier League,2122,1b07c16e,2022-05-15,Everton,Brentford,2.0,3.0
ENG-Premier League,2122,1ca898da,2022-05-15,Leeds United,Brighton,1.0,1.0
ENG-Premier League,2122,1d0f7282,2022-05-15,Tottenham,Burnley,1.0,0.0
ENG-Premier League,2122,5a142f6f,2022-05-15,Watford,Leicester City,1.0,5.0
ENG-Premier League,2122,f94c5f85,2022-05-15,West Ham,Manchester City,2.0,2.0
ENG-Premier League,2122,7f0d5ca8,2022-05-15,Wolves,Norwich City,1.0,1.0
ENG-Premier League,2122,a3b3a0d5,2022-05-16,Newcastle,Arsenal,2.0,0.0
ENG-Premier League,2122,733409b2,2022-05-17,Southampton,Liverpool,1.0,2.0
ENG-Premier League,2122,bc4f902e,2022-05-19,Aston Villa,Burnley,1.0,1.0
ENG-Premier League,2122,75d8f6e0,2022-05-19,Chelsea,Leicester City,1.0,1.0
ENG-Premier League,2122,82aa061a,2022-05-19,Everton,Crystal Palace,3.0,2.0
ENG-Premier League,2122,4100d195,2022-05-22,Arsenal,Everton,5.0,1.0
ENG-Premier League,2122,076ca089,2022-05-22,Brentford,Leeds United,1.0,2.0
ENG-Premier League,2122,70a81794,2022-05-22,Brighton,West Ham,3.0,1.0
ENG-Premier League,2122,ad4ac82b,2022-05-22,Burnley,Newcastle,1.0,2.0
ENG-Premier League,2122,df85b298,2022-05-22,Chelsea,Watford,2.0,1.0
ENG-Premier League,2122,19173099,2022-05-22,Crystal Palace,Manchester Utd,1.0,0.0
ENG-Premier League,2122,16e2761e,2022-05-22,Leicester City,Southampton,4.0,1.0
ENG-Premier League,2122,8b0f3e28,2022-05-22,Liverpool,Wolves,3.0,1.0
ENG-Premier League,2122,7b4b63d0,2022-05-22,Manchester City,Aston Villa,3.0,2.0
ENG-Premier League,2122,771ecae9,2022-05-22,Norwich City,Tottenham,0.0,5.0
ENG-Premier League,2223,e62f6e78,2022-08-05,Crystal Palace,Arsenal,0.0,2.0
ENG-Premier League,2223,877e3193,2022-08-06,Bournemouth,Aston Villa,2.0,0.0
ENG-Premier League,2223,3a917cee,2022-08-06,Everton,Chelsea,0.0,1.0
ENG-Premier League,2223,6713c1dc,2022-08-06,Fulham,Liverpool,2.0,2.0
ENG-Premier League,2223,82702941,2022-08-06,Leeds United,Wolves,2.0,1.0
ENG-Premier League,2223,1ac96eb4,2022-08-06,Newcastle,Nottingham,2.0,0.0
ENG-Premier League,2223,09d8a999,2022-08-06,Tottenham,Southampton,4.0,1.0
ENG-Premier League,2223,3249ba27,2022-08-07,Leicester City,Brentford,2.0,2.0
ENG-Premier League,2223,8251694e,2022-08-07,Manchester Utd,Brighton,1.0,2.0
ENG-Premier League,2223,ece62baf,2022-08-07,West Ham,Manchester City,0.0,2.0
ENG-Premier League,2223,7483b97f,2022-08-13,Arsenal,Leicester City,4.0,2.0
ENG-Premier League,2223,8cd71c65,2022-08-13,Aston Villa,Everton,2.0,1.0
ENG-Premier League,2223,04712d4e,2022-08-13,Brentford,Manchester Utd,4.0,0.0
ENG-Premier League,2223,c916a5f6,2022-08-13,Brighton,Newcastle,0.0,0.0
ENG-Premier League,2223,311d705c,2022-08-13,Manchester City,Bournemouth,4.0,0.0
ENG-Premier League,2223,54b33a13,2022-08-13,Southampton,Leeds United,2.0,2.0
ENG-Premier League,2223,669b1665,2022-08-13,Wolves,Fulham,0.0,0.0
ENG-Premier League,2223,01e57bf5,2022-08-14,Chelsea,Tottenham,2.0,2.0
ENG-Premier League,2223,b1ebeda5,2022-08-14,Nottingham,West Ham,1.0,0.0
ENG-Premier League,2223,b3c6f709,2022-08-15,Liverpool,Crystal Palace,1.0,1.0
ENG-Premier League,2223,7f11dd9e,2022-08-20,Bournemouth,Arsenal,0.0,3.0
ENG-Premier League,2223,3f89bccf,2022-08-20,Crystal Palace,Aston Villa,3.0,1.0
ENG-Premier League,2223,3c3cc86f,2022-08-20,Everton,Nottingham,1.0,1.0
ENG-Premier League,2223,a107c037,2022-08-20,Fulham,Brentford,3.0,2.0
ENG-Premier League,2223,02efd4d1,2022-08-20,Leicester City,Southampton,1.0,2.0
ENG-Premier League,2223,5cc3bd0e,2022-08-20,Tottenham,Wolves,1.0,0.0
ENG-Premier League,2223,a5632124,2022-08-21,Leeds United,Chelsea,3.0,0.0
ENG-Premier League,2223,b513d9fe,2022-08-21,Newcastle,Manchester City,3.0,3.0
ENG-Premier League,2223,aa2a3517,2022-08-21,West Ham,Brighton,0.0,2.0
ENG-Premier League,2223,3c9a8f71,2022-08-22,Manchester Utd,Liverpool,2.0,1.0
ENG-Premier League,2223,8b69fd2d,2022-08-27,Arsenal,Fulham,2.0,1.0
ENG-Premier League,2223,db59fc65,2022-08-27,Brentford,Everton,1.0,1.0
ENG-Premier League,2223,77c70160,2022-08-27,Brighton,Leeds United,1.0,0.0
ENG-Premier League,2223,b737a3a7,2022-08-27,Chelsea,Leicester City,2.0,1.0
ENG-Premier League,2223,de515487,2022-08-27,Liverpool,Bournemouth,9.0,0.0
ENG-Premier League,2223,3b9bbac7,2022-08-27,Manchester City,Crystal Palace,4.0,2.0
ENG-Premier League,2223,dff99b20,2022-08-27,Southampton,Manchester Utd,0.0,1.0
ENG-Premier League,2223,659b9113,2022-08-28,Aston Villa,West Ham,0.0,1.0
ENG-Premier League,2223,3c364307,2022-08-28,Nottingham,Tottenham,0.0,2.0
ENG-Premier League,2223,15d62d04,2022-08-28,Wolves,Newcastle,1.0,1.0
ENG-Premier League,2223,e1d6440f,2022-08-30,Crystal Palace,Brentford,1.0,1.0
ENG-Premier League,2223,361f4461,2022-08-30,Fulham,Brighton,2.0,1.0
ENG-Premier League,2223,42d294e5,2022-08-30,Leeds United,Everton,1.0,1.0
ENG-Premier League,2223,afd303a8,2022-08-30,Southampton,Chelsea,2.0,1.0
ENG-Premier League,2223,cc235aad,2022-08-31,Arsenal,Aston Villa,2.0,1.0
ENG-Premier League,2223,91b239d8,2022-08-31,Bournemouth,Wolves,0.0,0.0
ENG-Premier League,2223,ac6047cf,2022-08-31,Liverpool,Newcastle,2.0,1.0
ENG-Premier League,2223,9760b466,2022-08-31,Manchester City,Nottingham,6.0,0.0
ENG-Premier League,2223,9f221621,2022-08-31,West Ham,Tottenham,1.0,1.0
ENG-Premier League,2223,c1f25d02,2022-09-01,Leicester City,Manchester Utd,0.0,1.0
ENG-Premier League,2223,3091f0b8,2022-09-03,Aston Villa,Manchester City,1.0,1.0
ENG-Premier League,2223,88f9aad9,2022-09-03,Brentford,Leeds United,5.0,2.0
ENG-Premier League,2223,d7642197,2022-09-03,Chelsea,West Ham,2.0,1.0
ENG-Premier League,2223,073227b6,2022-09-03,Everton,Liverpool,0.0,0.0
ENG-Premier League,2223,4ca4efa3,2022-09-03,Newcastle,Crystal Palace,0.0,0.0
ENG-Premier League,2223,05f32555,2022-09-03,Nottingham,Bournemouth,2.0,3.0
ENG-Premier League,2223,a497b725,2022-09-03,Tottenham,Fulham,2.0,1.0
ENG-Premier League,2223,13f50518,2022-09-03,Wolves,Southampton,1.0,0.0
ENG-Premier League,2223,42d5b3b1,2022-09-04,Brighton,Leicester City,5.0,2.0
ENG-Premier League,2223,61ddafa5,2022-09-04,Manchester Utd,Arsenal,3.0,1.0
ENG-Premier League,2223,1219daa1,2022-09-16,Aston Villa,Southampton,1.0,0.0
ENG-Premier League,2223,d0d07e66,2022-09-16,Nottingham,Fulham,2.0,3.0
ENG-Premier League,2223,177da679,2022-09-17,Newcastle,Bournemouth,1.0,1.0
ENG-Premier League,2223,99e44c16,2022-09-17,Tottenham,Leicester City,6.0,2.0
ENG-Premier League,2223,96b5cc15,2022-09-17,Wolves,Manchester City,0.0,3.0
ENG-Premier League,2223,fd5626e6,2022-09-18,Brentford,Arsenal,0.0,3.0
ENG-Premier League,2223,96e9dc0f,2022-09-18,Everton,West Ham,1.0,0.0
ENG-Premier League,2223,aefe3b90,2022-10-01,Arsenal,Tottenham,3.0,1.0
ENG-Premier League,2223,f2e86b27,2022-10-01,Bournemouth,Brentford,0.0,0.0
ENG-Premier League,2223,372249f3,2022-10-01,Crystal Palace,Chelsea,1.0,2.0
ENG-Premier League,2223,dcde1172,2022-10-01,Fulham,Newcastle,1.0,4.0
ENG-Premier League,2223,aadd2e80,2022-10-01,Liverpool,Brighton,3.0,3.0
ENG-Premier League,2223,06d00bcb,2022-10-01,Southampton,Everton,1.0,2.0
ENG-Premier League,2223,89ff6cd8,2022-10-01,West Ham,Wolves,2.0,0.0
ENG-Premier League,2223,627d2279,2022-10-02,Leeds United,Aston Villa,0.0,0.0
ENG-Premier League,2223,886e6108,2022-10-02,Manchester City,Manchester Utd,6.0,3.0
ENG-Premier League,2223,a7976021,2022-10-03,Leicester City,Nottingham,4.0,0.0
ENG-Premier League,2223,7db2a40a,2022-10-08,Bournemouth,Leicester City,2.0,1.0
ENG-Premier League,2223,3eeefbc5,2022-10-08,Brighton,Tottenham,0.0,1.0
ENG-Premier League,2223,c83cb314,2022-10-08,Chelsea,Wolves,3.0,0.0
ENG-Premier League,2223,864294c0,2022-10-08,Manchester City,Southampton,4.0,0.0
ENG-Premier League,2223,7dd42d3f,2022-10-08,Newcastle,Brentford,5.0,1.0
ENG-Premier League,2223,84a48413,2022-10-09,Arsenal,Liverpool,3.0,2.0
ENG-Premier League,2223,f9563020,2022-10-09,Crystal Palace,Leeds United,2.0,1.0
ENG-Premier League,2223,5d426690,2022-10-09,Everton,Manchester Utd,1.0,2.0
ENG-Premier League,2223,42e38f9d,2022-10-09,West Ham,Fulham,3.0,1.0
ENG-Premier League,2223,fb99ddf9,2022-10-10,Nottingham,Aston Villa,1.0,1.0
ENG-Premier League,2223,69409682,2022-10-14,Brentford,Brighton,2.0,0.0
ENG-Premier League,2223,ab7f61dd,2022-10-15,Fulham,Bournemouth,2.0,2.0
ENG-Premier League,2223,37677e58,2022-10-15,Leicester City,Crystal Palace,0.0,0.0
ENG-Premier League,2223,e42493f9,2022-10-15,Tottenham,Everton,2.0,0.0
ENG-Premier League,2223,c9f8e7e9,2022-10-15,Wolves,Nottingham,1.0,0.0
ENG-Premier League,2223,7113ce7f,2022-10-16,Aston Villa,Chelsea,0.0,2.0
ENG-Premier League,2223,92885cfc,2022-10-16,Leeds United,Arsenal,0.0,1.0
ENG-Premier League,2223,2ed4b79f,2022-10-16,Liverpool,Manchester City,1.0,0.0
ENG-Premier League,2223,e0b9c72c,2022-10-16,Manchester Utd,Newcastle,0.0,0.0
ENG-Premier League,2223,2f5adfad,2022-10-16,Southampton,West Ham,1.0,1.0
ENG-Premier League,2223,4f876daa,2022-10-18,Brighton,Nottingham,0.0,0.0
ENG-Premier League,2223,60705c6d,2022-10-18,Crystal Palace,Wolves,2.0,1.0
ENG-Premier League,2223,8a2bb3b6,2022-10-19,Bournemouth,Southampton,0.0,1.0
ENG-Premier League,2223,b7a32aeb,2022-10-19,Brentford,Chelsea,0.0,0.0
ENG-Premier League,2223,dba5c5ec,2022-10-19,Liverpool,West Ham,1.0,0.0
ENG-Premier League,2223,eebe78c1,2022-10-19,Manchester Utd,Tottenham,2.0,0.0
ENG-Premier League,2223,e6674f8d,2022-10-19,Newcastle,Everton,1.0,0.0
ENG-Premier League,2223,e6102606,2022-10-20,Fulham,Aston Villa,3.0,0.0
ENG-Premier League,2223,6356af5a,2022-10-20,Leicester City,Leeds United,2.0,0.0
ENG-Premier League,2223,7ad85c8a,2022-10-22,Chelsea,Manchester Utd,1.0,1.0
ENG-Premier League,2223,24d23a55,2022-10-22,Everton,Crystal Palace,3.0,0.0
ENG-Premier League,2223,cd5cd3f0,2022-10-22,Manchester City,Brighton,3.0,1.0
ENG-Premier League,2223,f92b67c2,2022-10-22,Nottingham,Liverpool,1.0,0.0
ENG-Premier League,2223,7764ca02,2022-10-23,Aston Villa,Brentford,4.0,0.0
ENG-Premier League,2223,d7b30e2b,2022-10-23,Leeds United,Fulham,2.0,3.0
ENG-Premier League,2223,d8138438,2022-10-23,Southampton,Arsenal,1.0,1.0
ENG-Premier League,2223,ae21490f,2022-10-23,Tottenham,Newcastle,1.0,2.0
ENG-Premier League,2223,8774e664,2022-10-23,Wolves,Leicester City,0.0,4.0
ENG-Premier League,2223,e9d1a18b,2022-10-24,West Ham,Bournemouth,2.0,0.0
ENG-Premier League,2223,dcb3b971,2022-10-29,Bournemouth,Tottenham,2.0,3.0
ENG-Premier League,2223,41e403d3,2022-10-29,Brentford,Wolves,1.0,1.0
ENG-Premier League,2223,ac6abad1,2022-10-29,Brighton,Chelsea,4.0,1.0
ENG-Premier League,2223,4be07239,2022-10-29,Crystal Palace,Southampton,1.0,0.0
ENG-Premier League,2223,9c4402e1,2022-10-29,Fulham,Everton,0.0,0.0
ENG-Premier League,2223,96b9ae4e,2022-10-29,Leicester City,Manchester City,0.0,1.0
ENG-Premier League,2223,b5b1e744,2022-10-29,Liverpool,Leeds United,1.0,2.0
ENG-Premier League,2223,96f5ee84,2022-10-29,Newcastle,Aston Villa,4.0,0.0
ENG-Premier League,2223,1b496cc1,2022-10-30,Arsenal,Nottingham,5.0,0.0
ENG-Premier League,2223,cd0f59f6,2022-10-30,Manchester Utd,West Ham,1.0,0.0
ENG-Premier League,2223,831c73fc,2022-11-05,Everton,Leicester City,0.0,2.0
ENG-Premier League,2223,63975c3e,2022-11-05,Leeds United,Bournemouth,4.0,3.0
ENG-Premier League,2223,6ef27b3c,2022-11-05,Manchester City,Fulham,2.0,1.0
ENG-Premier League,2223,12251835,2022-11-05,Nottingham,Brentford,2.0,2.0
ENG-Premier League,2223,982d16a2,2022-11-05,Wolves,Brighton,2.0,3.0
ENG-Premier League,2223,6638574f,2022-11-06,Aston Villa,Manchester Utd,3.0,1.0
ENG-Premier League,2223,af9dc838,2022-11-06,Chelsea,Arsenal,0.0,1.0
ENG-Premier League,2223,57f9bcc9,2022-11-06,Southampton,Newcastle,1.0,4.0
ENG-Premier League,2223,2954504d,2022-11-06,Tottenham,Liverpool,1.0,2.0
ENG-Premier League,2223,2586fb04,2022-11-06,West Ham,Crystal Palace,1.0,2.0
ENG-Premier League,2223,54f23f03,2022-11-12,Bournemouth,Everton,3.0,0.0
ENG-Premier League,2223,1579d34b,2022-11-12,Liverpool,Southampton,3.0,1.0
ENG-Premier League,2223,28b60c1b,2022-11-12,Manchester City,Brentford,1.0,2.0
ENG-Premier League,2223,e1b3eb1b,2022-11-12,Newcastle,Chelsea,1.0,0.0
ENG-Premier League,2223,ee827a60,2022-11-12,Nottingham,Crystal Palace,1.0,0.0
ENG-Premier League,2223,0030e686,2022-11-12,Tottenham,Leeds United,4.0,3.0
ENG-Premier League,2223,6e89557a,2022-11-12,West Ham,Leicester City,0.0,2.0
ENG-Premier League,2223,863d7a8f,2022-11-12,Wolves,Arsenal,0.0,2.0
ENG-Premier League,2223,a7031cbd,2022-11-13,Brighton,Aston Villa,1.0,2.0
ENG-Premier League,2223,af75b6b0,2022-11-13,Fulham,Manchester Utd,1.0,2.0
ENG-Premier League,2223,3be32b8b,2022-12-26,Arsenal,West Ham,3.0,1.0
ENG-Premier League,2223,ab7d4465,2022-12-26,Aston Villa,Liverpool,1.0,3.0
ENG-Premier League,2223,14e4f648,2022-12-26,Brentford,Tottenham,2.0,2.0
ENG-Premier League,2223,bbb301a6,2022-12-26,Crystal Palace,Fulham,0.0,3.0
ENG-Premier League,2223,ef424180,2022-12-26,Everton,Wolves,1.0,2.0
ENG-Premier League,2223,8e186153,2022-12-26,Leicester City,Newcastle,0.0,3.0
ENG-Premier League,2223,3527c390,2022-12-26,Southampton,Brighton,1.0,3.0
ENG-Premier League,2223,d55b9033,2022-12-27,Chelsea,Bournemouth,2.0,0.0
ENG-Premier League,2223,b860f634,2022-12-27,Manchester Utd,Nottingham,3.0,0.0
ENG-Premier League,2223,a85ef749,2022-12-28,Leeds United,Manchester City,1.0,3.0
ENG-Premier League,2223,c5e4ccf5,2022-12-30,Liverpool,Leicester City,2.0,1.0
ENG-Premier League,2223,56acbbbe,2022-12-30,West Ham,Brentford,0.0,2.0
ENG-Premier League,2223,dab2ed3a,2022-12-31,Bournemouth,Crystal Palace,0.0,2.0
ENG-Premier League,2223,dd50a429,2022-12-31,Brighton,Arsenal,2.0,4.0
ENG-Premier League,2223,a15bf99e,2022-12-31,Fulham,Southampton,2.0,1.0
ENG-Premier League,2223,bcfb66ff,2022-12-31,Manchester City,Everton,1.0,1.0
ENG-Premier League,2223,0facecde,2022-12-31,Newcastle,Leeds United,0.0,0.0
ENG-Premier League,2223,8ef80305,2022-12-31,Wolves,Manchester Utd,0.0,1.0
ENG-Premier League,2223,c31cf944,2023-01-01,Nottingham,Chelsea,1.0,1.0
ENG-Premier League,2223,63e8eaf8,2023-01-01,Tottenham,Aston Villa,0.0,2.0
ENG-Premier League,2223,af6aa183,2023-01-02,Brentford,Liverpool,3.0,1.0
ENG-Premier League,2223,ceebd643,2023-01-03,Arsenal,Newcastle,0.0,0.0
ENG-Premier League,2223,c62d7632,2023-01-03,Everton,Brighton,1.0,4.0
ENG-Premier League,2223,12e0894b,2023-01-03,Leicester City,Fulham,0.0,1.0
ENG-Premier League,2223,63fc7f12,2023-01-03,Manchester Utd,Bournemouth,3.0,0.0
ENG-Premier League,2223,895a1c1f,2023-01-04,Aston Villa,Wolves,1.0,1.0
ENG-Premier League,2223,d8118454,2023-01-04,Crystal Palace,Tottenham,0.0,4.0
ENG-Premier League,2223,068406dc,2023-01-04,Leeds United,West Ham,2.0,2.0
ENG-Premier League,2223,cc17c735,2023-01-04,Southampton,Nottingham,0.0,1.0
ENG-Premier League,2223,eacda90c,2023-01-05,Chelsea,Manchester City,0.0,1.0
ENG-Premier League,2223,2902a42d,2023-01-12,Fulham,Chelsea,2.0,1.0
ENG-Premier League,2223,ea58bf24,2023-01-13,Aston Villa,Leeds United,2.0,1.0
ENG-Premier League,2223,3f992264,2023-01-14,Brentford,Bournemouth,2.0,0.0
ENG-Premier League,2223,cfc2a193,2023-01-14,Brighton,Liverpool,3.0,0.0
ENG-Premier League,2223,11603f7f,2023-01-14,Everton,Southampton,1.0,2.0
ENG-Premier League,2223,f0fd7541,2023-01-14,Manchester Utd,Manchester City,2.0,1.0
ENG-Premier League,2223,95d3b457,2023-01-14,Nottingham,Leicester City,2.0,0.0
ENG-Premier League,2223,20fbd1a1,2023-01-14,Wolves,West Ham,1.0,0.0
ENG-Premier League,2223,564d2893,2023-01-15,Chelsea,Crystal Palace,1.0,0.0
ENG-Premier League,2223,f93d11e7,2023-01-15,Newcastle,Fulham,1.0,0.0
ENG-Premier League,2223,4fc8b7b2,2023-01-15,Tottenham,Arsenal,0.0,2.0
ENG-Premier League,2223,adf46096,2023-01-18,Crystal Palace,Manchester Utd,1.0,1.0
ENG-Premier League,2223,847f0a9c,2023-01-19,Manchester City,Tottenham,4.0,2.0
ENG-Premier League,2223,38c715b4,2023-01-21,Bournemouth,Nottingham,1.0,1.0
ENG-Premier League,2223,8468f673,2023-01-21,Crystal Palace,Newcastle,0.0,0.0
ENG-Premier League,2223,bcbbc55f,2023-01-21,Leicester City,Brighton,2.0,2.0
ENG-Premier League,2223,7febc290,2023-01-21,Liverpool,Chelsea,0.0,0.0
ENG-Premier League,2223,91d49468,2023-01-21,Southampton,Aston Villa,0.0,1.0
ENG-Premier League,2223,db9cdba8,2023-01-21,West Ham,Everton,2.0,0.0
ENG-Premier League,2223,1b35bc71,2023-01-22,Arsenal,Manchester Utd,3.0,2.0
ENG-Premier League,2223,f0e7d8a8,2023-01-22,Leeds United,Brentford,0.0,0.0
ENG-Premier League,2223,7337f90a,2023-01-22,Manchester City,Wolves,3.0,0.0
ENG-Premier League,2223,098cd338,2023-01-23,Fulham,Tottenham,0.0,1.0
ENG-Premier League,2223,c3cf244b,2023-02-03,Chelsea,Fulham,0.0,0.0
ENG-Premier League,2223,76a2a22c,2023-02-04,Aston Villa,Leicester City,2.0,4.0
ENG-Premier League,2223,ef31dad5,2023-02-04,Brentford,Southampton,3.0,0.0
ENG-Premier League,2223,dccc53ae,2023-02-04,Brighton,Bournemouth,1.0,0.0
ENG-Premier League,2223,07fc721a,2023-02-04,Everton,Arsenal,1.0,0.0
ENG-Premier League,2223,dca5ea6c,2023-02-04,Manchester Utd,Crystal Palace,2.0,1.0
ENG-Premier League,2223,34e9160c,2023-02-04,Newcastle,West Ham,1.0,1.0
ENG-Premier League,2223,d67a16c8,2023-02-04,Wolves,Liverpool,3.0,0.0
ENG-Premier League,2223,7c47cb5e,2023-02-05,Nottingham,Leeds United,1.0,0.0
ENG-Premier League,2223,8a923619,2023-02-05,Tottenham,Manchester City,1.0,0.0
ENG-Premier League,2223,80532a54,2023-02-08,Manchester Utd,Leeds United,2.0,2.0
ENG-Premier League,2223,7caa56bc,2023-02-11,Arsenal,Brentford,1.0,1.0
ENG-Premier League,2223,d9339e30,2023-02-11,Bournemouth,Newcastle,1.0,1.0
ENG-Premier League,2223,5d5deba7,2023-02-11,Crystal Palace,Brighton,1.0,1.0
ENG-Premier League,2223,ee86dc99,2023-02-11,Fulham,Nottingham,2.0,0.0
ENG-Premier League,2223,390c7b85,2023-02-11,Leicester City,Tottenham,4.0,1.0
ENG-Premier League,2223,8c7913ed,2023-02-11,Southampton,Wolves,1.0,2.0
ENG-Premier League,2223,18dea268,2023-02-11,West Ham,Chelsea,1.0,1.0
ENG-Premier League,2223,3386146f,2023-02-12,Leeds United,Manchester Utd,0.0,2.0
ENG-Premier League,2223,18fcd595,2023-02-12,Manchester City,Aston Villa,3.0,1.0
ENG-Premier League,2223,a895ec23,2023-02-13,Liverpool,Everton,2.0,0.0
ENG-Premier League,2223,b9da01e6,2023-02-15,Arsenal,Manchester City,1.0,3.0
ENG-Premier League,2223,e50bfcf8,2023-02-18,Aston Villa,Arsenal,2.0,4.0
ENG-Premier League,2223,f6370484,2023-02-18,Brentford,Crystal Palace,1.0,1.0
ENG-Premier League,2223,67a7aee6,2023-02-18,Brighton,Fulham,0.0,1.0
ENG-Premier League,2223,8d750d5d,2023-02-18,Chelsea,Southampton,0.0,1.0
ENG-Premier League,2223,d5f67d2e,2023-02-18,Everton,Leeds United,1.0,0.0
ENG-Premier League,2223,2f909763,2023-02-18,Newcastle,Liverpool,0.0,2.0
ENG-Premier League,2223,7f12d9aa,2023-02-18,Nottingham,Manchester City,1.0,1.0
ENG-Premier League,2223,eaf37ab4,2023-02-18,Wolves,Bournemouth,0.0,1.0
ENG-Premier League,2223,d6e88163,2023-02-19,Manchester Utd,Leicester City,3.0,0.0
ENG-Premier League,2223,aae66d3d,2023-02-19,Tottenham,West Ham,2.0,0.0
ENG-Premier League,2223,b452508e,2023-02-24,Fulham,Wolves,1.0,1.0
ENG-Premier League,2223,e731c1dd,2023-02-25,Bournemouth,Manchester City,1.0,4.0
ENG-Premier League,2223,8a59c49c,2023-02-25,Crystal Palace,Liverpool,0.0,0.0
ENG-Premier League,2223,25436a3b,2023-02-25,Everton,Aston Villa,0.0,2.0
ENG-Premier League,2223,9edb32a3,2023-02-25,Leeds United,Southampton,1.0,0.0
ENG-Premier League,2223,145cc0a5,2023-02-25,Leicester City,Arsenal,0.0,1.0
ENG-Premier League,2223,767981c6,2023-02-25,West Ham,Nottingham,4.0,0.0
ENG-Premier League,2223,8eff71b5,2023-02-26,Tottenham,Chelsea,2.0,0.0
ENG-Premier League,2223,705a2f3c,2023-03-01,Arsenal,Everton,4.0,0.0
ENG-Premier League,2223,5e05f5f4,2023-03-01,Liverpool,Wolves,2.0,0.0
ENG-Premier League,2223,3e9a33fc,2023-03-04,Arsenal,Bournemouth,3.0,2.0
ENG-Premier League,2223,433a4487,2023-03-04,Aston Villa,Crystal Palace,1.0,0.0
ENG-Premier League,2223,bee059c4,2023-03-04,Brighton,West Ham,4.0,0.0
ENG-Premier League,2223,59f9a78f,2023-03-04,Chelsea,Leeds United,1.0,0.0
ENG-Premier League,2223,b33bcb97,2023-03-04,Manchester City,Newcastle,2.0,0.0
ENG-Premier League,2223,4d14422c,2023-03-04,Southampton,Leicester City,1.0,0.0
ENG-Premier League,2223,bf4ac62d,2023-03-04,Wolves,Tottenham,1.0,0.0
ENG-Premier League,2223,756e8036,2023-03-05,Liverpool,Manchester Utd,7.0,0.0
ENG-Premier League,2223,ec770341,2023-03-05,Nottingham,Everton,2.0,2.0
ENG-Premier League,2223,3dce3a24,2023-03-06,Brentford,Fulham,3.0,2.0
ENG-Premier League,2223,d376dff8,2023-03-11,Bournemouth,Liverpool,1.0,0.0
ENG-Premier League,2223,d29fe1d9,2023-03-11,Crystal Palace,Manchester City,0.0,1.0
ENG-Premier League,2223,980f57d4,2023-03-11,Everton,Brentford,1.0,0.0
ENG-Premier League,2223,3f653d6f,2023-03-11,Leeds United,Brighton,2.0,2.0
ENG-Premier League,2223,bd5571a1,2023-03-11,Leicester City,Chelsea,1.0,3.0
ENG-Premier League,2223,d065f9cd,2023-03-11,Tottenham,Nottingham,3.0,1.0
ENG-Premier League,2223,d238973c,2023-03-12,Fulham,Arsenal,0.0,3.0
ENG-Premier League,2223,9cd3ca2c,2023-03-12,Manchester Utd,Southampton,0.0,0.0
ENG-Premier League,2223,c416a3de,2023-03-12,Newcastle,Wolves,2.0,1.0
ENG-Premier League,2223,df6f054e,2023-03-12,West Ham,Aston Villa,1.0,1.0
ENG-Premier League,2223,d23a30cc,2023-03-15,Brighton,Crystal Palace,1.0,0.0
ENG-Premier League,2223,a4202b5b,2023-03-15,Southampton,Brentford,0.0,2.0
ENG-Premier League,2223,5345049a,2023-03-17,Nottingham,Newcastle,1.0,2.0
ENG-Premier League,2223,88981274,2023-03-18,Aston Villa,Bournemouth,3.0,0.0
ENG-Premier League,2223,7647948e,2023-03-18,Brentford,Leicester City,1.0,1.0
ENG-Premier League,2223,9453dba7,2023-03-18,Chelsea,Everton,2.0,2.0
ENG-Premier League,2223,bd9ec55d,2023-03-18,Southampton,Tottenham,3.0,3.0
ENG-Premier League,2223,3cb714a4,2023-03-18,Wolves,Leeds United,2.0,4.0
ENG-Premier League,2223,98e0de00,2023-03-19,Arsenal,Crystal Palace,4.0,1.0
ENG-Premier League,2223,2e4383ca,2023-04-01,Arsenal,Leeds United,4.0,1.0
ENG-Premier League,2223,f64320c3,2023-04-01,Bournemouth,Fulham,2.0,1.0
ENG-Premier League,2223,ead2251e,2023-04-01,Brighton,Brentford,3.0,3.0
ENG-Premier League,2223,870fa8c9,2023-04-01,Chelsea,Aston Villa,0.0,2.0
ENG-Premier League,2223,ee1878a0,2023-04-01,Crystal Palace,Leicester City,2.0,1.0
ENG-Premier League,2223,40966f45,2023-04-01,Manchester City,Liverpool,4.0,1.0
ENG-Premier League,2223,c14b278c,2023-04-01,Nottingham,Wolves,1.0,1.0
ENG-Premier League,2223,1ed948f6,2023-04-02,Newcastle,Manchester Utd,2.0,0.0
ENG-Premier League,2223,42e1f38d,2023-04-02,West Ham,Southampton,1.0,0.0
ENG-Premier League,2223,c00d9a22,2023-04-03,Everton,Tottenham,1.0,1.0
ENG-Premier League,2223,95a97dc6,2023-04-04,Bournemouth,Brighton,0.0,2.0
ENG-Premier League,2223,1028e683,2023-04-04,Chelsea,Liverpool,0.0,0.0
ENG-Premier League,2223,1251d1c0,2023-04-04,Leeds United,Nottingham,2.0,1.0
ENG-Premier League,2223,f213214b,2023-04-04,Leicester City,Aston Villa,1.0,2.0
ENG-Premier League,2223,f3e6e475,2023-04-05,Manchester Utd,Brentford,1.0,0.0
ENG-Premier League,2223,4a87012d,2023-04-05,West Ham,Newcastle,1.0,5.0
ENG-Premier League,2223,68cd68fd,2023-04-08,Aston Villa,Nottingham,2.0,0.0
ENG-Premier League,2223,a5e78e89,2023-04-08,Brentford,Newcastle,1.0,2.0
ENG-Premier League,2223,0ba42648,2023-04-08,Fulham,West Ham,0.0,1.0
ENG-Premier League,2223,72ca7930,2023-04-08,Leicester City,Bournemouth,0.0,1.0
ENG-Premier League,2223,e217ed2c,2023-04-08,Manchester Utd,Everton,2.0,0.0
ENG-Premier League,2223,fb045117,2023-04-08,Southampton,Manchester City,1.0,4.0
ENG-Premier League,2223,b3ad7bd4,2023-04-08,Tottenham,Brighton,2.0,1.0
ENG-Premier League,2223,aa1fa8dc,2023-04-08,Wolves,Chelsea,1.0,0.0
ENG-Premier League,2223,a1c39217,2023-04-09,Leeds United,Crystal Palace,1.0,5.0
ENG-Premier League,2223,f3774baa,2023-04-09,Liverpool,Arsenal,2.0,2.0
ENG-Premier League,2223,7bbac622,2023-04-15,Aston Villa,Newcastle,3.0,0.0
ENG-Premier League,2223,18e7d354,2023-04-15,Chelsea,Brighton,1.0,2.0
ENG-Premier League,2223,ecae749b,2023-04-15,Everton,Fulham,1.0,3.0
ENG-Premier League,2223,ce8df388,2023-04-15,Manchester City,Leicester City,3.0,1.0
ENG-Premier League,2223,67f47a1b,2023-04-15,Southampton,Crystal Palace,0.0,2.0
ENG-Premier League,2223,bfc49d95,2023-04-15,Tottenham,Bournemouth,2.0,3.0
ENG-Premier League,2223,b2402736,2023-04-15,Wolves,Brentford,2.0,0.0
ENG-Premier League,2223,4ca8f9f6,2023-04-16,Nottingham,Manchester Utd,0.0,2.0
ENG-Premier League,2223,3120ba0d,2023-04-16,West Ham,Arsenal,2.0,2.0
ENG-Premier League,2223,fd3d05f5,2023-04-17,Leeds United,Liverpool,1.0,6.0
ENG-Premier League,2223,12efc7dd,2023-04-21,Arsenal,Southampton,3.0,3.0
ENG-Premier League,2223,2b51686a,2023-04-22,Brentford,Aston Villa,1.0,1.0
ENG-Premier League,2223,25f6dcd1,2023-04-22,Crystal Palace,Everton,0.0,0.0
ENG-Premier League,2223,f2d8700d,2023-04-22,Fulham,Leeds United,2.0,1.0
ENG-Premier League,2223,b87e66b4,2023-04-22,Leicester City,Wolves,2.0,1.0
ENG-Premier League,2223,99bfc321,2023-04-22,Liverpool,Nottingham,3.0,2.0
ENG-Premier League,2223,3306d30f,2023-04-23,Bournemouth,West Ham,0.0,4.0
ENG-Premier League,2223,dff22d13,2023-04-23,Newcastle,Tottenham,6.0,1.0
ENG-Premier League,2223,8b295a84,2023-04-25,Aston Villa,Fulham,1.0,0.0
ENG-Premier League,2223,56c70cf7,2023-04-25,Leeds United,Leicester City,1.0,1.0
ENG-Premier League,2223,825c78f1,2023-04-25,Wolves,Crystal Palace,2.0,0.0
ENG-Premier League,2223,071b5820,2023-04-26,Chelsea,Brentford,0.0,2.0
ENG-Premier League,2223,00a73645,2023-04-26,Manchester City,Arsenal,4.0,1.0
ENG-Premier League,2223,76db2de1,2023-04-26,Nottingham,Brighton,3.0,1.0
ENG-Premier League,2223,f2f795ae,2023-04-26,West Ham,Liverpool,1.0,2.0
ENG-Premier League,2223,37a741a7,2023-04-27,Everton,Newcastle,1.0,4.0
ENG-Premier League,2223,ccabe10f,2023-04-27,Southampton,Bournemouth,0.0,1.0
ENG-Premier League,2223,8c9a5c5c,2023-04-27,Tottenham,Manchester Utd,2.0,2.0
ENG-Premier League,2223,3aeacbaa,2023-04-29,Brentford,Nottingham,2.0,1.0
ENG-Premier League,2223,21f920e0,2023-04-29,Brighton,Wolves,6.0,0.0
ENG-Premier League,2223,4ec72d3b,2023-04-29,Crystal Palace,West Ham,4.0,3.0
ENG-Premier League,2223,0b0733ce,2023-04-30,Bournemouth,Leeds United,4.0,1.0
ENG-Premier League,2223,d4d0cb2a,2023-04-30,Fulham,Manchester City,1.0,2.0
ENG-Premier League,2223,e07267b3,2023-04-30,Liverpool,Tottenham,4.0,3.0
ENG-Premier League,2223,08607696,2023-04-30,Manchester Utd,Aston Villa,1.0,0.0
ENG-Premier League,2223,b16063b6,2023-04-30,Newcastle,Southampton,3.0,1.0
ENG-Premier League,2223,95d2cc61,2023-05-01,Leicester City,Everton,2.0,2.0
ENG-Premier League,2223,2d551ff5,2023-05-02,Arsenal,Chelsea,3.0,1.0
ENG-Premier League,2223,24fb8eca,2023-05-03,Liverpool,Fulham,1.0,0.0
ENG-Premier League,2223,fccab6ff,2023-05-03,Manchester City,West Ham,3.0,0.0
ENG-Premier League,2223,16209587,2023-05-04,Brighton,Manchester Utd,1.0,0.0
ENG-Premier League,2223,6116824f,2023-05-06,Bournemouth,Chelsea,1.0,3.0
ENG-Premier League,2223,6e2d1c8c,2023-05-06,Liverpool,Brentford,1.0,0.0
ENG-Premier League,2223,7ee695ea,2023-05-06,Manchester City,Leeds United,2.0,1.0
ENG-Premier League,2223,0f1e1478,2023-05-06,Tottenham,Crystal Palace,1.0,0.0
ENG-Premier League,2223,217a7faf,2023-05-06,Wolves,Aston Villa,1.0,0.0
ENG-Premier League,2223,9bb3a778,2023-05-07,Newcastle,Arsenal,0.0,2.0
ENG-Premier League,2223,98f0c145,2023-05-07,West Ham,Manchester Utd,1.0,0.0
ENG-Premier League,2223,bf8d9047,2023-05-08,Brighton,Everton,1.0,5.0
ENG-Premier League,2223,9a5efecc,2023-05-08,Fulham,Leicester City,5.0,3.0
ENG-Premier League,2223,23e7953f,2023-05-08,Nottingham,Southampton,4.0,3.0
ENG-Premier League,2223,362514ee,2023-05-13,Aston Villa,Tottenham,2.0,1.0
ENG-Premier League,2223,96ab0b45,2023-05-13,Chelsea,Nottingham,2.0,2.0
ENG-Premier League,2223,a4ffd11f,2023-05-13,Crystal Palace,Bournemouth,2.0,0.0
ENG-Premier League,2223,d63581e0,2023-05-13,Leeds United,Newcastle,2.0,2.0
ENG-Premier League,2223,f5d61382,2023-05-13,Manchester Utd,Wolves,2.0,0.0
ENG-Premier League,2223,e05f67be,2023-05-13,Southampton,Fulham,0.0,2.0
ENG-Premier League,2223,dc6fb985,2023-05-14,Arsenal,Brighton,0.0,3.0
ENG-Premier League,2223,9a41c925,2023-05-14,Brentford,West Ham,2.0,0.0
ENG-Premier League,2223,704aa0f3,2023-05-14,Everton,Manchester City,0.0,3.0
ENG-Premier League,2223,7dd0fbd7,2023-05-15,Leicester City,Liverpool,0.0,3.0
ENG-Premier League,2223,e265430e,2023-05-18,Newcastle,Brighton,4.0,1.0
ENG-Premier League,2223,ec496eca,2023-05-20,Bournemouth,Manchester Utd,0.0,1.0
ENG-Premier League,2223,844f2c37,2023-05-20,Fulham,Crystal Palace,2.0,2.0
ENG-Premier League,2223,72646bde,2023-05-20,Liverpool,Aston Villa,1.0,1.0
ENG-Premier League,2223,9a2ea2b3,2023-05-20,Nottingham,Arsenal,1.0,0.0
ENG-Premier League,2223,28ebbaf2,2023-05-20,Tottenham,Brentford,1.0,3.0
ENG-Premier League,2223,ff2b58c3,2023-05-20,Wolves,Everton,1.0,1.0
ENG-Premier League,2223,017addef,2023-05-21,Brighton,Southampton,3.0,1.0
ENG-Premier League,2223,589e447b,2023-05-21,Manchester City,Chelsea,1.0,0.0
ENG-Premier League,2223,0359c7d5,2023-05-21,West Ham,Leeds United,3.0,1.0
ENG-Premier League,2223,807863d8,2023-05-22,Newcastle,Leicester City,0.0,0.0
ENG-Premier League,2223,d4bee10d,2023-05-24,Brighton,Manchester City,1.0,1.0
ENG-Premier League,2223,d2f2263d,2023-05-25,Manchester Utd,Chelsea,4.0,1.0
ENG-Premier League,2223,71d5bd41,2023-05-28,Arsenal,Wolves,5.0,0.0
ENG-Premier League,2223,ac0e65e2,2023-05-28,Aston Villa,Brighton,2.0,1.0
ENG-Premier League,2223,e7e969e9,2023-05-28,Brentford,Manchester City,1.0,0.0
ENG-Premier League,2223,4f7b1a0d,2023-05-28,Chelsea,Newcastle,1.0,1.0
ENG-Premier League,2223,181fd119,2023-05-28,Crystal Palace,Nottingham,1.0,1.0
ENG-Premier League,2223,94de848f,2023-05-28,Everton,Bournemouth,1.0,0.0
ENG-Premier League,2223,c9c73ddd,2023-05-28,Leeds United,Tottenham,1.0,4.0
ENG-Premier League,2223,a96c9915,2023-05-28,Leicester City,West Ham,2.0,1.0
ENG-Premier League,2223,64823dc9,2023-05-28,Manchester Utd,Fulham,2.0,1.0
ENG-Premier League,2223,8e5c6ea7,2023-05-28,Southampton,Liverpool,4.0,4.0
ENG-Premier League,2324,3a6836b4,2023-08-11,Burnley,Manchester City,0.0,3.0
ENG-Premier League,2324,26a7f90c,2023-08-12,Arsenal,Nottingham,2.0,1.0
ENG-Premier League,2324,d6bbf293,2023-08-12,Bournemouth,West Ham,1.0,1.0
ENG-Premier League,2324,56a137f7,2023-08-12,Brighton,Luton Town,4.0,1.0
ENG-Premier League,2324,15addfc7,2023-08-12,Everton,Fulham,0.0,1.0
ENG-Premier League,2324,8ff2f8fe,2023-08-12,Newcastle,Aston Villa,5.0,1.0
ENG-Premier League,2324,55fd92c7,2023-08-12,Sheffield United,Crystal Palace,0.0,1.0
ENG-Premier League,2324,67ed3ba2,2023-08-13,Brentford,Tottenham,2.0,2.0
ENG-Premier League,2324,c18d3207,2023-08-13,Chelsea,Liverpool,1.0,1.0
ENG-Premier League,2324,f1ecda2c,2023-08-14,Manchester Utd,Wolves,1.0,0.0
ENG-Premier League,2324,a0a93f71,2023-08-18,Nottingham,Sheffield United,2.0,1.0
ENG-Premier League,2324,46be83af,2023-08-19,Fulham,Brentford,0.0,3.0
ENG-Premier League,2324,80bebdbb,2023-08-19,Liverpool,Bournemouth,3.0,1.0
ENG-Premier League,2324,0b8f50a5,2023-08-19,Manchester City,Newcastle,1.0,0.0
ENG-Premier League,2324,4bb62251,2023-08-19,Tottenham,Manchester Utd,2.0,0.0
ENG-Premier League,2324,d7c606ec,2023-08-19,Wolves,Brighton,1.0,4.0
ENG-Premier League,2324,959b558d,2023-08-20,Aston Villa,Everton,4.0,0.0
ENG-Premier League,2324,44b9a07c,2023-08-20,West Ham,Chelsea,3.0,1.0
ENG-Premier League,2324,3b5ecd36,2023-08-21,Crystal Palace,Arsenal,0.0,1.0
ENG-Premier League,2324,6bfb9dc0,2023-08-25,Chelsea,Luton Town,3.0,0.0
ENG-Premier League,2324,d8f8f8ad,2023-08-26,Arsenal,Fulham,2.0,2.0
ENG-Premier League,2324,f49c4ad2,2023-08-26,Bournemouth,Tottenham,0.0,2.0
ENG-Premier League,2324,537b2b0b,2023-08-26,Brentford,Crystal Palace,1.0,1.0
ENG-Premier League,2324,ba68d60c,2023-08-26,Brighton,West Ham,1.0,3.0
ENG-Premier League,2324,18dfee28,2023-08-26,Everton,Wolves,0.0,1.0
ENG-Premier League,2324,70d9b1ab,2023-08-26,Manchester Utd,Nottingham,3.0,2.0
ENG-Premier League,2324,b66a7def,2023-08-27,Burnley,Aston Villa,1.0,3.0
ENG-Premier League,2324,b31156ab,2023-08-27,Newcastle,Liverpool,1.0,2.0
ENG-Premier League,2324,0844ff10,2023-08-27,Sheffield United,Manchester City,1.0,2.0
ENG-Premier League,2324,e929e225,2023-09-01,Luton Town,West Ham,1.0,2.0
ENG-Premier League,2324,e2946b10,2023-09-02,Brentford,Bournemouth,2.0,2.0
ENG-Premier League,2324,4f754e0a,2023-09-02,Brighton,Newcastle,3.0,1.0
ENG-Premier League,2324,f1786fb8,2023-09-02,Burnley,Tottenham,2.0,5.0
ENG-Premier League,2324,44e89d37,2023-09-02,Chelsea,Nottingham,0.0,1.0
ENG-Premier League,2324,88066bdf,2023-09-02,Manchester City,Fulham,5.0,1.0
ENG-Premier League,2324,87b46bb9,2023-09-02,Sheffield United,Everton,2.0,2.0
ENG-Premier League,2324,74125d47,2023-09-03,Arsenal,Manchester Utd,3.0,1.0
ENG-Premier League,2324,f9436d32,2023-09-03,Crystal Palace,Wolves,3.0,2.0
ENG-Premier League,2324,bdbc722e,2023-09-03,Liverpool,Aston Villa,3.0,0.0
ENG-Premier League,2324,bc77340e,2023-09-16,Aston Villa,Crystal Palace,3.0,1.0
ENG-Premier League,2324,48b1bdc7,2023-09-16,Fulham,Luton Town,1.0,0.0
ENG-Premier League,2324,ddcf2857,2023-09-16,Manchester Utd,Brighton,1.0,3.0
ENG-Premier League,2324,71b7e5e2,2023-09-16,Newcastle,Brentford,1.0,0.0
ENG-Premier League,2324,e56e96e1,2023-09-16,Tottenham,Sheffield United,2.0,1.0
ENG-Premier League,2324,64c0a6e2,2023-09-16,West Ham,Manchester City,1.0,3.0
ENG-Premier League,2324,38daebd2,2023-09-16,Wolves,Liverpool,1.0,3.0
ENG-Premier League,2324,be0cbf88,2023-09-17,Bournemouth,Chelsea,0.0,0.0
ENG-Premier League,2324,b1278924,2023-09-17,Everton,Arsenal,0.0,1.0
ENG-Premier League,2324,ad7ecfad,2023-09-18,Nottingham,Burnley,1.0,1.0
ENG-Premier League,2324,96681b93,2023-09-23,Brentford,Everton,1.0,3.0
ENG-Premier League,2324,8e26793d,2023-09-23,Burnley,Manchester Utd,0.0,1.0
ENG-Premier League,2324,cf0b2b19,2023-09-23,Crystal Palace,Fulham,0.0,0.0
ENG-Premier League,2324,76a1421e,2023-09-23,Luton Town,Wolves,1.0,1.0
ENG-Premier League,2324,5dc7e234,2023-09-23,Manchester City,Nottingham,2.0,0.0
ENG-Premier League,2324,08947a10,2023-09-24,Arsenal,Tottenham,2.0,2.0
ENG-Premier League,2324,5593f16c,2023-09-24,Brighton,Bournemouth,3.0,1.0
ENG-Premier League,2324,7d2c5e05,2023-09-24,Chelsea,Aston Villa,0.0,1.0
ENG-Premier League,2324,90adf8b3,2023-09-24,Liverpool,West Ham,3.0,1.0
ENG-Premier League,2324,cf4fef85,2023-09-24,Sheffield United,Newcastle,0.0,8.0
ENG-Premier League,2324,2df9a3a1,2023-09-30,Aston Villa,Brighton,6.0,1.0
ENG-Premier League,2324,8de4aca0,2023-09-30,Bournemouth,Arsenal,0.0,4.0
ENG-Premier League,2324,921d5f17,2023-09-30,Everton,Luton Town,1.0,2.0
ENG-Premier League,2324,ef2b7ab9,2023-09-30,Manchester Utd,Crystal Palace,0.0,1.0
ENG-Premier League,2324,a79ff136,2023-09-30,Newcastle,Burnley,2.0,0.0
ENG-Premier League,2324,ec4145b4,2023-09-30,Tottenham,Liverpool,2.0,1.0
ENG-Premier League,2324,b82be6d7,2023-09-30,West Ham,Sheffield United,2.0,0.0
ENG-Premier League,2324,60ce29cd,2023-09-30,Wolves,Manchester City,2.0,1.0
ENG-Premier League,2324,923467c5,2023-10-01,Nottingham,Brentford,1.0,1.0
ENG-Premier League,2324,c9787e60,2023-10-02,Fulham,Chelsea,0.0,2.0
ENG-Premier League,2324,4f7b3f27,2023-10-03,Luton Town,Burnley,1.0,2.0
ENG-Premier League,2324,cfd83ca3,2023-10-07,Burnley,Chelsea,1.0,4.0
ENG-Premier League,2324,1828106c,2023-10-07,Crystal Palace,Nottingham,0.0,0.0
ENG-Premier League,2324,497b9558,2023-10-07,Everton,Bournemouth,3.0,0.0
ENG-Premier League,2324,ffc59ea8,2023-10-07,Fulham,Sheffield United,3.0,1.0
ENG-Premier League,2324,d021f28f,2023-10-07,Luton Town,Tottenham,0.0,1.0
ENG-Premier League,2324,5006142a,2023-10-07,Manchester Utd,Brentford,2.0,1.0
ENG-Premier League,2324,59cd18ae,2023-10-08,Arsenal,Manchester City,1.0,0.0
ENG-Premier League,2324,3b1ec657,2023-10-08,Brighton,Liverpool,2.0,2.0
ENG-Premier League,2324,017c9ca5,2023-10-08,West Ham,Newcastle,2.0,2.0
ENG-Premier League,2324,3292ed35,2023-10-08,Wolves,Aston Villa,1.0,1.0
ENG-Premier League,2324,007b352e,2023-10-21,Bournemouth,Wolves,1.0,2.0
ENG-Premier League,2324,52781f37,2023-10-21,Brentford,Burnley,3.0,0.0
ENG-Premier League,2324,a1c336e2,2023-10-21,Chelsea,Arsenal,2.0,2.0
ENG-Premier League,2324,e747ddb3,2023-10-21,Liverpool,Everton,2.0,0.0
ENG-Premier League,2324,b782a834,2023-10-21,Manchester City,Brighton,2.0,1.0
ENG-Premier League,2324,21625dde,2023-10-21,Newcastle,Crystal Palace,4.0,0.0
ENG-Premier League,2324,d1671efa,2023-10-21,Nottingham,Luton Town,2.0,2.0
ENG-Premier League,2324,d95b42eb,2023-10-21,Sheffield United,Manchester Utd,1.0,2.0
ENG-Premier League,2324,7efcc598,2023-10-22,Aston Villa,West Ham,4.0,1.0
ENG-Premier League,2324,8c6293a3,2023-10-23,Tottenham,Fulham,2.0,0.0
ENG-Premier League,2324,6b0aa474,2023-10-27,Crystal Palace,Tottenham,1.0,2.0
ENG-Premier League,2324,d498f918,2023-10-28,Arsenal,Sheffield United,5.0,0.0
ENG-Premier League,2324,c4c42d3e,2023-10-28,Bournemouth,Burnley,2.0,1.0
ENG-Premier League,2324,91e3b922,2023-10-28,Chelsea,Brentford,0.0,2.0
ENG-Premier League,2324,b84d060a,2023-10-28,Wolves,Newcastle,2.0,2.0
ENG-Premier League,2324,ee677172,2023-10-29,Aston Villa,Luton Town,3.0,1.0
ENG-Premier League,2324,a0c422e9,2023-10-29,Brighton,Fulham,1.0,1.0
ENG-Premier League,2324,79bf0c7f,2023-10-29,Liverpool,Nottingham,3.0,0.0
ENG-Premier League,2324,f6bfec82,2023-10-29,Manchester Utd,Manchester City,0.0,3.0
ENG-Premier League,2324,868a89be,2023-10-29,West Ham,Everton,0.0,1.0
ENG-Premier League,2324,3235dd6e,2023-11-04,Brentford,West Ham,3.0,2.0
ENG-Premier League,2324,8797f9a9,2023-11-04,Burnley,Crystal Palace,0.0,2.0
ENG-Premier League,2324,6ecb53ac,2023-11-04,Everton,Brighton,1.0,1.0
ENG-Premier League,2324,31273be0,2023-11-04,Fulham,Manchester Utd,0.0,1.0
ENG-Premier League,2324,e75a870b,2023-11-04,Manchester City,Bournemouth,6.0,1.0
ENG-Premier League,2324,6096abaa,2023-11-04,Newcastle,Arsenal,1.0,0.0
ENG-Premier League,2324,e841bbac,2023-11-04,Sheffield United,Wolves,2.0,1.0
ENG-Premier League,2324,a62b97ba,2023-11-05,Luton Town,Liverpool,1.0,1.0
ENG-Premier League,2324,ac18f108,2023-11-05,Nottingham,Aston Villa,2.0,0.0
ENG-Premier League,2324,478e4eb3,2023-11-06,Tottenham,Chelsea,1.0,4.0
ENG-Premier League,2324,2cb4e4dc,2023-11-11,Arsenal,Burnley,3.0,1.0
ENG-Premier League,2324,641024cf,2023-11-11,Bournemouth,Newcastle,2.0,0.0
ENG-Premier League,2324,a4795b68,2023-11-11,Crystal Palace,Everton,2.0,3.0
ENG-Premier League,2324,4b9f3f25,2023-11-11,Manchester Utd,Luton Town,1.0,0.0
ENG-Premier League,2324,1634f066,2023-11-11,Wolves,Tottenham,2.0,1.0
ENG-Premier League,2324,d6a70a44,2023-11-12,Aston Villa,Fulham,3.0,1.0
ENG-Premier League,2324,ebf41e41,2023-11-12,Brighton,Sheffield United,1.0,1.0
ENG-Premier League,2324,53bb8f30,2023-11-12,Chelsea,Manchester City,4.0,4.0
ENG-Premier League,2324,996ee990,2023-11-12,Liverpool,Brentford,3.0,0.0
ENG-Premier League,2324,76b8e568,2023-11-12,West Ham,Nottingham,3.0,2.0
ENG-Premier League,2324,626c6561,2023-11-25,Brentford,Arsenal,0.0,1.0
ENG-Premier League,2324,36a64522,2023-11-25,Burnley,West Ham,1.0,2.0
ENG-Premier League,2324,f4805536,2023-11-25,Luton Town,Crystal Palace,2.0,1.0
ENG-Premier League,2324,5d4a5006,2023-11-25,Manchester City,Liverpool,1.0,1.0
ENG-Premier League,2324,8c8f48f4,2023-11-25,Newcastle,Chelsea,4.0,1.0
ENG-Premier League,2324,36be5cee,2023-11-25,Nottingham,Brighton,2.0,3.0
ENG-Premier League,2324,799a2c04,2023-11-25,Sheffield United,Bournemouth,1.0,3.0
ENG-Premier League,2324,f82a83dd,2023-11-26,Everton,Manchester Utd,0.0,3.0
ENG-Premier League,2324,83db7754,2023-11-26,Tottenham,Aston Villa,1.0,2.0
ENG-Premier League,2324,b19cc422,2023-11-27,Fulham,Wolves,3.0,2.0
ENG-Premier League,2324,6e65df8e,2023-12-02,Arsenal,Wolves,2.0,1.0
ENG-Premier League,2324,0f71f535,2023-12-02,Brentford,Luton Town,3.0,1.0
ENG-Premier League,2324,e2c53b0a,2023-12-02,Burnley,Sheffield United,5.0,0.0
ENG-Premier League,2324,66a1f3ac,2023-12-02,Newcastle,Manchester Utd,1.0,0.0
ENG-Premier League,2324,0486198b,2023-12-02,Nottingham,Everton,0.0,1.0
ENG-Premier League,2324,19533403,2023-12-03,Bournemouth,Aston Villa,2.0,2.0
ENG-Premier League,2324,86b7d24f,2023-12-03,Chelsea,Brighton,3.0,2.0
ENG-Premier League,2324,4b7e6f44,2023-12-03,Liverpool,Fulham,4.0,3.0
ENG-Premier League,2324,0e39f016,2023-12-03,Manchester City,Tottenham,3.0,3.0
ENG-Premier League,2324,f7fb8049,2023-12-03,West Ham,Crystal Palace,1.0,1.0
ENG-Premier League,2324,dd3a5afc,2023-12-05,Luton Town,Arsenal,3.0,4.0
ENG-Premier League,2324,a52ffb27,2023-12-05,Wolves,Burnley,1.0,0.0
ENG-Premier League,2324,0ad90506,2023-12-06,Aston Villa,Manchester City,1.0,0.0
ENG-Premier League,2324,75d21da8,2023-12-06,Brighton,Brentford,2.0,1.0
ENG-Premier League,2324,09909bf8,2023-12-06,Crystal Palace,Bournemouth,0.0,2.0
ENG-Premier League,2324,fd5606da,2023-12-06,Fulham,Nottingham,5.0,0.0
ENG-Premier League,2324,49f486f6,2023-12-06,Manchester Utd,Chelsea,2.0,1.0
ENG-Premier League,2324,01aca132,2023-12-06,Sheffield United,Liverpool,0.0,2.0
ENG-Premier League,2324,2fe9d766,2023-12-07,Everton,Newcastle,3.0,0.0
ENG-Premier League,2324,200af033,2023-12-07,Tottenham,West Ham,1.0,2.0
ENG-Premier League,2324,8cf29e50,2023-12-09,Aston Villa,Arsenal,1.0,0.0
ENG-Premier League,2324,ab18fa97,2023-12-09,Brighton,Burnley,1.0,1.0
ENG-Premier League,2324,a1b18af3,2023-12-09,Crystal Palace,Liverpool,1.0,2.0
ENG-Premier League,2324,0760a568,2023-12-09,Manchester Utd,Bournemouth,0.0,3.0
ENG-Premier League,2324,e268f518,2023-12-09,Sheffield United,Brentford,1.0,0.0
ENG-Premier League,2324,8c8fdba5,2023-12-09,Wolves,Nottingham,1.0,1.0
ENG-Premier League,2324,953b5f9b,2023-12-10,Everton,Chelsea,2.0,0.0
ENG-Premier League,2324,d3dd23fb,2023-12-10,Fulham,West Ham,5.0,0.0
ENG-Premier League,2324,f6155857,2023-12-10,Luton Town,Manchester City,1.0,2.0
ENG-Premier League,2324,be6d1aac,2023-12-10,Tottenham,Newcastle,4.0,1.0
ENG-Premier League,2324,4d9f1a71,2023-12-15,Nottingham,Tottenham,0.0,2.0
ENG-Premier League,2324,01904d1d,2023-12-16,Burnley,Everton,0.0,2.0
ENG-Premier League,2324,3bbbaf15,2023-12-16,Chelsea,Sheffield United,2.0,0.0
ENG-Premier League,2324,30f3e1ee,2023-12-16,Manchester City,Crystal Palace,2.0,2.0
ENG-Premier League,2324,5db0f25b,2023-12-16,Newcastle,Fulham,3.0,0.0
ENG-Premier League,2324,e3a46a4e,2023-12-17,Arsenal,Brighton,2.0,0.0
ENG-Premier League,2324,4a3af0ab,2023-12-17,Brentford,Aston Villa,1.0,2.0
ENG-Premier League,2324,18e98d77,2023-12-17,Liverpool,Manchester Utd,0.0,0.0
ENG-Premier League,2324,5f5bc7b3,2023-12-17,West Ham,Wolves,3.0,0.0
ENG-Premier League,2324,7340be7a,2023-12-21,Crystal Palace,Brighton,1.0,1.0
ENG-Premier League,2324,37916998,2023-12-22,Aston Villa,Sheffield United,1.0,1.0
ENG-Premier League,2324,7dd3c51a,2023-12-23,Fulham,Burnley,0.0,2.0
ENG-Premier League,2324,bfbfbbe8,2023-12-23,Liverpool,Arsenal,1.0,1.0
ENG-Premier League,2324,46bfb645,2023-12-23,Luton Town,Newcastle,1.0,0.0
ENG-Premier League,2324,c5548935,2023-12-23,Nottingham,Bournemouth,2.0,3.0
ENG-Premier League,2324,849071fe,2023-12-23,Tottenham,Everton,2.0,1.0
ENG-Premier League,2324,328777ed,2023-12-23,West Ham,Manchester Utd,2.0,0.0
ENG-Premier League,2324,8c0b314c,2023-12-24,Wolves,Chelsea,2.0,1.0
ENG-Premier League,2324,331c942d,2023-12-26,Bournemouth,Fulham,3.0,0.0
ENG-Premier League,2324,c0904954,2023-12-26,Burnley,Liverpool,0.0,2.0
ENG-Premier League,2324,83709fdf,2023-12-26,Manchester Utd,Aston Villa,3.0,2.0
ENG-Premier League,2324,f22a20f0,2023-12-26,Newcastle,Nottingham,1.0,3.0
ENG-Premier League,2324,6269b2e3,2023-12-26,Sheffield United,Luton Town,2.0,3.0
ENG-Premier League,2324,ea28d527,2023-12-27,Brentford,Wolves,1.0,4.0
ENG-Premier League,2324,2bfb6552,2023-12-27,Chelsea,Crystal Palace,2.0,1.0
ENG-Premier League,2324,b9f69f01,2023-12-27,Everton,Manchester City,1.0,3.0
ENG-Premier League,2324,ba570015,2023-12-28,Arsenal,West Ham,0.0,2.0
ENG-Premier League,2324,3e2e9248,2023-12-28,Brighton,Tottenham,4.0,2.0
ENG-Premier League,2324,2828c5bc,2023-12-30,Aston Villa,Burnley,3.0,2.0
ENG-Premier League,2324,e9d5dd9b,2023-12-30,Crystal Palace,Brentford,3.0,1.0
ENG-Premier League,2324,8e04572c,2023-12-30,Luton Town,Chelsea,2.0,3.0
ENG-Premier League,2324,aefd7405,2023-12-30,Manchester City,Sheffield United,2.0,0.0
ENG-Premier League,2324,1aa68cba,2023-12-30,Nottingham,Manchester Utd,2.0,1.0
ENG-Premier League,2324,7dfc59ca,2023-12-30,Wolves,Everton,3.0,0.0
ENG-Premier League,2324,6c1b6ffc,2023-12-31,Fulham,Arsenal,2.0,1.0
ENG-Premier League,2324,3ab71352,2023-12-31,Tottenham,Bournemouth,3.0,1.0
ENG-Premier League,2324,107b2d79,2024-01-01,Liverpool,Newcastle,4.0,2.0
ENG-Premier League,2324,d557afd0,2024-01-02,West Ham,Brighton,0.0,0.0
ENG-Premier League,2324,d62dd931,2024-01-12,Burnley,Luton Town,1.0,1.0
ENG-Premier League,2324,dd052c34,2024-01-13,Chelsea,Fulham,1.0,0.0
ENG-Premier League,2324,738f8c3e,2024-01-13,Newcastle,Manchester City,2.0,3.0
ENG-Premier League,2324,1628c63e,2024-01-14,Everton,Aston Villa,0.0,0.0
ENG-Premier League,2324,904ed2f9,2024-01-14,Manchester Utd,Tottenham,2.0,2.0
ENG-Premier League,2324,006fb5b5,2024-01-20,Arsenal,Crystal Palace,5.0,0.0
ENG-Premier League,2324,e0a9c631,2024-01-20,Brentford,Nottingham,3.0,2.0
ENG-Premier League,2324,9a03e25c,2024-01-21,Bournemouth,Liverpool,0.0,4.0
ENG-Premier League,2324,abd525b4,2024-01-21,Sheffield United,West Ham,2.0,2.0
ENG-Premier League,2324,35fb5bc2,2024-01-22,Brighton,Wolves,0.0,0.0
ENG-Premier League,2324,d8679e54,2024-01-30,Aston Villa,Newcastle,1.0,3.0
ENG-Premier League,2324,9f51ce03,2024-01-30,Crystal Palace,Sheffield United,3.0,2.0
ENG-Premier League,2324,17d24e01,2024-01-30,Fulham,Everton,0.0,0.0
ENG-Premier League,2324,381f12be,2024-01-30,Luton Town,Brighton,4.0,0.0
ENG-Premier League,2324,20a16b44,2024-01-30,Nottingham,Arsenal,1.0,2.0
ENG-Premier League,2324,1836d9bd,2024-01-31,Liverpool,Chelsea,4.0,1.0
ENG-Premier League,2324,d10aaae8,2024-01-31,Manchester City,Burnley,3.0,1.0
ENG-Premier League,2324,79ffec97,2024-01-31,Tottenham,Brentford,3.0,2.0
ENG-Premier League,2324,16dc9951,2024-02-01,West Ham,Bournemouth,1.0,1.0
ENG-Premier League,2324,457203bc,2024-02-01,Wolves,Manchester Utd,3.0,4.0
ENG-Premier League,2324,689d15cf,2024-02-03,Brighton,Crystal Palace,4.0,1.0
ENG-Premier League,2324,a2436e30,2024-02-03,Burnley,Fulham,2.0,2.0
ENG-Premier League,2324,fd68d50e,2024-02-03,Everton,Tottenham,2.0,2.0
ENG-Premier League,2324,67cb7a4e,2024-02-03,Newcastle,Luton Town,4.0,4.0
ENG-Premier League,2324,b3e195c5,2024-02-03,Sheffield United,Aston Villa,0.0,5.0
ENG-Premier League,2324,99020abf,2024-02-04,Arsenal,Liverpool,3.0,1.0
ENG-Premier League,2324,29948898,2024-02-04,Bournemouth,Nottingham,1.0,1.0
ENG-Premier League,2324,dfde4bd7,2024-02-04,Chelsea,Wolves,2.0,4.0
ENG-Premier League,2324,dc1428be,2024-02-04,Manchester Utd,West Ham,3.0,0.0
ENG-Premier League,2324,2b3630b6,2024-02-05,Brentford,Manchester City,1.0,3.0
ENG-Premier League,2324,bf9e0d20,2024-02-10,Fulham,Bournemouth,3.0,1.0
ENG-Premier League,2324,29e4d6ac,2024-02-10,Liverpool,Burnley,3.0,1.0
ENG-Premier League,2324,1a4e7d02,2024-02-10,Luton Town,Sheffield United,1.0,3.0
ENG-Premier League,2324,00ea7906,2024-02-10,Manchester City,Everton,2.0,0.0
ENG-Premier League,2324,1c53666a,2024-02-10,Nottingham,Newcastle,2.0,3.0
ENG-Premier League,2324,c0dfccdf,2024-02-10,Tottenham,Brighton,2.0,1.0
ENG-Premier League,2324,922cd256,2024-02-10,Wolves,Brentford,0.0,2.0
ENG-Premier League,2324,fd36479b,2024-02-11,Aston Villa,Manchester Utd,1.0,2.0
ENG-Premier League,2324,a1da23dc,2024-02-11,West Ham,Arsenal,0.0,6.0
ENG-Premier League,2324,1206b952,2024-02-12,Crystal Palace,Chelsea,1.0,3.0
ENG-Premier League,2324,ca1e26a0,2024-02-17,Brentford,Liverpool,1.0,4.0
ENG-Premier League,2324,59631171,2024-02-17,Burnley,Arsenal,0.0,5.0
ENG-Premier League,2324,796ff9f0,2024-02-17,Fulham,Aston Villa,1.0,2.0
ENG-Premier League,2324,78fb7fc2,2024-02-17,Manchester City,Chelsea,1.0,1.0
ENG-Premier League,2324,083c4444,2024-02-17,Newcastle,Bournemouth,2.0,2.0
ENG-Premier League,2324,d657db47,2024-02-17,Nottingham,West Ham,2.0,0.0
ENG-Premier League,2324,30193251,2024-02-17,Tottenham,Wolves,1.0,2.0
ENG-Premier League,2324,49523b04,2024-02-18,Luton Town,Manchester Utd,1.0,2.0
ENG-Premier League,2324,811fa03f,2024-02-18,Sheffield United,Brighton,0.0,5.0
ENG-Premier League,2324,573f2f77,2024-02-19,Everton,Crystal Palace,1.0,1.0
ENG-Premier League,2324,af88a1aa,2024-02-20,Manchester City,Brentford,1.0,0.0
ENG-Premier League,2324,58636a1e,2024-02-21,Liverpool,Luton Town,4.0,1.0
ENG-Premier League,2324,8f922133,2024-02-24,Arsenal,Newcastle,4.0,1.0
ENG-Premier League,2324,f61fbe36,2024-02-24,Aston Villa,Nottingham,4.0,2.0
ENG-Premier League,2324,f6d6a212,2024-02-24,Bournemouth,Manchester City,0.0,1.0
ENG-Premier League,2324,eb7c6993,2024-02-24,Brighton,Everton,1.0,1.0
ENG-Premier League,2324,89cd2d5e,2024-02-24,Crystal Palace,Burnley,3.0,0.0
ENG-Premier League,2324,45f67948,2024-02-24,Manchester Utd,Fulham,1.0,2.0
ENG-Premier League,2324,ada09dda,2024-02-25,Wolves,Sheffield United,1.0,0.0
ENG-Premier League,2324,15a04102,2024-02-26,West Ham,Brentford,4.0,2.0
ENG-Premier League,2324,ba1992b0,2024-03-02,Brentford,Chelsea,2.0,2.0
ENG-Premier League,2324,e9183936,2024-03-02,Everton,West Ham,1.0,3.0
ENG-Premier League,2324,20278247,2024-03-02,Fulham,Brighton,3.0,0.0
ENG-Premier League,2324,59f4adc0,2024-03-02,Luton Town,Aston Villa,2.0,3.0
ENG-Premier League,2324,bbae8356,2024-03-02,Newcastle,Wolves,3.0,0.0
ENG-Premier League,2324,d1a00cf0,2024-03-02,Nottingham,Liverpool,0.0,1.0
ENG-Premier League,2324,8812bfd9,2024-03-02,Tottenham,Crystal Palace,3.0,1.0
ENG-Premier League,2324,f7674d8b,2024-03-03,Burnley,Bournemouth,0.0,2.0
ENG-Premier League,2324,615eff06,2024-03-03,Manchester City,Manchester Utd,3.0,1.0
ENG-Premier League,2324,2eca8900,2024-03-04,Sheffield United,Arsenal,0.0,6.0
ENG-Premier League,2324,0e9002ec,2024-03-09,Arsenal,Brentford,2.0,1.0
ENG-Premier League,2324,81b6715a,2024-03-09,Bournemouth,Sheffield United,2.0,2.0
ENG-Premier League,2324,fd693c8e,2024-03-09,Crystal Palace,Luton Town,1.0,1.0
ENG-Premier League,2324,fede7f6e,2024-03-09,Manchester Utd,Everton,2.0,0.0
ENG-Premier League,2324,b606cbde,2024-03-09,Wolves,Fulham,2.0,1.0
ENG-Premier League,2324,a32a7069,2024-03-10,Aston Villa,Tottenham,0.0,4.0
ENG-Premier League,2324,f17d9ccd,2024-03-10,Brighton,Nottingham,1.0,0.0
ENG-Premier League,2324,96da3e29,2024-03-10,Liverpool,Manchester City,1.0,1.0
ENG-Premier League,2324,9ef133d6,2024-03-10,West Ham,Burnley,2.0,2.0
ENG-Premier League,2324,d4b4c06f,2024-03-11,Chelsea,Newcastle,3.0,2.0
ENG-Premier League,2324,a32a8157,2024-03-13,Bournemouth,Luton Town,4.0,3.0
ENG-Premier League,2324,b280b66a,2024-03-16,Burnley,Brentford,2.0,1.0
ENG-Premier League,2324,8a009cc4,2024-03-16,Fulham,Tottenham,3.0,0.0
ENG-Premier League,2324,76d09384,2024-03-16,Luton Town,Nottingham,1.0,1.0
ENG-Premier League,2324,fc356c59,2024-03-17,West Ham,Aston Villa,1.0,1.0
ENG-Premier League,2324,5f218b76,2024-03-30,Aston Villa,Wolves,2.0,0.0
ENG-Premier League,2324,0eaaf0ab,2024-03-30,Bournemouth,Everton,2.0,1.0
ENG-Premier League,2324,43a07892,2024-03-30,Brentford,Manchester Utd,1.0,1.0
ENG-Premier League,2324,e68ec2a9,2024-03-30,Chelsea,Burnley,2.0,2.0
ENG-Premier League,2324,10600f89,2024-03-30,Newcastle,West Ham,4.0,3.0
ENG-Premier League,2324,791fc95a,2024-03-30,Nottingham,Crystal Palace,1.0,1.0
ENG-Premier League,2324,ad4a1302,2024-03-30,Sheffield United,Fulham,3.0,3.0
ENG-Premier League,2324,6397e2af,2024-03-30,Tottenham,Luton Town,2.0,1.0
ENG-Premier League,2324,b763b73e,2024-03-31,Liverpool,Brighton,2.0,1.0
ENG-Premier League,2324,76b4b194,2024-03-31,Manchester City,Arsenal,0.0,0.0
ENG-Premier League,2324,1ef36f8d,2024-04-02,Bournemouth,Crystal Palace,1.0,0.0
ENG-Premier League,2324,feadec6f,2024-04-02,Burnley,Wolves,1.0,1.0
ENG-Premier League,2324,52846bc3,2024-04-02,Newcastle,Everton,1.0,1.0
ENG-Premier League,2324,55996670,2024-04-02,Nottingham,Fulham,3.0,1.0
ENG-Premier League,2324,2600ff86,2024-04-02,West Ham,Tottenham,1.0,1.0
ENG-Premier League,2324,77d7e2d6,2024-04-03,Arsenal,Luton Town,2.0,0.0
ENG-Premier League,2324,8ec55f05,2024-04-03,Brentford,Brighton,0.0,0.0
ENG-Premier League,2324,ae3ba8e8,2024-04-03,Manchester City,Aston Villa,4.0,1.0
ENG-Premier League,2324,c6079c2f,2024-04-04,Chelsea,Manchester Utd,4.0,3.0
ENG-Premier League,2324,1f5973e2,2024-04-04,Liverpool,Sheffield United,3.0,1.0
ENG-Premier League,2324,e8f307a3,2024-04-06,Aston Villa,Brentford,3.0,3.0
ENG-Premier League,2324,2047cc32,2024-04-06,Brighton,Arsenal,0.0,3.0
ENG-Premier League,2324,fca82852,2024-04-06,Crystal Palace,Manchester City,2.0,4.0
ENG-Premier League,2324,cc7efb48,2024-04-06,Everton,Burnley,1.0,0.0
ENG-Premier League,2324,a9d2819f,2024-04-06,Fulham,Newcastle,0.0,1.0
ENG-Premier League,2324,08114c35,2024-04-06,Luton Town,Bournemouth,2.0,1.0
ENG-Premier League,2324,4f0b227b,2024-04-06,Wolves,West Ham,1.0,2.0
ENG-Premier League,2324,d57ffe1a,2024-04-07,Manchester Utd,Liverpool,2.0,2.0
ENG-Premier League,2324,d3850c26,2024-04-07,Sheffield United,Chelsea,2.0,2.0
ENG-Premier League,2324,7598049f,2024-04-07,Tottenham,Nottingham,3.0,1.0
ENG-Premier League,2324,32a8be36,2024-04-13,Bournemouth,Manchester Utd,2.0,2.0
ENG-Premier League,2324,4a4d2976,2024-04-13,Brentford,Sheffield United,2.0,0.0
ENG-Premier League,2324,c9ab1f95,2024-04-13,Burnley,Brighton,1.0,1.0
ENG-Premier League,2324,40128bc4,2024-04-13,Manchester City,Luton Town,5.0,1.0
ENG-Premier League,2324,50db3243,2024-04-13,Newcastle,Tottenham,4.0,0.0
ENG-Premier League,2324,4460b6c5,2024-04-13,Nottingham,Wolves,2.0,2.0
ENG-Premier League,2324,c1739ced,2024-04-14,Arsenal,Aston Villa,0.0,2.0
ENG-Premier League,2324,99113ef3,2024-04-14,Liverpool,Crystal Palace,0.0,1.0
ENG-Premier League,2324,bd62891f,2024-04-14,West Ham,Fulham,0.0,2.0
ENG-Premier League,2324,1a41ac25,2024-04-15,Chelsea,Everton,6.0,0.0
ENG-Premier League,2324,c98abeb4,2024-04-20,Luton Town,Brentford,1.0,5.0
ENG-Premier League,2324,ee8223ec,2024-04-20,Sheffield United,Burnley,1.0,4.0
ENG-Premier League,2324,22881ea2,2024-04-20,Wolves,Arsenal,0.0,2.0
ENG-Premier League,2324,6236de96,2024-04-21,Aston Villa,Bournemouth,3.0,1.0
ENG-Premier League,2324,6ef6966a,2024-04-21,Crystal Palace,West Ham,5.0,2.0
ENG-Premier League,2324,3025d010,2024-04-21,Everton,Nottingham,2.0,0.0
ENG-Premier League,2324,9dcb5084,2024-04-21,Fulham,Liverpool,1.0,3.0
ENG-Premier League,2324,3435dfcc,2024-04-23,Arsenal,Chelsea,5.0,0.0
ENG-Premier League,2324,ee21eba2,2024-04-24,Crystal Palace,Newcastle,2.0,0.0
ENG-Premier League,2324,971e0a29,2024-04-24,Everton,Liverpool,2.0,0.0
ENG-Premier League,2324,70770e72,2024-04-24,Manchester Utd,Sheffield United,4.0,2.0
ENG-Premier League,2324,2e209def,2024-04-24,Wolves,Bournemouth,0.0,1.0
ENG-Premier League,2324,45bb8cac,2024-04-25,Brighton,Manchester City,0.0,4.0
ENG-Premier League,2324,a88dc35f,2024-04-27,Aston Villa,Chelsea,2.0,2.0
ENG-Premier League,2324,c813a2ae,2024-04-27,Everton,Brentford,1.0,0.0
ENG-Premier League,2324,9fe4ec6e,2024-04-27,Fulham,Crystal Palace,1.0,1.0
ENG-Premier League,2324,e8eb637d,2024-04-27,Manchester Utd,Burnley,1.0,1.0
ENG-Premier League,2324,e92d40be,2024-04-27,Newcastle,Sheffield United,5.0,1.0
ENG-Premier League,2324,ba04d7d8,2024-04-27,West Ham,Liverpool,2.0,2.0
ENG-Premier League,2324,55d68500,2024-04-27,Wolves,Luton Town,2.0,1.0
ENG-Premier League,2324,fa3c7491,2024-04-28,Bournemouth,Brighton,3.0,0.0
ENG-Premier League,2324,80bbb25e,2024-04-28,Nottingham,Manchester City,0.0,2.0
ENG-Premier League,2324,d98c9a99,2024-04-28,Tottenham,Arsenal,2.0,3.0
ENG-Premier League,2324,6b489131,2024-05-02,Chelsea,Tottenham,2.0,0.0
ENG-Premier League,2324,76d10c7d,2024-05-03,Luton Town,Everton,1.0,1.0
ENG-Premier League,2324,00bcfc31,2024-05-04,Arsenal,Bournemouth,3.0,0.0
ENG-Premier League,2324,a388fc69,2024-05-04,Brentford,Fulham,0.0,0.0
ENG-Premier League,2324,070bf86d,2024-05-04,Burnley,Newcastle,1.0,4.0
ENG-Premier League,2324,5a9032bf,2024-05-04,Manchester City,Wolves,5.0,1.0
ENG-Premier League,2324,91a2da3b,2024-05-04,Sheffield United,Nottingham,1.0,3.0
ENG-Premier League,2324,5d5f6155,2024-05-05,Brighton,Aston Villa,1.0,0.0
ENG-Premier League,2324,f8a0189a,2024-05-05,Chelsea,West Ham,5.0,0.0
ENG-Premier League,2324,08341569,2024-05-05,Liverpool,Tottenham,4.0,2.0
ENG-Premier League,2324,8c4bf9e7,2024-05-06,Crystal Palace,Manchester Utd,4.0,0.0
ENG-Premier League,2324,e7b6ebb6,2024-05-11,Bournemouth,Brentford,1.0,2.0
ENG-Premier League,2324,482e6ce4,2024-05-11,Everton,Sheffield United,1.0,0.0
ENG-Premier League,2324,4e211d29,2024-05-11,Fulham,Manchester City,0.0,4.0
ENG-Premier League,2324,6dbd7d72,2024-05-11,Newcastle,Brighton,1.0,1.0
ENG-Premier League,2324,384547b8,2024-05-11,Nottingham,Chelsea,2.0,3.0
ENG-Premier League,2324,45c36efd,2024-05-11,Tottenham,Burnley,2.0,1.0
ENG-Premier League,2324,17e9dbbf,2024-05-11,West Ham,Luton Town,3.0,1.0
ENG-Premier League,2324,16d5b6aa,2024-05-11,Wolves,Crystal Palace,1.0,3.0
ENG-Premier League,2324,ab9827f2,2024-05-12,Manchester Utd,Arsenal,0.0,1.0
ENG-Premier League,2324,72c0709d,2024-05-13,Aston Villa,Liverpool,3.0,3.0
ENG-Premier League,2324,2ba17e6d,2024-05-14,Tottenham,Manchester City,0.0,2.0
ENG-Premier League,2324,b42b7907,2024-05-15,Brighton,Chelsea,1.0,2.0
ENG-Premier League,2324,e43e8597,2024-05-15,Manchester Utd,Newcastle,3.0,2.0
ENG-Premier League,2324,3e33bd98,2024-05-19,Arsenal,Everton,2.0,1.0
ENG-Premier League,2324,546e1a3d,2024-05-19,Brentford,Newcastle,2.0,4.0
ENG-Premier League,2324,47ecdc19,2024-05-19,Brighton,Manchester Utd,0.0,2.0
ENG-Premier League,2324,dafb05fe,2024-05-19,Burnley,Nottingham,1.0,2.0
ENG-Premier League,2324,7c034003,2024-05-19,Chelsea,Bournemouth,2.0,1.0
ENG-Premier League,2324,c975c7a6,2024-05-19,Crystal Palace,Aston Villa,5.0,0.0
ENG-Premier League,2324,d4823ed5,2024-05-19,Liverpool,Wolves,2.0,0.0
ENG-Premier League,2324,0fde9d70,2024-05-19,Luton Town,Fulham,2.0,4.0
ENG-Premier League,2324,29335211,2024-05-19,Manchester City,West Ham,3.0,1.0
ENG-Premier League,2324,273a89b4,2024-05-19,Sheffield United,Tottenham,0.0,3.0
ENG-Premier League,2425,cc5b4244,2024-08-16,Manchester Utd,Fulham,1.0,0.0
ENG-Premier League,2425,c0e3342a,2024-08-17,Arsenal,Wolves,2.0,0.0
ENG-Premier League,2425,71618ace,2024-08-17,Everton,Brighton,0.0,3.0
ENG-Premier League,2425,a1d0d529,2024-08-17,Ipswich Town,Liverpool,0.0,2.0
ENG-Premier League,2425,34557647,2024-08-17,Newcastle,Southampton,1.0,0.0
ENG-Premier League,2425,4efc72e4,2024-08-17,Nottingham,Bournemouth,1.0,1.0
ENG-Premier League,2425,eac7c00b,2024-08-17,West Ham,Aston Villa,1.0,2.0
ENG-Premier League,2425,b63822b9,2024-08-18,Brentford,Crystal Palace,2.0,1.0
ENG-Premier League,2425,67a0c715,2024-08-18,Chelsea,Manchester City,0.0,2.0
ENG-Premier League,2425,62eea1d6,2024-08-19,Leicester City,Tottenham,1.0,1.0
ENG-Premier League,2425,4692171a,2024-08-24,Aston Villa,Arsenal,0.0,2.0
ENG-Premier League,2425,fc8ab8b2,2024-08-24,Brighton,Manchester Utd,2.0,1.0
ENG-Premier League,2425,540cfb68,2024-08-24,Crystal Palace,West Ham,0.0,2.0
ENG-Premier League,2425,4d0079fb,2024-08-24,Fulham,Leicester City,2.0,1.0
ENG-Premier League,2425,a24b7a43,2024-08-24,Manchester City,Ipswich Town,4.0,1.0
ENG-Premier League,2425,a641f3a0,2024-08-24,Southampton,Nottingham,0.0,1.0
ENG-Premier League,2425,1eef1717,2024-08-24,Tottenham,Everton,4.0,0.0
ENG-Premier League,2425,1934f267,2024-08-25,Bournemouth,Newcastle,1.0,1.0
ENG-Premier League,2425,09b1742e,2024-08-25,Liverpool,Brentford,2.0,0.0
ENG-Premier League,2425,e76c15c9,2024-08-25,Wolves,Chelsea,2.0,6.0
ENG-Premier League,2425,a843d023,2024-08-31,Arsenal,Brighton,1.0,1.0
ENG-Premier League,2425,fec3438b,2024-08-31,Brentford,Southampton,3.0,1.0
ENG-Premier League,2425,58bbe046,2024-08-31,Everton,Bournemouth,2.0,3.0
ENG-Premier League,2425,cec85838,2024-08-31,Ipswich Town,Fulham,1.0,1.0
ENG-Premier League,2425,5af68b76,2024-08-31,Leicester City,Aston Villa,1.0,2.0
ENG-Premier League,2425,837f0304,2024-08-31,Nottingham,Wolves,1.0,1.0
ENG-Premier League,2425,97ce60d4,2024-08-31,West Ham,Manchester City,1.0,3.0
ENG-Premier League,2425,3387c2c8,2024-09-01,Chelsea,Crystal Palace,1.0,1.0
ENG-Premier League,2425,a7ab7a12,2024-09-01,Manchester Utd,Liverpool,0.0,3.0
ENG-Premier League,2425,0c994746,2024-09-01,Newcastle,Tottenham,2.0,1.0
ENG-Premier League,2425,cdb4c33b,2024-09-14,Aston Villa,Everton,3.0,2.0
ENG-Premier League,2425,456b4762,2024-09-14,Bournemouth,Chelsea,0.0,1.0
ENG-Premier League,2425,2ffa4354,2024-09-14,Brighton,Ipswich Town,0.0,0.0
ENG-Premier League,2425,430cce12,2024-09-14,Crystal Palace,Leicester City,2.0,2.0
ENG-Premier League,2425,fa2b1777,2024-09-14,Fulham,West Ham,1.0,1.0
ENG-Premier League,2425,674bfe9e,2024-09-14,Liverpool,Nottingham,0.0,1.0
ENG-Premier League,2425,54405f8a,2024-09-14,Manchester City,Brentford,2.0,1.0
ENG-Premier League,2425,b96c3759,2024-09-14,Southampton,Manchester Utd,0.0,3.0
ENG-Premier League,2425,17774a57,2024-09-15,Tottenham,Arsenal,0.0,1.0
ENG-Premier League,2425,4b01981e,2024-09-15,Wolves,Newcastle,1.0,2.0
ENG-Premier League,2425,e2b62260,2024-09-21,Aston Villa,Wolves,3.0,1.0
ENG-Premier League,2425,929e225f,2024-09-21,Crystal Palace,Manchester Utd,0.0,0.0
ENG-Premier League,2425,de7298df,2024-09-21,Fulham,Newcastle,3.0,1.0
ENG-Premier League,2425,4e6e1cc7,2024-09-21,Leicester City,Everton,1.0,1.0
ENG-Premier League,2425,32a9539b,2024-09-21,Liverpool,Bournemouth,3.0,0.0
ENG-Premier League,2425,948d52cc,2024-09-21,Southampton,Ipswich Town,1.0,1.0
ENG-Premier League,2425,9511708f,2024-09-21,Tottenham,Brentford,3.0,1.0
ENG-Premier League,2425,ce0fb1f5,2024-09-21,West Ham,Chelsea,0.0,3.0
ENG-Premier League,2425,d701a1df,2024-09-22,Brighton,Nottingham,2.0,2.0
ENG-Premier League,2425,d7538020,2024-09-22,Manchester City,Arsenal,2.0,2.0
ENG-Premier League,2425,2ee60ac7,2024-09-28,Arsenal,Leicester City,4.0,2.0
ENG-Premier League,2425,9c4f2bcd,2024-09-28,Brentford,West Ham,1.0,1.0
ENG-Premier League,2425,1714cebe,2024-09-28,Chelsea,Brighton,4.0,2.0
ENG-Premier League,2425,d47382cd,2024-09-28,Everton,Crystal Palace,2.0,1.0
ENG-Premier League,2425,b4df0bca,2024-09-28,Newcastle,Manchester City,1.0,1.0
ENG-Premier League,2425,ee7d3371,2024-09-28,Nottingham,Fulham,0.0,1.0
ENG-Premier League,2425,f2633f1d,2024-09-28,Wolves,Liverpool,1.0,2.0
ENG-Premier League,2425,ef742b9c,2024-09-29,Ipswich Town,Aston Villa,2.0,2.0
ENG-Premier League,2425,c4b97377,2024-09-29,Manchester Utd,Tottenham,0.0,3.0
ENG-Premier League,2425,04d2cc03,2024-09-30,Bournemouth,Southampton,3.0,1.0
ENG-Premier League,2425,c6439e5b,2024-10-05,Arsenal,Southampton,3.0,1.0
ENG-Premier League,2425,909090f8,2024-10-05,Brentford,Wolves,5.0,3.0
ENG-Premier League,2425,49ea224b,2024-10-05,Crystal Palace,Liverpool,0.0,1.0
ENG-Premier League,2425,e99a7857,2024-10-05,Everton,Newcastle,0.0,0.0
ENG-Premier League,2425,d153872e,2024-10-05,Leicester City,Bournemouth,1.0,0.0
ENG-Premier League,2425,61d60f62,2024-10-05,Manchester City,Fulham,3.0,2.0
ENG-Premier League,2425,93e19c5e,2024-10-05,West Ham,Ipswich Town,4.0,1.0
ENG-Premier League,2425,abef5f2a,2024-10-06,Aston Villa,Manchester Utd,0.0,0.0
ENG-Premier League,2425,dac142c7,2024-10-06,Brighton,Tottenham,3.0,2.0
ENG-Premier League,2425,b9e00aac,2024-10-06,Chelsea,Nottingham,1.0,1.0
ENG-Premier League,2425,01e63a1f,2024-10-19,Bournemouth,Arsenal,2.0,0.0
ENG-Premier League,2425,615d637e,2024-10-19,Fulham,Aston Villa,1.0,3.0
ENG-Premier League,2425,2273e126,2024-10-19,Ipswich Town,Everton,0.0,2.0
ENG-Premier League,2425,7f2c3291,2024-10-19,Manchester Utd,Brentford,2.0,1.0
ENG-Premier League,2425,48081db0,2024-10-19,Newcastle,Brighton,0.0,1.0
ENG-Premier League,2425,03d28c48,2024-10-19,Southampton,Leicester City,2.0,3.0
ENG-Premier League,2425,923bfab0,2024-10-19,Tottenham,West Ham,4.0,1.0
ENG-Premier League,2425,99b4737c,2024-10-20,Liverpool,Chelsea,2.0,1.0
ENG-Premier League,2425,90b22cd5,2024-10-20,Wolves,Manchester City,1.0,2.0
ENG-Premier League,2425,5ed3894e,2024-10-21,Nottingham,Crystal Palace,1.0,0.0
ENG-Premier League,2425,292d8bc4,2024-10-25,Leicester City,Nottingham,1.0,3.0
ENG-Premier League,2425,bce300b2,2024-10-26,Aston Villa,Bournemouth,1.0,1.0
ENG-Premier League,2425,1fb2dcde,2024-10-26,Brentford,Ipswich Town,4.0,3.0
ENG-Premier League,2425,9487e056,2024-10-26,Brighton,Wolves,2.0,2.0
ENG-Premier League,2425,1e5152bf,2024-10-26,Everton,Fulham,1.0,1.0
ENG-Premier League,2425,b66f6389,2024-10-26,Manchester City,Southampton,1.0,0.0
ENG-Premier League,2425,68aa1099,2024-10-27,Arsenal,Liverpool,2.0,2.0
ENG-Premier League,2425,33571b04,2024-10-27,Chelsea,Newcastle,2.0,1.0
ENG-Premier League,2425,e995d937,2024-10-27,Crystal Palace,Tottenham,1.0,0.0
ENG-Premier League,2425,38c31a07,2024-10-27,West Ham,Manchester Utd,2.0,1.0
ENG-Premier League,2425,ed970fef,2024-11-02,Bournemouth,Manchester City,2.0,1.0
ENG-Premier League,2425,ed8f93a0,2024-11-02,Ipswich Town,Leicester City,1.0,1.0
ENG-Premier League,2425,7d114c70,2024-11-02,Liverpool,Brighton,2.0,1.0
ENG-Premier League,2425,cc960c22,2024-11-02,Newcastle,Arsenal,1.0,0.0
ENG-Premier League,2425,c2505640,2024-11-02,Nottingham,West Ham,3.0,0.0
ENG-Premier League,2425,2be42fdb,2024-11-02,Southampton,Everton,1.0,0.0
ENG-Premier League,2425,a4251fae,2024-11-02,Wolves,Crystal Palace,2.0,2.0
ENG-Premier League,2425,1273ae28,2024-11-03,Manchester Utd,Chelsea,1.0,1.0
ENG-Premier League,2425,8fa951f9,2024-11-03,Tottenham,Aston Villa,4.0,1.0
ENG-Premier League,2425,e1590847,2024-11-04,Fulham,Brentford,2.0,1.0
ENG-Premier League,2425,1c998ef5,2024-11-09,Brentford,Bournemouth,3.0,2.0
ENG-Premier League,2425,62aa7905,2024-11-09,Brighton,Manchester City,2.0,1.0
ENG-Premier League,2425,d5015ba4,2024-11-09,Crystal Palace,Fulham,0.0,2.0
ENG-Premier League,2425,737af5bf,2024-11-09,Liverpool,Aston Villa,2.0,0.0
ENG-Premier League,2425,a4cf40b4,2024-11-09,West Ham,Everton,0.0,0.0
ENG-Premier League,2425,dbec2d40,2024-11-09,Wolves,Southampton,2.0,0.0
ENG-Premier League,2425,2874d56e,2024-11-10,Chelsea,Arsenal,1.0,1.0
ENG-Premier League,2425,35888afe,2024-11-10,Manchester Utd,Leicester City,3.0,0.0
ENG-Premier League,2425,a41ce5c3,2024-11-10,Nottingham,Newcastle,1.0,3.0
ENG-Premier League,2425,f9b9c3c4,2024-11-10,Tottenham,Ipswich Town,1.0,2.0
ENG-Premier League,2425,0cb4129b,2024-11-23,Arsenal,Nottingham,3.0,0.0
ENG-Premier League,2425,bf2e07a1,2024-11-23,Aston Villa,Crystal Palace,2.0,2.0
ENG-Premier League,2425,4708a5bf,2024-11-23,Bournemouth,Brighton,1.0,2.0
ENG-Premier League,2425,dd7675a7,2024-11-23,Everton,Brentford,0.0,0.0
ENG-Premier League,2425,ed24aeb8,2024-11-23,Fulham,Wolves,1.0,4.0
ENG-Premier League,2425,bb885467,2024-11-23,Leicester City,Chelsea,1.0,2.0
ENG-Premier League,2425,c48b896c,2024-11-23,Manchester City,Tottenham,0.0,4.0
ENG-Premier League,2425,db1e4ea5,2024-11-24,Ipswich Town,Manchester Utd,1.0,1.0
ENG-Premier League,2425,eb6f8e39,2024-11-24,Southampton,Liverpool,2.0,3.0
ENG-Premier League,2425,79f46eec,2024-11-25,Newcastle,West Ham,0.0,2.0
ENG-Premier League,2425,d38c4a31,2024-11-29,Brighton,Southampton,1.0,1.0
ENG-Premier League,2425,f4f9a64f,2024-11-30,Brentford,Leicester City,4.0,1.0
ENG-Premier League,2425,a4f03af0,2024-11-30,Crystal Palace,Newcastle,1.0,1.0
ENG-Premier League,2425,ddc8856c,2024-11-30,Nottingham,Ipswich Town,1.0,0.0
ENG-Premier League,2425,f78bee62,2024-11-30,West Ham,Arsenal,2.0,5.0
ENG-Premier League,2425,adfb1b89,2024-11-30,Wolves,Bournemouth,2.0,4.0
ENG-Premier League,2425,080b797b,2024-12-01,Chelsea,Aston Villa,3.0,0.0
ENG-Premier League,2425,0bd6ad44,2024-12-01,Liverpool,Manchester City,2.0,0.0
ENG-Premier League,2425,e6eef20f,2024-12-01,Manchester Utd,Everton,4.0,0.0
ENG-Premier League,2425,9aaa6ed5,2024-12-01,Tottenham,Fulham,1.0,1.0
ENG-Premier League,2425,f7a96e82,2024-12-03,Ipswich Town,Crystal Palace,0.0,1.0
ENG-Premier League,2425,355fd8ce,2024-12-03,Leicester City,West Ham,3.0,1.0
ENG-Premier League,2425,9938aa27,2024-12-04,Arsenal,Manchester Utd,2.0,0.0
ENG-Premier League,2425,c24a734b,2024-12-04,Aston Villa,Brentford,3.0,1.0
ENG-Premier League,2425,71f00b04,2024-12-04,Everton,Wolves,4.0,0.0
ENG-Premier League,2425,dedb0eee,2024-12-04,Manchester City,Nottingham,3.0,0.0
ENG-Premier League,2425,ca898c29,2024-12-04,Newcastle,Liverpool,3.0,3.0
ENG-Premier League,2425,e4480630,2024-12-04,Southampton,Chelsea,1.0,5.0
ENG-Premier League,2425,c7e59a0a,2024-12-05,Bournemouth,Tottenham,1.0,0.0
ENG-Premier League,2425,32aaf579,2024-12-05,Fulham,Brighton,3.0,1.0
ENG-Premier League,2425,92cfde2c,2024-12-07,Aston Villa,Southampton,1.0,0.0
ENG-Premier League,2425,1042592d,2024-12-07,Brentford,Newcastle,4.0,2.0
ENG-Premier League,2425,6b7fbda1,2024-12-07,Crystal Palace,Manchester City,2.0,2.0
ENG-Premier League,2425,08966ea6,2024-12-07,Manchester Utd,Nottingham,2.0,3.0
ENG-Premier League,2425,038dfa98,2024-12-08,Fulham,Arsenal,1.0,1.0
ENG-Premier League,2425,392c7b1f,2024-12-08,Ipswich Town,Bournemouth,1.0,2.0
ENG-Premier League,2425,7b549f8f,2024-12-08,Leicester City,Brighton,2.0,2.0
ENG-Premier League,2425,abff9b73,2024-12-08,Tottenham,Chelsea,3.0,4.0
ENG-Premier League,2425,4d72ec87,2024-12-09,West Ham,Wolves,2.0,1.0
ENG-Premier League,2425,32aa9e8e,2024-12-14,Arsenal,Everton,0.0,0.0
ENG-Premier League,2425,a436996c,2024-12-14,Liverpool,Fulham,2.0,2.0
ENG-Premier League,2425,0b6fe43f,2024-12-14,Newcastle,Leicester City,4.0,0.0
ENG-Premier League,2425,26926fd3,2024-12-14,Nottingham,Aston Villa,2.0,1.0
ENG-Premier League,2425,46d52e33,2024-12-14,Wolves,Ipswich Town,1.0,2.0
ENG-Premier League,2425,c8314a05,2024-12-15,Brighton,Crystal Palace,1.0,3.0
ENG-Premier League,2425,5f0803f7,2024-12-15,Chelsea,Brentford,2.0,1.0
ENG-Premier League,2425,3d772028,2024-12-15,Manchester City,Manchester Utd,1.0,2.0
ENG-Premier League,2425,37afd6da,2024-12-15,Southampton,Tottenham,0.0,5.0
ENG-Premier League,2425,49cd674b,2024-12-16,Bournemouth,West Ham,1.0,1.0
ENG-Premier League,2425,ce9dc982,2024-12-21,Aston Villa,Manchester City,2.0,1.0
ENG-Premier League,2425,1c60d037,2024-12-21,Brentford,Nottingham,0.0,2.0
ENG-Premier League,2425,5e7aa707,2024-12-21,Crystal Palace,Arsenal,1.0,5.0
ENG-Premier League,2425,764fc51e,2024-12-21,Ipswich Town,Newcastle,0.0,4.0
ENG-Premier League,2425,04be8e87,2024-12-21,West Ham,Brighton,1.0,1.0
ENG-Premier League,2425,de72140c,2024-12-22,Everton,Chelsea,0.0,0.0
ENG-Premier League,2425,ba3fcb1e,2024-12-22,Fulham,Southampton,0.0,0.0
ENG-Premier League,2425,ecd6cb1d,2024-12-22,Leicester City,Wolves,0.0,3.0
ENG-Premier League,2425,8381ba53,2024-12-22,Manchester Utd,Bournemouth,0.0,3.0
ENG-Premier League,2425,1e1cea4c,2024-12-22,Tottenham,Liverpool,3.0,6.0
ENG-Premier League,2425,886ca6b3,2024-12-26,Bournemouth,Crystal Palace,0.0,0.0
ENG-Premier League,2425,03d6159c,2024-12-26,Chelsea,Fulham,1.0,2.0
ENG-Premier League,2425,1f604fbd,2024-12-26,Liverpool,Leicester City,3.0,1.0
ENG-Premier League,2425,87f2d794,2024-12-26,Manchester City,Everton,1.0,1.0
ENG-Premier League,2425,9985f304,2024-12-26,Newcastle,Aston Villa,3.0,0.0
ENG-Premier League,2425,eb738106,2024-12-26,Nottingham,Tottenham,1.0,0.0
ENG-Premier League,2425,8050686b,2024-12-26,Southampton,West Ham,0.0,1.0
ENG-Premier League,2425,77bcad49,2024-12-26,Wolves,Manchester Utd,2.0,0.0
ENG-Premier League,2425,668dad03,2024-12-27,Arsenal,Ipswich Town,1.0,0.0
ENG-Premier League,2425,15b10b33,2024-12-27,Brighton,Brentford,0.0,0.0
ENG-Premier League,2425,6d06b29c,2024-12-29,Crystal Palace,Southampton,2.0,1.0
ENG-Premier League,2425,5fa986dc,2024-12-29,Everton,Nottingham,0.0,2.0
ENG-Premier League,2425,4b4023dc,2024-12-29,Fulham,Bournemouth,2.0,2.0
ENG-Premier League,2425,8bbb6d95,2024-12-29,Leicester City,Manchester City,0.0,2.0
ENG-Premier League,2425,3d2ef5b4,2024-12-29,Tottenham,Wolves,2.0,2.0
ENG-Premier League,2425,c1a66ac0,2024-12-29,West Ham,Liverpool,0.0,5.0
ENG-Premier League,2425,5e8340e9,2024-12-30,Aston Villa,Brighton,2.0,2.0
ENG-Premier League,2425,88073205,2024-12-30,Ipswich Town,Chelsea,2.0,0.0
ENG-Premier League,2425,8cff7a63,2024-12-30,Manchester Utd,Newcastle,0.0,2.0
ENG-Premier League,2425,7e6892e4,2025-01-01,Brentford,Arsenal,1.0,3.0
ENG-Premier League,2425,f5ae8d7d,2025-01-04,Aston Villa,Leicester City,2.0,1.0
ENG-Premier League,2425,43f0c302,2025-01-04,Bournemouth,Everton,1.0,0.0
ENG-Premier League,2425,52186da4,2025-01-04,Brighton,Arsenal,1.0,1.0
ENG-Premier League,2425,cd9861d5,2025-01-04,Crystal Palace,Chelsea,1.0,1.0
ENG-Premier League,2425,d7773a4c,2025-01-04,Manchester City,West Ham,4.0,1.0
ENG-Premier League,2425,36fc576a,2025-01-04,Southampton,Brentford,0.0,5.0
ENG-Premier League,2425,be247ac3,2025-01-04,Tottenham,Newcastle,1.0,2.0
ENG-Premier League,2425,8b69ef69,2025-01-05,Fulham,Ipswich Town,2.0,2.0
ENG-Premier League,2425,4cef863f,2025-01-05,Liverpool,Manchester Utd,2.0,2.0
ENG-Premier League,2425,56c4250a,2025-01-06,Wolves,Nottingham,0.0,3.0
ENG-Premier League,2425,68c2e6b8,2025-01-14,Brentford,Manchester City,2.0,2.0
ENG-Premier League,2425,fff671a9,2025-01-14,Chelsea,Bournemouth,2.0,2.0
ENG-Premier League,2425,118f8df8,2025-01-14,Nottingham,Liverpool,1.0,1.0
ENG-Premier League,2425,c6168c73,2025-01-14,West Ham,Fulham,3.0,2.0
ENG-Premier League,2425,ee9ce5e2,2025-01-15,Arsenal,Tottenham,2.0,1.0
ENG-Premier League,2425,3e70b855,2025-01-15,Everton,Aston Villa,0.0,1.0
ENG-Premier League,2425,99eb6105,2025-01-15,Leicester City,Crystal Palace,0.0,2.0
ENG-Premier League,2425,535d70d7,2025-01-15,Newcastle,Wolves,3.0,0.0
ENG-Premier League,2425,ace86fcc,2025-01-16,Ipswich Town,Brighton,0.0,2.0
ENG-Premier League,2425,f443a602,2025-01-16,Manchester Utd,Southampton,3.0,1.0
ENG-Premier League,2425,1fdaaaba,2025-01-18,Arsenal,Aston Villa,2.0,2.0
ENG-Premier League,2425,5e8445c1,2025-01-18,Brentford,Liverpool,0.0,2.0
ENG-Premier League,2425,bc3ae18e,2025-01-18,Leicester City,Fulham,0.0,2.0
ENG-Premier League,2425,99d11a39,2025-01-18,Newcastle,Bournemouth,1.0,4.0
ENG-Premier League,2425,03ac4a9c,2025-01-18,West Ham,Crystal Palace,0.0,2.0
ENG-Premier League,2425,e9f61cb0,2025-01-19,Everton,Tottenham,3.0,2.0
ENG-Premier League,2425,6c829b8f,2025-01-19,Ipswich Town,Manchester City,0.0,6.0
ENG-Premier League,2425,45028d5b,2025-01-19,Manchester Utd,Brighton,1.0,3.0
ENG-Premier League,2425,e0f90407,2025-01-19,Nottingham,Southampton,3.0,2.0
ENG-Premier League,2425,e62cfa12,2025-01-20,Chelsea,Wolves,3.0,1.0
ENG-Premier League,2425,efa8ddd7,2025-01-25,Bournemouth,Nottingham,5.0,0.0
ENG-Premier League,2425,b54aac79,2025-01-25,Brighton,Everton,0.0,1.0
ENG-Premier League,2425,ee59115f,2025-01-25,Liverpool,Ipswich Town,4.0,1.0
ENG-Premier League,2425,bfd54040,2025-01-25,Manchester City,Chelsea,3.0,1.0
ENG-Premier League,2425,7d05223b,2025-01-25,Southampton,Newcastle,1.0,3.0
ENG-Premier League,2425,0b39252e,2025-01-25,Wolves,Arsenal,0.0,1.0
ENG-Premier League,2425,bb05246c,2025-01-26,Aston Villa,West Ham,1.0,1.0
ENG-Premier League,2425,68d6e8fe,2025-01-26,Crystal Palace,Brentford,1.0,2.0
ENG-Premier League,2425,eb14e391,2025-01-26,Fulham,Manchester Utd,0.0,1.0
ENG-Premier League,2425,8226bca2,2025-01-26,Tottenham,Leicester City,1.0,2.0
ENG-Premier League,2425,886603cd,2025-02-01,Bournemouth,Liverpool,0.0,2.0
ENG-Premier League,2425,475670fb,2025-02-01,Everton,Leicester City,4.0,0.0
ENG-Premier League,2425,1098cac0,2025-02-01,Ipswich Town,Southampton,1.0,2.0
ENG-Premier League,2425,5ec3f48b,2025-02-01,Newcastle,Fulham,1.0,2.0
ENG-Premier League,2425,897ab235,2025-02-01,Nottingham,Brighton,7.0,0.0
ENG-Premier League,2425,693ab427,2025-02-01,Wolves,Aston Villa,2.0,0.0
ENG-Premier League,2425,2906e921,2025-02-02,Arsenal,Manchester City,5.0,1.0
ENG-Premier League,2425,7193a229,2025-02-02,Brentford,Tottenham,0.0,2.0
ENG-Premier League,2425,83dba981,2025-02-02,Manchester Utd,Crystal Palace,0.0,2.0
ENG-Premier League,2425,ed7df9b1,2025-02-03,Chelsea,West Ham,2.0,1.0
ENG-Premier League,2425,92627434,2025-02-12,Everton,Liverpool,2.0,2.0
ENG-Premier League,2425,ed780e1d,2025-02-14,Brighton,Chelsea,3.0,0.0
ENG-Premier League,2425,06fee8c4,2025-02-15,Aston Villa,Ipswich Town,1.0,1.0
ENG-Premier League,2425,35ee3617,2025-02-15,Crystal Palace,Everton,1.0,2.0
ENG-Premier League,2425,5968d7ad,2025-02-15,Fulham,Nottingham,2.0,1.0
ENG-Premier League,2425,af8aa0dd,2025-02-15,Leicester City,Arsenal,0.0,2.0
ENG-Premier League,2425,8c51fa01,2025-02-15,Manchester City,Newcastle,4.0,0.0
ENG-Premier League,2425,ce3da486,2025-02-15,Southampton,Bournemouth,1.0,3.0
ENG-Premier League,2425,79406a7e,2025-02-15,West Ham,Brentford,0.0,1.0
ENG-Premier League,2425,6a917c79,2025-02-16,Liverpool,Wolves,2.0,1.0
ENG-Premier League,2425,09db2a2f,2025-02-16,Tottenham,Manchester Utd,1.0,0.0
ENG-Premier League,2425,39c7b656,2025-02-19,Aston Villa,Liverpool,2.0,2.0
ENG-Premier League,2425,da5a149a,2025-02-21,Leicester City,Brentford,0.0,4.0
ENG-Premier League,2425,e511e91c,2025-02-22,Arsenal,West Ham,0.0,1.0
ENG-Premier League,2425,5109d405,2025-02-22,Aston Villa,Chelsea,2.0,1.0
ENG-Premier League,2425,ccdda6d3,2025-02-22,Bournemouth,Wolves,0.0,1.0
ENG-Premier League,2425,e5b45c4d,2025-02-22,Everton,Manchester Utd,2.0,2.0
ENG-Premier League,2425,7289bcdf,2025-02-22,Fulham,Crystal Palace,0.0,2.0
ENG-Premier League,2425,7853cd1a,2025-02-22,Ipswich Town,Tottenham,1.0,4.0
ENG-Premier League,2425,e757bea1,2025-02-22,Southampton,Brighton,0.0,4.0
ENG-Premier League,2425,e51a316b,2025-02-23,Manchester City,Liverpool,0.0,2.0
ENG-Premier League,2425,93caf0bc,2025-02-23,Newcastle,Nottingham,4.0,3.0
ENG-Premier League,2425,fade9277,2025-02-25,Brighton,Bournemouth,2.0,1.0
ENG-Premier League,2425,21d4a457,2025-02-25,Chelsea,Southampton,4.0,0.0
ENG-Premier League,2425,0a97629a,2025-02-25,Crystal Palace,Aston Villa,4.0,1.0
ENG-Premier League,2425,7aecfc4c,2025-02-25,Wolves,Fulham,1.0,2.0
ENG-Premier League,2425,1218933c,2025-02-26,Brentford,Everton,1.0,1.0
ENG-Premier League,2425,a0975f8c,2025-02-26,Liverpool,Newcastle,2.0,0.0
ENG-Premier League,2425,bf6aa8ee,2025-02-26,Manchester Utd,Ipswich Town,3.0,2.0
ENG-Premier League,2425,d4387bc1,2025-02-26,Nottingham,Arsenal,0.0,0.0
ENG-Premier League,2425,3b8160bd,2025-02-26,Tottenham,Manchester City,0.0,1.0
ENG-Premier League,2425,08b1b7de,2025-02-27,West Ham,Leicester City,2.0,0.0
ENG-Premier League,2425,fb9126ab,2025-03-08,Brentford,Aston Villa,0.0,1.0
ENG-Premier League,2425,fb4bb61d,2025-03-08,Brighton,Fulham,2.0,1.0
ENG-Premier League,2425,b1ad79e4,2025-03-08,Crystal Palace,Ipswich Town,1.0,0.0
ENG-Premier League,2425,049341ab,2025-03-08,Liverpool,Southampton,3.0,1.0
ENG-Premier League,2425,d53c0405,2025-03-08,Nottingham,Manchester City,1.0,0.0
ENG-Premier League,2425,2ac7408b,2025-03-08,Wolves,Everton,1.0,1.0
ENG-Premier League,2425,236640be,2025-03-09,Chelsea,Leicester City,1.0,0.0
ENG-Premier League,2425,8efec987,2025-03-09,Manchester Utd,Arsenal,1.0,1.0
ENG-Premier League,2425,81575514,2025-03-09,Tottenham,Bournemouth,2.0,2.0
ENG-Premier League,2425,61ad9d6a,2025-03-10,West Ham,Newcastle,0.0,1.0
ENG-Premier League,2425,f3480c01,2025-03-15,Bournemouth,Brentford,1.0,2.0
ENG-Premier League,2425,d4bd829f,2025-03-15,Everton,West Ham,1.0,1.0
ENG-Premier League,2425,a44e04e9,2025-03-15,Ipswich Town,Nottingham,2.0,4.0
ENG-Premier League,2425,83fc3d29,2025-03-15,Manchester City,Brighton,2.0,2.0
ENG-Premier League,2425,eea61e7f,2025-03-15,Southampton,Wolves,1.0,2.0
ENG-Premier League,2425,22de525d,2025-03-16,Arsenal,Chelsea,1.0,0.0
ENG-Premier League,2425,61428001,2025-03-16,Fulham,Tottenham,2.0,0.0
ENG-Premier League,2425,7bab156e,2025-03-16,Leicester City,Manchester Utd,0.0,3.0
ENG-Premier League,2425,777d595c,2025-04-01,Arsenal,Fulham,2.0,1.0
ENG-Premier League,2425,9f8a856e,2025-04-01,Nottingham,Manchester Utd,1.0,0.0
ENG-Premier League,2425,6e6e9d8b,2025-04-01,Wolves,West Ham,1.0,0.0
ENG-Premier League,2425,19c54be2,2025-04-02,Bournemouth,Ipswich Town,1.0,2.0
ENG-Premier League,2425,158e64b3,2025-04-02,Brighton,Aston Villa,0.0,3.0
ENG-Premier League,2425,7e2a8ebe,2025-04-02,Liverpool,Everton,1.0,0.0
ENG-Premier League,2425,464a9c6c,2025-04-02,Manchester City,Leicester City,2.0,0.0
ENG-Premier League,2425,e202c3b7,2025-04-02,Newcastle,Brentford,2.0,1.0
ENG-Premier League,2425,1c75bcda,2025-04-02,Southampton,Crystal Palace,1.0,1.0
ENG-Premier League,2425,33e26065,2025-04-03,Chelsea,Tottenham,1.0,0.0
ENG-Premier League,2425,7b024699,2025-04-05,Aston Villa,Nottingham,2.0,1.0
ENG-Premier League,2425,e9cb51b4,2025-04-05,Crystal Palace,Brighton,2.0,1.0
ENG-Premier League,2425,8a72e3dc,2025-04-05,Everton,Arsenal,1.0,1.0
ENG-Premier League,2425,b6f200da,2025-04-05,Ipswich Town,Wolves,1.0,2.0
ENG-Premier League,2425,3812dc28,2025-04-05,West Ham,Bournemouth,2.0,2.0
ENG-Premier League,2425,5984e216,2025-04-06,Brentford,Chelsea,0.0,0.0
ENG-Premier League,2425,b34400d3,2025-04-06,Fulham,Liverpool,3.0,2.0
ENG-Premier League,2425,53e359bb,2025-04-06,Manchester Utd,Manchester City,0.0,0.0
ENG-Premier League,2425,f671e515,2025-04-06,Tottenham,Southampton,3.0,1.0
ENG-Premier League,2425,d8efb6cc,2025-04-07,Leicester City,Newcastle,0.0,3.0
ENG-Premier League,2425,471d2141,2025-04-12,Arsenal,Brentford,1.0,1.0
ENG-Premier League,2425,6c4e0e71,2025-04-12,Brighton,Leicester City,2.0,2.0
ENG-Premier League,2425,7be33a60,2025-04-12,Manchester City,Crystal Palace,5.0,2.0
ENG-Premier League,2425,83138c75,2025-04-12,Nottingham,Everton,0.0,1.0
ENG-Premier League,2425,eb58af0b,2025-04-12,Southampton,Aston Villa,0.0,3.0
ENG-Premier League,2425,a45626b5,2025-04-13,Chelsea,Ipswich Town,2.0,2.0
ENG-Premier League,2425,4975981b,2025-04-13,Liverpool,West Ham,2.0,1.0
ENG-Premier League,2425,4254acea,2025-04-13,Newcastle,Manchester Utd,4.0,1.0
ENG-Premier League,2425,5a44bda9,2025-04-13,Wolves,Tottenham,4.0,2.0
ENG-Premier League,2425,12ecaa9f,2025-04-14,Bournemouth,Fulham,1.0,0.0
ENG-Premier League,2425,6e87f6cf,2025-04-16,Newcastle,Crystal Palace,5.0,0.0
ENG-Premier League,2425,45a3960e,2025-04-19,Aston Villa,Newcastle,4.0,1.0
ENG-Premier League,2425,36afccb6,2025-04-19,Brentford,Brighton,4.0,2.0
ENG-Premier League,2425,9d095ebf,2025-04-19,Crystal Palace,Bournemouth,0.0,0.0
ENG-Premier League,2425,a95e25da,2025-04-19,Everton,Manchester City,0.0,2.0
ENG-Premier League,2425,8d613b28,2025-04-19,West Ham,Southampton,1.0,1.0
ENG-Premier League,2425,aaac9748,2025-04-20,Fulham,Chelsea,1.0,2.0
ENG-Premier League,2425,2b599f1a,2025-04-20,Ipswich Town,Arsenal,0.0,4.0
ENG-Premier League,2425,0a2030a0,2025-04-20,Leicester City,Liverpool,0.0,1.0
ENG-Premier League,2425,e50fd749,2025-04-20,Manchester Utd,Wolves,0.0,1.0
ENG-Premier League,2425,708743bf,2025-04-21,Tottenham,Nottingham,1.0,2.0
ENG-Premier League,2425,3de68b91,2025-04-22,Manchester City,Aston Villa,2.0,1.0
ENG-Premier League,2425,67651145,2025-04-23,Arsenal,Crystal Palace,2.0,2.0
ENG-Premier League,2425,e1669507,2025-04-26,Brighton,West Ham,3.0,2.0
ENG-Premier League,2425,06c5f0ab,2025-04-26,Chelsea,Everton,1.0,0.0
ENG-Premier League,2425,3402b61b,2025-04-26,Newcastle,Ipswich Town,3.0,0.0
ENG-Premier League,2425,9c6532bc,2025-04-26,Southampton,Fulham,1.0,2.0
ENG-Premier League,2425,1ced4069,2025-04-26,Wolves,Leicester City,3.0,0.0
ENG-Premier League,2425,81b6c6b4,2025-04-27,Bournemouth,Manchester Utd,1.0,1.0
ENG-Premier League,2425,64bc833f,2025-04-27,Liverpool,Tottenham,5.0,1.0
ENG-Premier League,2425,a896a308,2025-05-01,Nottingham,Brentford,0.0,2.0
ENG-Premier League,2425,6a433468,2025-05-02,Manchester City,Wolves,1.0,0.0
ENG-Premier League,2425,ad3827f3,2025-05-03,Arsenal,Bournemouth,1.0,2.0
ENG-Premier League,2425,d8e391ab,2025-05-03,Aston Villa,Fulham,1.0,0.0
ENG-Premier League,2425,b93c98b0,2025-05-03,Everton,Ipswich Town,2.0,2.0
ENG-Premier League,2425,e89fe486,2025-05-03,Leicester City,Southampton,2.0,0.0
ENG-Premier League,2425,29dbd7d1,2025-05-04,Brentford,Manchester Utd,4.0,3.0
ENG-Premier League,2425,e09b4b94,2025-05-04,Brighton,Newcastle,1.0,1.0
ENG-Premier League,2425,157740ee,2025-05-04,Chelsea,Liverpool,3.0,1.0
ENG-Premier League,2425,70dcad6e,2025-05-04,West Ham,Tottenham,1.0,1.0
ENG-Premier League,2425,89cb2963,2025-05-05,Crystal Palace,Nottingham,1.0,1.0
ENG-Premier League,2425,dd48659a,2025-05-10,Bournemouth,Aston Villa,0.0,1.0
ENG-Premier League,2425,a637fb4e,2025-05-10,Fulham,Everton,1.0,3.0
ENG-Premier League,2425,ea2685e0,2025-05-10,Ipswich Town,Brentford,0.0,1.0
ENG-Premier League,2425,35a46606,2025-05-10,Southampton,Manchester City,0.0,0.0
ENG-Premier League,2425,f1bf04cb,2025-05-10,Wolves,Brighton,0.0,2.0
ENG-Premier League,2425,0dc9bdd9,2025-05-11,Liverpool,Arsenal,2.0,2.0
ENG-Premier League,2425,c4548397,2025-05-11,Manchester Utd,West Ham,0.0,2.0
ENG-Premier League,2425,b409de42,2025-05-11,Newcastle,Chelsea,2.0,0.0
ENG-Premier League,2425,c3e242fc,2025-05-11,Nottingham,Leicester City,2.0,2.0
ENG-Premier League,2425,a442e11f,2025-05-11,Tottenham,Crystal Palace,0.0,2.0
ENG-Premier League,2425,b2651680,2025-05-16,Aston Villa,Tottenham,2.0,0.0
ENG-Premier League,2425,c95dd208,2025-05-16,Chelsea,Manchester Utd,1.0,0.0
ENG-Premier League,2425,0a51acae,2025-05-18,Arsenal,Newcastle,1.0,0.0
ENG-Premier League,2425,064e6a34,2025-05-18,Brentford,Fulham,2.0,3.0
ENG-Premier League,2425,9e338dfb,2025-05-18,Everton,Southampton,2.0,0.0
ENG-Premier League,2425,20b5a00b,2025-05-18,Leicester City,Ipswich Town,2.0,0.0
ENG-Premier League,2425,79180ca6,2025-05-18,West Ham,Nottingham,1.0,2.0
ENG-Premier League,2425,1f3db37a,2025-05-19,Brighton,Liverpool,3.0,2.0
ENG-Premier League,2425,f85454d3,2025-05-20,Crystal Palace,Wolves,4.0,2.0
ENG-Premier League,2425,e5e516e9,2025-05-20,Manchester City,Bournemouth,3.0,1.0
ENG-Premier League,2425,1ff370e8,2025-05-25,Bournemouth,Leicester City,2.0,0.0
ENG-Premier League,2425,3d22336e,2025-05-25,Fulham,Manchester City,0.0,2.0
ENG-Premier League,2425,15559cff,2025-05-25,Ipswich Town,West Ham,1.0,3.0
ENG-Premier League,2425,0958eb7a,2025-05-25,Liverpool,Crystal Palace,1.0,1.0
ENG-Premier League,2425,7ea43929,2025-05-25,Manchester Utd,Aston Villa,2.0,0.0
ENG-Premier League,2425,36844e73,2025-05-25,Newcastle,Everton,0.0,1.0
ENG-Premier League,2425,464cbad6,2025-05-25,Nottingham,Chelsea,0.0,1.0
ENG-Premier League,2425,01d155b4,2025-05-25,Southampton,Arsenal,1.0,2.0
ENG-Premier League,2425,e4bb1c35,2025-05-25,Tottenham,Brighton,1.0,4.0
ENG-Premier League,2425,812ef8ad,2025-05-25,Wolves,Brentford,1.0,1.0
ENG-Premier League,2526,a071faa8,2025-08-15,Liverpool,Bournemouth,4.0,2.0
ENG-Premier League,2526,bbdf4739,2025-08-16,Aston Villa,Newcastle,0.0,0.0
ENG-Premier League,2526,57c49bae,2025-08-16,Brighton,Fulham,1.0,1.0
ENG-Premier League,2526,e1058522,2025-08-16,Sunderland,West Ham,3.0,0.0
ENG-Premier League,2526,d41bb8b3,2025-08-16,Tottenham,Burnley,3.0,0.0
ENG-Premier League,2526,8613020d,2025-08-16,Wolves,Manchester City,0.0,4.0
ENG-Premier League,2526,2185fc64,2025-08-17,Chelsea,Crystal Palace,0.0,0.0
ENG-Premier League,2526,643d26fd,2025-08-17,Manchester Utd,Arsenal,0.0,1.0
ENG-Premier League,2526,855f8b5e,2025-08-17,Nottingham,Brentford,3.0,1.0
ENG-Premier League,2526,0701e218,2025-08-18,Leeds United,Everton,1.0,0.0
ENG-Premier League,2526,57b35843,2025-08-22,West Ham,Chelsea,1.0,5.0
ENG-Premier League,2526,e8724659,2025-08-23,Arsenal,Leeds United,5.0,0.0
ENG-Premier League,2526,a515fb3a,2025-08-23,Bournemouth,Wolves,1.0,0.0
ENG-Premier League,2526,860c7af2,2025-08-23,Brentford,Aston Villa,1.0,0.0
ENG-Premier League,2526,4e287736,2025-08-23,Burnley,Sunderland,2.0,0.0
ENG-Premier League,2526,f7e2c9c7,2025-08-23,Manchester City,Tottenham,0.0,2.0
ENG-Premier League,2526,a3984be1,2025-08-24,Crystal Palace,Nottingham,1.0,1.0
ENG-Premier League,2526,0bad74e2,2025-08-24,Everton,Brighton,2.0,0.0
ENG-Premier League,2526,fc45a8b2,2025-08-24,Fulham,Manchester Utd,1.0,1.0
ENG-Premier League,2526,2c75d21a,2025-08-25,Newcastle,Liverpool,2.0,3.0
ENG-Premier League,2526,2dbd7fbd,2025-08-30,Chelsea,Fulham,2.0,0.0
ENG-Premier League,2526,bc110e0b,2025-08-30,Leeds United,Newcastle,0.0,0.0
ENG-Premier League,2526,0050df89,2025-08-30,Manchester Utd,Burnley,3.0,2.0
ENG-Premier League,2526,f03152d1,2025-08-30,Sunderland,Brentford,2.0,1.0
ENG-Premier League,2526,0e30cf4b,2025-08-30,Tottenham,Bournemouth,0.0,1.0
ENG-Premier League,2526,3c399f5e,2025-08-30,Wolves,Everton,2.0,3.0
ENG-Premier League,2526,cd51ed93,2025-08-31,Aston Villa,Crystal Palace,0.0,3.0
ENG-Premier League,2526,810d81e7,2025-08-31,Brighton,Manchester City,2.0,1.0
ENG-Premier League,2526,b0005978,2025-08-31,Liverpool,Arsenal,1.0,0.0
ENG-Premier League,2526,299beb27,2025-08-31,Nottingham,West Ham,0.0,3.0
ENG-Premier League,2526,4fe3e679,2025-09-13,Arsenal,Nottingham,3.0,0.0
ENG-Premier League,2526,8398bbef,2025-09-13,Bournemouth,Brighton,2.0,1.0
ENG-Premier League,2526,d8104c65,2025-09-13,Brentford,Chelsea,2.0,2.0
ENG-Premier League,2526,e3cade07,2025-09-13,Crystal Palace,Sunderland,0.0,0.0
ENG-Premier League,2526,a624dc89,2025-09-13,Everton,Aston Villa,0.0,0.0
ENG-Premier League,2526,ab8543fb,2025-09-13,Fulham,Leeds United,1.0,0.0
ENG-Premier League,2526,55fbbbe6,2025-09-13,Newcastle,Wolves,1.0,0.0
ENG-Premier League,2526,86c7261a,2025-09-13,West Ham,Tottenham,0.0,3.0
ENG-Premier League,2526,fed27aaa,2025-09-14,Burnley,Liverpool,0.0,1.0
ENG-Premier League,2526,f2b1061a,2025-09-14,Manchester City,Manchester Utd,3.0,0.0
ENG-Premier League,2526,fa03feeb,2025-09-20,Brighton,Tottenham,2.0,2.0
ENG-Premier League,2526,e523c1cd,2025-09-20,Burnley,Nottingham,1.0,1.0
ENG-Premier League,2526,295b388b,2025-09-20,Fulham,Brentford,3.0,1.0
ENG-Premier League,2526,5da72d0e,2025-09-20,Liverpool,Everton,2.0,1.0
ENG-Premier League,2526,a562da13,2025-09-20,Manchester Utd,Chelsea,2.0,1.0
ENG-Premier League,2526,15b707b3,2025-09-20,West Ham,Crystal Palace,1.0,2.0
ENG-Premier League,2526,45650a33,2025-09-20,Wolves,Leeds United,1.0,3.0
ENG-Premier League,2526,2045939c,2025-09-21,Arsenal,Manchester City,1.0,1.0
ENG-Premier League,2526,f55b1b65,2025-09-21,Bournemouth,Newcastle,0.0,0.0
ENG-Premier League,2526,4e615d10,2025-09-21,Sunderland,Aston Villa,1.0,1.0
ENG-Premier League,2526,f96a49ea,2025-09-27,Brentford,Manchester Utd,3.0,1.0
ENG-Premier League,2526,b3a3df9a,2025-09-27,Chelsea,Brighton,1.0,3.0
ENG-Premier League,2526,8a5edb7f,2025-09-27,Crystal Palace,Liverpool,2.0,1.0
ENG-Premier League,2526,d2fc69e6,2025-09-27,Leeds United,Bournemouth,2.0,2.0
ENG-Premier League,2526,53db8cb5,2025-09-27,Manchester City,Burnley,5.0,1.0
ENG-Premier League,2526,78970349,2025-09-27,Nottingham,Sunderland,0.0,1.0
ENG-Premier League,2526,116cff7d,2025-09-27,Tottenham,Wolves,1.0,1.0
ENG-Premier League,2526,7345f259,2025-09-28,Aston Villa,Fulham,3.0,1.0
ENG-Premier League,2526,e851cb5c,2025-09-28,Newcastle,Arsenal,1.0,2.0
ENG-Premier League,2526,1163f46d,2025-09-29,Everton,West Ham,1.0,1.0
ENG-Premier League,2526,200f4acc,2025-10-03,Bournemouth,Fulham,3.0,1.0
ENG-Premier League,2526,266bddc6,2025-10-04,Arsenal,West Ham,2.0,0.0
ENG-Premier League,2526,780d534e,2025-10-04,Chelsea,Liverpool,2.0,1.0
ENG-Premier League,2526,3e588df8,2025-10-04,Leeds United,Tottenham,1.0,2.0
ENG-Premier League,2526,e33ea33d,2025-10-04,Manchester Utd,Sunderland,2.0,0.0
ENG-Premier League,2526,db870461,2025-10-05,Aston Villa,Burnley,2.0,1.0
ENG-Premier League,2526,8c0ee359,2025-10-05,Brentford,Manchester City,0.0,1.0
ENG-Premier League,2526,88e53add,2025-10-05,Everton,Crystal Palace,2.0,1.0
ENG-Premier League,2526,e33f1657,2025-10-05,Newcastle,Nottingham,2.0,0.0
ENG-Premier League,2526,1314f9fd,2025-10-05,Wolves,Brighton,1.0,1.0
ENG-Premier League,2526,7c25388b,2025-10-18,Brighton,Newcastle,2.0,1.0
ENG-Premier League,2526,a31356f3,2025-10-18,Burnley,Leeds United,2.0,0.0
ENG-Premier League,2526,7a0ab06b,2025-10-18,Crystal Palace,Bournemouth,3.0,3.0
ENG-Premier League,2526,94eefc1d,2025-10-18,Fulham,Arsenal,0.0,1.0
ENG-Premier League,2526,1340e41a,2025-10-18,Manchester City,Everton,2.0,0.0
ENG-Premier League,2526,b3ac7e40,2025-10-18,Nottingham,Chelsea,0.0,3.0
ENG-Premier League,2526,fe212874,2025-10-18,Sunderland,Wolves,2.0,0.0
ENG-Premier League,2526,cbec79a5,2025-10-19,Liverpool,Manchester Utd,1.0,2.0
ENG-Premier League,2526,810c0cb9,2025-10-19,Tottenham,Aston Villa,1.0,2.0
ENG-Premier League,2526,3322a47b,2025-10-20,West Ham,Brentford,0.0,2.0
ENG-Premier League,2526,236e3e4c,2025-10-24,Leeds United,West Ham,2.0,1.0
ENG-Premier League,2526,26e5ca72,2025-10-25,Brentford,Liverpool,3.0,2.0
ENG-Premier League,2526,cfda878f,2025-10-25,Chelsea,Sunderland,1.0,2.0
ENG-Premier League,2526,a190da2c,2025-10-25,Manchester Utd,Brighton,4.0,2.0
ENG-Premier League,2526,0f6b6849,2025-10-25,Newcastle,Fulham,2.0,1.0
ENG-Premier League,2526,8e08b6c9,2025-10-26,Arsenal,Crystal Palace,1.0,0.0
ENG-Premier League,2526,2324c097,2025-10-26,Aston Villa,Manchester City,1.0,0.0
ENG-Premier League,2526,0676a57a,2025-10-26,Bournemouth,Nottingham,2.0,0.0
ENG-Premier League,2526,4234aaa9,2025-10-26,Everton,Tottenham,0.0,3.0
ENG-Premier League,2526,28244556,2025-10-26,Wolves,Burnley,2.0,3.0
ENG-Premier League,2526,40e608f4,2025-11-01,Brighton,Leeds United,3.0,0.0
ENG-Premier League,2526,2e2f2939,2025-11-01,Burnley,Arsenal,0.0,2.0
ENG-Premier League,2526,96c4864b,2025-11-01,Crystal Palace,Brentford,2.0,0.0
ENG-Premier League,2526,03f6bccd,2025-11-01,Fulham,Wolves,3.0,0.0
ENG-Premier League,2526,c15115cb,2025-11-01,Liverpool,Aston Villa,2.0,0.0
ENG-Premier League,2526,6f99be65,2025-11-01,Nottingham,Manchester Utd,2.0,2.0
ENG-Premier League,2526,cb498e0b,2025-11-01,Tottenham,Chelsea,0.0,1.0
ENG-Premier League,2526,cc77588b,2025-11-02,Manchester City,Bournemouth,3.0,1.0
ENG-Premier League,2526,55587dfc,2025-11-02,West Ham,Newcastle,3.0,1.0
ENG-Premier League,2526,bb37daa2,2025-11-03,Sunderland,Everton,1.0,1.0
ENG-Premier League,2526,098d4b9c,2025-11-08,Chelsea,Wolves,3.0,0.0
ENG-Premier League,2526,0e46b968,2025-11-08,Everton,Fulham,2.0,0.0
ENG-Premier League,2526,34884979,2025-11-08,Sunderland,Arsenal,2.0,2.0
ENG-Premier League,2526,ad74e791,2025-11-08,Tottenham,Manchester Utd,2.0,2.0
ENG-Premier League,2526,9a904d13,2025-11-08,West Ham,Burnley,3.0,2.0
ENG-Premier League,2526,b333094b,2025-11-09,Aston Villa,Bournemouth,4.0,0.0
ENG-Premier League,2526,7398b723,2025-11-09,Brentford,Newcastle,3.0,1.0
ENG-Premier League,2526,d6740601,2025-11-09,Crystal Palace,Brighton,0.0,0.0
ENG-Premier League,2526,a126a64c,2025-11-09,Manchester City,Liverpool,3.0,0.0
ENG-Premier League,2526,c2217a56,2025-11-09,Nottingham,Leeds United,3.0,1.0
ENG-Premier League,2526,f5c9621e,2025-11-22,Bournemouth,West Ham,2.0,2.0
ENG-Premier League,2526,3ad15355,2025-11-22,Brighton,Brentford,2.0,1.0
ENG-Premier League,2526,43c673dd,2025-11-22,Burnley,Chelsea,0.0,2.0
ENG-Premier League,2526,5cd7ef12,2025-11-22,Fulham,Sunderland,1.0,0.0
ENG-Premier League,2526,2180fc9b,2025-11-22,Liverpool,Nottingham,0.0,3.0
ENG-Premier League,2526,efd005dc,2025-11-22,Newcastle,Manchester City,2.0,1.0
ENG-Premier League,2526,c90ed936,2025-11-22,Wolves,Crystal Palace,0.0,2.0
ENG-Premier League,2526,51a5792d,2025-11-23,Arsenal,Tottenham,4.0,1.0
ENG-Premier League,2526,53a69c4e,2025-11-23,Leeds United,Aston Villa,1.0,2.0
ENG-Premier League,2526,69a9c9a3,2025-11-24,Manchester Utd,Everton,0.0,1.0
ENG-Premier League,2526,5615f800,2025-11-29,Brentford,Burnley,3.0,1.0
ENG-Premier League,2526,1e17ace9,2025-11-29,Everton,Newcastle,1.0,4.0
ENG-Premier League,2526,bfa73051,2025-11-29,Manchester City,Leeds United,3.0,2.0
ENG-Premier League,2526,e118da78,2025-11-29,Sunderland,Bournemouth,3.0,2.0
ENG-Premier League,2526,34e802eb,2025-11-29,Tottenham,Fulham,1.0,2.0
ENG-Premier League,2526,117c4cab,2025-11-30,Aston Villa,Wolves,1.0,0.0
ENG-Premier League,2526,455c69b8,2025-11-30,Chelsea,Arsenal,1.0,1.0
ENG-Premier League,2526,6857b94e,2025-11-30,Crystal Palace,Manchester Utd,1.0,2.0
ENG-Premier League,2526,2d580ed7,2025-11-30,Nottingham,Brighton,0.0,2.0
ENG-Premier League,2526,090b47a6,2025-11-30,West Ham,Liverpool,0.0,2.0
ENG-Premier League,2526,6e2749c6,2025-12-02,Bournemouth,Everton,0.0,1.0
ENG-Premier League,2526,83f0391d,2025-12-02,Fulham,Manchester City,4.0,5.0
ENG-Premier League,2526,7c5f15be,2025-12-02,Newcastle,Tottenham,2.0,2.0
ENG-Premier League,2526,576f681d,2025-12-03,Arsenal,Brentford,2.0,0.0
ENG-Premier League,2526,96d69898,2025-12-03,Brighton,Aston Villa,3.0,4.0
ENG-Premier League,2526,9f1131fe,2025-12-03,Burnley,Crystal Palace,0.0,1.0
ENG-Premier League,2526,6218f36c,2025-12-03,Leeds United,Chelsea,3.0,1.0
ENG-Premier League,2526,1666070b,2025-12-03,Liverpool,Sunderland,1.0,1.0
ENG-Premier League,2526,6f03844a,2025-12-03,Wolves,Nottingham,0.0,1.0
ENG-Premier League,2526,66fee216,2025-12-04,Manchester Utd,West Ham,1.0,1.0
ENG-Premier League,2526,f6d068df,2025-12-06,Aston Villa,Arsenal,2.0,1.0
ENG-Premier League,2526,c6875359,2025-12-06,Bournemouth,Chelsea,0.0,0.0
ENG-Premier League,2526,cbe24427,2025-12-06,Everton,Nottingham,3.0,0.0
ENG-Premier League,2526,c0fc0aac,2025-12-06,Leeds United,Liverpool,3.0,3.0
ENG-Premier League,2526,1f7cfc5f,2025-12-06,Manchester City,Sunderland,3.0,0.0
ENG-Premier League,2526,e5ed4270,2025-12-06,Newcastle,Burnley,2.0,1.0
ENG-Premier League,2526,9a4fd973,2025-12-06,Tottenham,Brentford,2.0,0.0
ENG-Premier League,2526,e5c1f07b,2025-12-07,Brighton,West Ham,1.0,1.0
ENG-Premier League,2526,c0ececfd,2025-12-07,Fulham,Crystal Palace,1.0,2.0
ENG-Premier League,2526,d52338cb,2025-12-08,Wolves,Manchester Utd,1.0,4.0
ENG-Premier League,2526,5914e624,2025-12-13,Arsenal,Wolves,2.0,1.0
ENG-Premier League,2526,993fe4a5,2025-12-13,Burnley,Fulham,2.0,3.0
ENG-Premier League,2526,33f5c26d,2025-12-13,Chelsea,Everton,2.0,0.0
ENG-Premier League,2526,9b6b7eac,2025-12-13,Liverpool,Brighton,2.0,0.0
ENG-Premier League,2526,68c62e00,2025-12-14,Brentford,Leeds United,1.0,1.0
ENG-Premier League,2526,88d54a65,2025-12-14,Crystal Palace,Manchester City,0.0,3.0
ENG-Premier League,2526,30741081,2025-12-14,Nottingham,Tottenham,3.0,0.0
ENG-Premier League,2526,f0108982,2025-12-14,Sunderland,Newcastle,1.0,0.0
ENG-Premier League,2526,88b3c085,2025-12-14,West Ham,Aston Villa,2.0,3.0
ENG-Premier League,2526,fe812068,2025-12-15,Manchester Utd,Bournemouth,4.0,4.0
ENG-Premier League,2526,f248c97b,2025-12-20,Bournemouth,Burnley,1.0,1.0
ENG-Premier League,2526,8751f2e2,2025-12-20,Brighton,Sunderland,0.0,0.0
ENG-Premier League,2526,9bf2aba0,2025-12-20,Everton,Arsenal,0.0,1.0
ENG-Premier League,2526,a105af33,2025-12-20,Leeds United,Crystal Palace,4.0,1.0
ENG-Premier League,2526,56b82593,2025-12-20,Manchester City,West Ham,3.0,0.0
ENG-Premier League,2526,4972e40c,2025-12-20,Newcastle,Chelsea,2.0,2.0
ENG-Premier League,2526,30618752,2025-12-20,Tottenham,Liverpool,1.0,2.0
ENG-Premier League,2526,3c79be9f,2025-12-20,Wolves,Brentford,0.0,2.0
ENG-Premier League,2526,0da8e4de,2025-12-21,Aston Villa,Manchester Utd,2.0,1.0
ENG-Premier League,2526,23ee8b09,2025-12-22,Fulham,Nottingham,1.0,0.0
ENG-Premier League,2526,aff462b8,2025-12-26,Manchester Utd,Newcastle,1.0,0.0
ENG-Premier League,2526,ad61fc31,2025-12-27,Arsenal,Brighton,2.0,1.0
ENG-Premier League,2526,512bb3b3,2025-12-27,Brentford,Bournemouth,4.0,1.0
ENG-Premier League,2526,8f2a6c20,2025-12-27,Burnley,Everton,0.0,0.0
ENG-Premier League,2526,3ddb49f0,2025-12-27,Chelsea,Aston Villa,1.0,2.0
ENG-Premier League,2526,b329ca7b,2025-12-27,Liverpool,Wolves,2.0,1.0
ENG-Premier League,2526,8d38f2e5,2025-12-27,Nottingham,Manchester City,1.0,2.0
ENG-Premier League,2526,424b7408,2025-12-27,West Ham,Fulham,0.0,1.0
ENG-Premier League,2526,da05abe0,2025-12-28,Crystal Palace,Tottenham,0.0,1.0
ENG-Premier League,2526,9c510880,2025-12-28,Sunderland,Leeds United,1.0,1.0
ENG-Premier League,2526,89b4ea51,2025-12-30,Arsenal,Aston Villa,4.0,1.0
ENG-Premier League,2526,7e8f51ca,2025-12-30,Burnley,Newcastle,1.0,3.0
ENG-Premier League,2526,6abcb6e9,2025-12-30,Chelsea,Bournemouth,2.0,2.0
ENG-Premier League,2526,bf3cb7a6,2025-12-30,Manchester Utd,Wolves,1.0,1.0
ENG-Premier League,2526,9e232624,2025-12-30,Nottingham,Everton,0.0,2.0
ENG-Premier League,2526,2ed2a547,2025-12-30,West Ham,Brighton,2.0,2.0
ENG-Premier League,2526,560a0a6c,2026-01-01,Brentford,Tottenham,0.0,0.0
ENG-Premier League,2526,08780759,2026-01-01,Crystal Palace,Fulham,1.0,1.0
ENG-Premier League,2526,148c23a6,2026-01-01,Liverpool,Leeds United,0.0,0.0
ENG-Premier League,2526,3f843d94,2026-01-01,Sunderland,Manchester City,0.0,0.0
ENG-Premier League,2526,4ef85729,2026-01-03,Aston Villa,Nottingham,3.0,1.0
ENG-Premier League,2526,db124c87,2026-01-03,Bournemouth,Arsenal,2.0,3.0
ENG-Premier League,2526,987e9f89,2026-01-03,Brighton,Burnley,2.0,0.0
ENG-Premier League,2526,9364f40b,2026-01-03,Wolves,West Ham,3.0,0.0
ENG-Premier League,2526,a67dd0e7,2026-01-04,Everton,Brentford,2.0,4.0
ENG-Premier League,2526,a5b3e9ba,2026-01-04,Fulham,Liverpool,2.0,2.0
ENG-Premier League,2526,7ecdefc0,2026-01-04,Leeds United,Manchester Utd,1.0,1.0
ENG-Premier League,2526,989daed4,2026-01-04,Manchester City,Chelsea,1.0,1.0
ENG-Premier League,2526,b4262b3c,2026-01-04,Newcastle,Crystal Palace,2.0,0.0
ENG-Premier League,2526,06bb7d71,2026-01-04,Tottenham,Sunderland,1.0,1.0
ENG-Premier League,2526,e0b5b423,2026-01-06,West Ham,Nottingham,1.0,2.0
ENG-Premier League,2526,269b2844,2026-01-07,Bournemouth,Tottenham,3.0,2.0
ENG-Premier League,2526,9c19f0b3,2026-01-07,Brentford,Sunderland,3.0,0.0
ENG-Premier League,2526,d85506f2,2026-01-07,Burnley,Manchester Utd,2.0,2.0
ENG-Premier League,2526,f5a77398,2026-01-07,Crystal Palace,Aston Villa,0.0,0.0
ENG-Premier League,2526,6512ce95,2026-01-07,Everton,Wolves,1.0,1.0
ENG-Premier League,2526,21522578,2026-01-07,Fulham,Chelsea,2.0,1.0
ENG-Premier League,2526,009bbc59,2026-01-07,Manchester City,Brighton,1.0,1.0
ENG-Premier League,2526,460a6353,2026-01-07,Newcastle,Leeds United,4.0,3.0
ENG-Premier League,2526,2b794de5,2026-01-08,Arsenal,Liverpool,0.0,0.0
ENG-Premier League,2526,ad299900,2026-01-17,Chelsea,Brentford,2.0,0.0
ENG-Premier League,2526,8179bcb9,2026-01-17,Leeds United,Fulham,1.0,0.0
ENG-Premier League,2526,cf2163fd,2026-01-17,Liverpool,Burnley,1.0,1.0
ENG-Premier League,2526,185626e2,2026-01-17,Manchester Utd,Manchester City,2.0,0.0
ENG-Premier League,2526,345215db,2026-01-17,Nottingham,Arsenal,0.0,0.0
ENG-Premier League,2526,fd2bfdd0,2026-01-17,Sunderland,Crystal Palace,2.0,1.0
ENG-Premier League,2526,f320a9c9,2026-01-17,Tottenham,West Ham,1.0,2.0
ENG-Premier League,2526,fb95c6a0,2026-01-18,Aston Villa,Everton,0.0,1.0
ENG-Premier League,2526,318b1da4,2026-01-18,Wolves,Newcastle,0.0,0.0
ENG-Premier League,2526,f118b5cb,2026-01-19,Brighton,Bournemouth,1.0,1.0
ENG-Premier League,2526,accb3a02,2026-01-24,Bournemouth,Liverpool,3.0,2.0
ENG-Premier League,2526,c4255de6,2026-01-24,Burnley,Tottenham,2.0,2.0
ENG-Premier League,2526,c6401377,2026-01-24,Fulham,Brighton,2.0,1.0
ENG-Premier League,2526,ebde1961,2026-01-24,Manchester City,Wolves,2.0,0.0
ENG-Premier League,2526,0032e7a3,2026-01-24,West Ham,Sunderland,3.0,1.0
ENG-Premier League,2526,776b0a40,2026-01-25,Arsenal,Manchester Utd,2.0,3.0
ENG-Premier League,2526,6f5cb4ab,2026-01-25,Brentford,Nottingham,0.0,2.0
ENG-Premier League,2526,8aa8dc76,2026-01-25,Crystal Palace,Chelsea,1.0,3.0
ENG-Premier League,2526,fbd2a96b,2026-01-25,Newcastle,Aston Villa,0.0,2.0
ENG-Premier League,2526,2cd65ee9,2026-01-26,Everton,Leeds United,1.0,1.0
ENG-Premier League,2526,3fccfdc9,2026-01-31,Brighton,Everton,1.0,1.0
ENG-Premier League,2526,a2d7d043,2026-01-31,Chelsea,West Ham,3.0,2.0
ENG-Premier League,2526,0b316a86,2026-01-31,Leeds United,Arsenal,0.0,4.0
ENG-Premier League,2526,753e73e5,2026-01-31,Liverpool,Newcastle,4.0,1.0
ENG-Premier League,2526,535a977f,2026-01-31,Wolves,Bournemouth,0.0,2.0
ENG-Premier League,2526,291c58ad,2026-02-01,Aston Villa,Brentford,0.0,1.0
ENG-Premier League,2526,d35c00df,2026-02-01,Manchester Utd,Fulham,3.0,2.0
ENG-Premier League,2526,a68e5dc6,2026-02-01,Nottingham,Crystal Palace,1.0,1.0
ENG-Premier League,2526,bf964dbb,2026-02-01,Tottenham,Manchester City,2.0,2.0
ENG-Premier League,2526,8e2fb73d,2026-02-02,Sunderland,Burnley,3.0,0.0
ENG-Premier League,2526,58356b12,2026-02-06,Leeds United,Nottingham,3.0,1.0
ENG-Premier League,2526,686d660a,2026-02-07,Arsenal,Sunderland,3.0,0.0
ENG-Premier League,2526,d946c716,2026-02-07,Bournemouth,Aston Villa,1.0,1.0
ENG-Premier League,2526,80ab7be1,2026-02-07,Burnley,West Ham,0.0,2.0
ENG-Premier League,2526,488d99a3,2026-02-07,Fulham,Everton,1.0,2.0
ENG-Premier League,2526,1de9b261,2026-02-07,Manchester Utd,Tottenham,2.0,0.0
ENG-Premier League,2526,c576b069,2026-02-07,Newcastle,Brentford,2.0,3.0
ENG-Premier League,2526,a8e11f0c,2026-02-07,Wolves,Chelsea,1.0,3.0
ENG-Premier League,2526,d16c9a31,2026-02-08,Brighton,Crystal Palace,0.0,1.0
ENG-Premier League,2526,7fa414c3,2026-02-08,Liverpool,Manchester City,1.0,2.0
ENG-Premier League,2526,c2e2594b,2026-02-10,Chelsea,Leeds United,2.0,2.0
ENG-Premier League,2526,5edb7f11,2026-02-10,Everton,Bournemouth,1.0,2.0
ENG-Premier League,2526,bacd18c5,2026-02-10,Tottenham,Newcastle,1.0,2.0
ENG-Premier League,2526,1c8e3956,2026-02-10,West Ham,Manchester Utd,1.0,1.0
ENG-Premier League,2526,0e41702d,2026-02-11,Aston Villa,Brighton,1.0,0.0
ENG-Premier League,2526,2d7aef82,2026-02-11,Crystal Palace,Burnley,2.0,3.0
ENG-Premier League,2526,d1da1b85,2026-02-11,Manchester City,Fulham,3.0,0.0
ENG-Premier League,2526,aecf5052,2026-02-11,Nottingham,Wolves,0.0,0.0
ENG-Premier League,2526,854a0e6b,2026-02-11,Sunderland,Liverpool,0.0,1.0
ENG-Premier League,2526,33167c49,2026-02-12,Brentford,Arsenal,1.0,1.0
ENG-Premier League,2526,96241478,2026-02-18,Wolves,Arsenal,2.0,2.0
ENG-Premier League,2526,be7eca24,2026-02-21,Aston Villa,Leeds United,1.0,1.0
ENG-Premier League,2526,fefcfa2d,2026-02-21,Brentford,Brighton,0.0,2.0
ENG-Premier League,2526,27fb98e5,2026-02-21,Chelsea,Burnley,1.0,1.0
ENG-Premier League,2526,dfba2599,2026-02-21,Manchester City,Newcastle,2.0,1.0
ENG-Premier League,2526,cd5c0387,2026-02-21,West Ham,Bournemouth,0.0,0.0
ENG-Premier League,2526,224feca9,2026-02-22,Crystal Palace,Wolves,1.0,0.0
ENG-Premier League,2526,6f6574df,2026-02-22,Nottingham,Liverpool,0.0,1.0
ENG-Premier League,2526,22326a55,2026-02-22,Sunderland,Fulham,1.0,3.0
ENG-Premier League,2526,d8c5bce1,2026-02-22,Tottenham,Arsenal,1.0,4.0
ENG-Premier League,2526,11883630,2026-02-23,Everton,Manchester Utd,0.0,1.0
ENG-Premier League,2526,0061259a,2026-02-27,Wolves,Aston Villa,2.0,0.0
ENG-Premier League,2526,ddcde425,2026-02-28,Bournemouth,Sunderland,1.0,1.0
ENG-Premier League,2526,f8fc799f,2026-02-28,Burnley,Brentford,3.0,4.0
ENG-Premier League,2526,baf5cbeb,2026-02-28,Leeds United,Manchester City,0.0,1.0
ENG-Premier League,2526,7457ff50,2026-02-28,Liverpool,West Ham,5.0,2.0
ENG-Premier League,2526,d29535da,2026-02-28,Newcastle,Everton,2.0,3.0
ENG-Premier League,2526,afbe13a4,2026-03-01,Arsenal,Chelsea,2.0,1.0
ENG-Premier League,2526,061afa51,2026-03-01,Brighton,Nottingham,2.0,1.0
ENG-Premier League,2526,574b356f,2026-03-01,Fulham,Tottenham,2.0,1.0
ENG-Premier League,2526,0dc41c01,2026-03-01,Manchester Utd,Crystal Palace,2.0,1.0
ENG-Premier League,2526,86786c01,2026-03-03,Bournemouth,Brentford,0.0,0.0
ENG-Premier League,2526,4907f8ee,2026-03-03,Everton,Burnley,2.0,0.0
ENG-Premier League,2526,aebc568f,2026-03-03,Leeds United,Sunderland,0.0,1.0
ENG-Premier League,2526,79e52ce5,2026-03-03,Wolves,Liverpool,2.0,1.0
ENG-Premier League,2526,2f844910,2026-03-04,Aston Villa,Chelsea,1.0,4.0
ENG-Premier League,2526,7710fcb8,2026-03-04,Brighton,Arsenal,0.0,1.0
ENG-Premier League,2526,a13b6a4b,2026-03-04,Fulham,West Ham,0.0,1.0
ENG-Premier League,2526,bbad5618,2026-03-04,Manchester City,Nottingham,2.0,2.0
ENG-Premier League,2526,ef9a5f6d,2026-03-04,Newcastle,Manchester Utd,2.0,1.0
ENG-Premier League,2526,f4ad79f6,2026-03-05,Tottenham,Crystal Palace,1.0,3.0
ENG-Premier League,2526,07b4b588,2026-03-14,Arsenal,Everton,2.0,0.0
ENG-Premier League,2526,2e682c02,2026-03-14,Burnley,Bournemouth,0.0,0.0
ENG-Premier League,2526,b0544110,2026-03-14,Chelsea,Newcastle,0.0,1.0
ENG-Premier League,2526,8c18f2a7,2026-03-14,Sunderland,Brighton,0.0,1.0
ENG-Premier League,2526,d18bda53,2026-03-14,West Ham,Manchester City,1.0,1.0
ENG-Premier League,2526,82c4b5d5,2026-03-15,Crystal Palace,Leeds United,0.0,0.0
ENG-Premier League,2526,6126fdae,2026-03-15,Liverpool,Tottenham,1.0,1.0
ENG-Premier League,2526,3eb865bb,2026-03-15,Manchester Utd,Aston Villa,3.0,1.0
ENG-Premier League,2526,46ba2256,2026-03-15,Nottingham,Fulham,0.0,0.0
ENG-Premier League,2526,f206e250,2026-03-16,Brentford,Wolves,2.0,2.0
ENG-Premier League,2526,92da9022,2026-03-20,Bournemouth,Manchester Utd,2.0,2.0
ENG-Premier League,2526,74a9797c,2026-03-21,Brighton,Liverpool,2.0,1.0
ENG-Premier League,2526,224ff314,2026-03-21,Everton,Chelsea,3.0,0.0
ENG-Premier League,2526,2daef12e,2026-03-21,Fulham,Burnley,3.0,1.0
ENG-Premier League,2526,fbe78f2d,2026-03-21,Leeds United,Brentford,0.0,0.0
ENG-Premier League,2526,3d4d50ca,2026-03-22,Aston Villa,West Ham,2.0,0.0
ENG-Premier League,2526,91a43688,2026-03-22,Newcastle,Sunderland,1.0,2.0
ENG-Premier League,2526,99b853a8,2026-03-22,Tottenham,Nottingham,0.0,3.0
ENG-Premier League,2526,91b6a5b2,2026-04-10,West Ham,Wolves,4.0,0.0
ENG-Premier League,2526,38b3efe9,2026-04-11,Arsenal,Bournemouth,1.0,2.0
ENG-Premier League,2526,4ad6111d,2026-04-11,Brentford,Everton,2.0,2.0
ENG-Premier League,2526,8a4e78e0,2026-04-11,Burnley,Brighton,0.0,2.0
ENG-Premier League,2526,49d03039,2026-04-11,Liverpool,Fulham,2.0,0.0
ENG-Premier League,2526,5b6c0657,2026-04-12,Chelsea,Manchester City,0.0,3.0
ENG-Premier League,2526,1fd7d0d8,2026-04-12,Crystal Palace,Newcastle,2.0,1.0
ENG-Premier League,2526,f2dc47b8,2026-04-12,Nottingham,Aston Villa,1.0,1.0
ENG-Premier League,2526,b15e7296,2026-04-12,Sunderland,Tottenham,1.0,0.0
ENG-Premier League,2526,857d7924,2026-04-13,Manchester Utd,Leeds United,1.0,2.0
ENG-Premier League,2526,ffa0f139,2026-04-18,Brentford,Fulham,0.0,0.0
ENG-Premier League,2526,6053da7e,2026-04-18,Chelsea,Manchester Utd,0.0,1.0
ENG-Premier League,2526,f039597c,2026-04-18,Leeds United,Wolves,3.0,0.0
ENG-Premier League,2526,9a65e248,2026-04-18,Newcastle,Bournemouth,1.0,2.0
ENG-Premier League,2526,4ac6e328,2026-04-18,Tottenham,Brighton,2.0,2.0
ENG-Premier League,2526,c874d7e6,2026-04-19,Aston Villa,Sunderland,4.0,3.0
ENG-Premier League,2526,02dbe729,2026-04-19,Everton,Liverpool,1.0,2.0
ENG-Premier League,2526,7e3c19a1,2026-04-19,Manchester City,Arsenal,2.0,1.0
ENG-Premier League,2526,756bc106,2026-04-19,Nottingham,Burnley,4.0,1.0
ENG-Premier League,2526,1b93b08a,2026-04-20,Crystal Palace,West Ham,0.0,0.0
ENG-Premier League,2526,98622df4,2026-04-21,Brighton,Chelsea,3.0,0.0
ENG-Premier League,2526,5ca5500a,2026-04-22,Bournemouth,Leeds United,2.0,2.0
ENG-Premier League,2526,d4c039e0,2026-04-22,Burnley,Manchester City,0.0,1.0
ENG-Premier League,2526,1b9afc4b,2026-04-24,Sunderland,Nottingham,0.0,5.0
ENG-Premier League,2526,aaff013b,2026-04-25,Arsenal,Newcastle,1.0,0.0
ENG-Premier League,2526,e38ffa68,2026-04-25,Fulham,Aston Villa,1.0,0.0
ENG-Premier League,2526,2ffa2be0,2026-04-25,Liverpool,Crystal Palace,3.0,1.0
ENG-Premier League,2526,a0cc665c,2026-04-25,West Ham,Everton,2.0,1.0
ENG-Premier League,2526,3b97170d,2026-04-25,Wolves,Tottenham,0.0,1.0
ENG-Premier League,2526,d90d2b6c,2026-04-27,Manchester Utd,Brentford,2.0,1.0
ENG-Premier League,2526,a951ce95,2026-05-01,Leeds United,Burnley,3.0,1.0
ENG-Premier League,2526,136b19eb,2026-05-02,Arsenal,Fulham,3.0,0.0
ENG-Premier League,2526,637d95da,2026-05-02,Brentford,West Ham,3.0,0.0
ENG-Premier League,2526,c569f7f7,2026-05-02,Newcastle,Brighton,3.0,1.0
ENG-Premier League,2526,d6666d63,2026-05-02,Wolves,Sunderland,1.0,1.0
ENG-Premier League,2526,1e039e05,2026-05-03,Aston Villa,Tottenham,1.0,2.0
ENG-Premier League,2526,d7832ab6,2026-05-03,Bournemouth,Crystal Palace,3.0,0.0
ENG-Premier League,2526,a9037198,2026-05-03,Manchester Utd,Liverpool,3.0,2.0
ENG-Premier League,2526,59f26cd9,2026-05-04,Chelsea,Nottingham,1.0,3.0
ENG-Premier League,2526,2446cca5,2026-05-04,Everton,Manchester City,3.0,3.0
ENG-Premier League,2526,b77bb459,2026-05-09,Brighton,Wolves,3.0,0.0
ENG-Premier League,2526,89538ca1,2026-05-09,Fulham,Bournemouth,0.0,1.0
ENG-Premier League,2526,b8728f43,2026-05-09,Liverpool,Chelsea,1.0,1.0
ENG-Premier League,2526,cce1ef93,2026-05-09,Manchester City,Brentford,3.0,0.0
ENG-Premier League,2526,92e59b6f,2026-05-09,Sunderland,Manchester Utd,0.0,0.0
ENG-Premier League,2526,23cb8016,2026-05-10,Burnley,Aston Villa,2.0,2.0
ENG-Premier League,2526,07dfce00,2026-05-10,Crystal Palace,Everton,2.0,2.0
ENG-Premier League,2526,8104e9be,2026-05-10,Nottingham,Newcastle,1.0,1.0
ENG-Premier League,2526,6d9cd398,2026-05-10,West Ham,Arsenal,0.0,1.0
ENG-Premier League,2526,79495c07,2026-05-11,Tottenham,Leeds United,1.0,1.0
ENG-Premier League,2526,b435bf00,2026-05-13,Manchester City,Crystal Palace,3.0,0.0
ENG-Premier League,2526,2392e965,2026-05-15,Aston Villa,Liverpool,4.0,2.0
ENG-Premier League,2526,bf61d4e7,2026-05-17,Brentford,Crystal Palace,2.0,2.0
ENG-Premier League,2526,1c8203d0,2026-05-17,Everton,Sunderland,1.0,3.0
ENG-Premier League,2526,a895fed0,2026-05-17,Leeds United,Brighton,1.0,0.0
ENG-Premier League,2526,757ec96c,2026-05-17,Manchester Utd,Nottingham,3.0,2.0
ENG-Premier League,2526,d3152ac7,2026-05-17,Newcastle,West Ham,3.0,1.0
ENG-Premier League,2526,8de20e5a,2026-05-17,Wolves,Fulham,1.0,1.0
ENG-Premier League,2526,8363c605,2026-05-18,Arsenal,Burnley,1.0,0.0
ENG-Premier League,2526,095133fe,2026-05-19,Bournemouth,Manchester City,1.0,1.0
ENG-Premier League,2526,fb3f230e,2026-05-19,Chelsea,Tottenham,2.0,1.0
ENG-Premier League,2526,68316553,2026-05-24,Brighton,Manchester Utd,0.0,3.0
ENG-Premier League,2526,472071fa,2026-05-24,Burnley,Wolves,1.0,1.0
ENG-Premier League,2526,d0233f18,2026-05-24,Crystal Palace,Arsenal,1.0,2.0
ENG-Premier League,2526,4f95517c,2026-05-24,Fulham,Newcastle,2.0,0.0
ENG-Premier League,2526,bd48c230,2026-05-24,Liverpool,Brentford,1.0,1.0
ENG-Premier League,2526,b35e6512,2026-05-24,Manchester City,Aston Villa,1.0,2.0
ENG-Premier League,2526,7517b26a,2026-05-24,Nottingham,Bournemouth,1.0,1.0
ENG-Premier League,2526,384f3785,2026-05-24,Sunderland,Chelsea,2.0,1.0
ENG-Premier League,2526,2dfc43ad,2026-05-24,Tottenham,Everton,1.0,0.0
ENG-Premier League,2526,df8c12d9,2026-05-24,West Ham,Leeds United,3.0,0.0
ESP-La Liga,2122,e69c743a,2021-08-13,Valencia,Getafe,1.0,0.0
ESP-La Liga,2122,9613fb68,2021-08-14,Alavés,Real Madrid,1.0,4.0
ESP-La Liga,2122,bc5ea8ef,2021-08-14,Cádiz,Levante,1.0,1.0
ESP-La Liga,2122,7e4bbae4,2021-08-14,Mallorca,Real Betis,1.0,1.0
ESP-La Liga,2122,fc0ee51a,2021-08-14,Osasuna,Espanyol,0.0,0.0
ESP-La Liga,2122,23eddc5a,2021-08-15,Barcelona,Real Sociedad,4.0,2.0
ESP-La Liga,2122,c1065902,2021-08-15,Celta Vigo,Atlético Madrid,1.0,2.0
ESP-La Liga,2122,170fe01e,2021-08-15,Sevilla,Rayo Vallecano,3.0,0.0
ESP-La Liga,2122,e803fa9b,2021-08-16,Elche,Athletic Club,0.0,0.0
ESP-La Liga,2122,953c7040,2021-08-16,Villarreal,Granada,0.0,0.0
ESP-La Liga,2122,260fb527,2021-08-20,Real Betis,Cádiz,1.0,1.0
ESP-La Liga,2122,b5a317ed,2021-08-21,Alavés,Mallorca,0.0,1.0
ESP-La Liga,2122,102335b0,2021-08-21,Athletic Club,Barcelona,1.0,1.0
ESP-La Liga,2122,71c88c41,2021-08-21,Espanyol,Villarreal,0.0,0.0
ESP-La Liga,2122,a7352bb8,2021-08-21,Granada,Valencia,1.0,1.0
ESP-La Liga,2122,80604449,2021-08-22,Atlético Madrid,Elche,1.0,0.0
ESP-La Liga,2122,5873d86e,2021-08-22,Levante,Real Madrid,3.0,3.0
ESP-La Liga,2122,d071d7bb,2021-08-22,Real Sociedad,Rayo Vallecano,1.0,0.0
ESP-La Liga,2122,8b28af73,2021-08-23,Getafe,Sevilla,0.0,1.0
ESP-La Liga,2122,f686af39,2021-08-23,Osasuna,Celta Vigo,0.0,0.0
ESP-La Liga,2122,18ddc36b,2021-08-27,Mallorca,Espanyol,1.0,0.0
ESP-La Liga,2122,3334afc1,2021-08-27,Valencia,Alavés,3.0,0.0
ESP-La Liga,2122,70bf2efa,2021-08-28,Celta Vigo,Athletic Club,0.0,1.0
ESP-La Liga,2122,38ea97e2,2021-08-28,Elche,Sevilla,1.0,1.0
ESP-La Liga,2122,54008ddc,2021-08-28,Real Betis,Real Madrid,0.0,1.0
ESP-La Liga,2122,10bdbdae,2021-08-28,Real Sociedad,Levante,1.0,0.0
ESP-La Liga,2122,ac93ead3,2021-08-29,Atlético Madrid,Villarreal,2.0,2.0
ESP-La Liga,2122,c2818e17,2021-08-29,Barcelona,Getafe,2.0,1.0
ESP-La Liga,2122,99bb8435,2021-08-29,Cádiz,Osasuna,2.0,3.0
ESP-La Liga,2122,6bb68301,2021-08-29,Rayo Vallecano,Granada,4.0,0.0
ESP-La Liga,2122,f8700700,2021-09-11,Athletic Club,Mallorca,2.0,0.0
ESP-La Liga,2122,5aac11ea,2021-09-11,Levante,Rayo Vallecano,1.0,1.0
ESP-La Liga,2122,fdc88091,2021-09-12,Cádiz,Real Sociedad,0.0,2.0
ESP-La Liga,2122,baafc274,2021-09-12,Espanyol,Atlético Madrid,1.0,2.0
ESP-La Liga,2122,a4c4a359,2021-09-12,Osasuna,Valencia,1.0,4.0
ESP-La Liga,2122,2bd87057,2021-09-12,Real Madrid,Celta Vigo,5.0,2.0
ESP-La Liga,2122,f8108665,2021-09-13,Getafe,Elche,0.0,1.0
ESP-La Liga,2122,2b813dce,2021-09-13,Granada,Real Betis,1.0,2.0
ESP-La Liga,2122,e52a32d1,2021-09-17,Celta Vigo,Cádiz,1.0,2.0
ESP-La Liga,2122,623e3c01,2021-09-18,Alavés,Osasuna,0.0,2.0
ESP-La Liga,2122,183bd6ff,2021-09-18,Atlético Madrid,Athletic Club,0.0,0.0
ESP-La Liga,2122,60fda0b2,2021-09-18,Elche,Levante,1.0,1.0
ESP-La Liga,2122,48c210c0,2021-09-18,Rayo Vallecano,Getafe,3.0,0.0
ESP-La Liga,2122,44ac4530,2021-09-19,Mallorca,Villarreal,0.0,0.0
ESP-La Liga,2122,88123170,2021-09-19,Real Betis,Espanyol,2.0,2.0
ESP-La Liga,2122,73394b42,2021-09-19,Real Sociedad,Sevilla,0.0,0.0
ESP-La Liga,2122,140f4110,2021-09-19,Valencia,Real Madrid,1.0,2.0
ESP-La Liga,2122,0bd211ca,2021-09-20,Barcelona,Granada,1.0,1.0
ESP-La Liga,2122,d79992a9,2021-09-21,Athletic Club,Rayo Vallecano,1.0,2.0
ESP-La Liga,2122,2d8f94f0,2021-09-21,Getafe,Atlético Madrid,1.0,2.0
ESP-La Liga,2122,b519bab2,2021-09-21,Levante,Celta Vigo,0.0,2.0
ESP-La Liga,2122,a62f546a,2021-09-22,Espanyol,Alavés,1.0,0.0
ESP-La Liga,2122,98f9512c,2021-09-22,Real Madrid,Mallorca,6.0,1.0
ESP-La Liga,2122,965b998e,2021-09-22,Sevilla,Valencia,3.0,1.0
ESP-La Liga,2122,bb5cf1de,2021-09-22,Villarreal,Elche,4.0,1.0
ESP-La Liga,2122,fadbd5f6,2021-09-23,Cádiz,Barcelona,0.0,0.0
ESP-La Liga,2122,a5489f75,2021-09-23,Granada,Real Sociedad,2.0,3.0
ESP-La Liga,2122,7282ccc0,2021-09-23,Osasuna,Real Betis,1.0,3.0
ESP-La Liga,2122,f37766a4,2021-09-25,Alavés,Atlético Madrid,1.0,0.0
ESP-La Liga,2122,d2c094db,2021-09-25,Real Madrid,Villarreal,0.0,0.0
ESP-La Liga,2122,c668317c,2021-09-25,Sevilla,Espanyol,2.0,0.0
ESP-La Liga,2122,9cdcd899,2021-09-25,Valencia,Athletic Club,1.0,1.0
ESP-La Liga,2122,eafd9715,2021-09-26,Barcelona,Levante,3.0,0.0
ESP-La Liga,2122,bdae64c6,2021-09-26,Mallorca,Osasuna,2.0,3.0
ESP-La Liga,2122,72c091c6,2021-09-26,Rayo Vallecano,Cádiz,3.0,1.0
ESP-La Liga,2122,67476a1c,2021-09-26,Real Betis,Getafe,2.0,0.0
ESP-La Liga,2122,edd7cbf9,2021-09-26,Real Sociedad,Elche,1.0,0.0
ESP-La Liga,2122,52d09577,2021-09-27,Celta Vigo,Granada,1.0,0.0
ESP-La Liga,2122,fb9e279b,2021-10-01,Athletic Club,Alavés,1.0,0.0
ESP-La Liga,2122,5678d0a8,2021-10-02,Atlético Madrid,Barcelona,2.0,0.0
ESP-La Liga,2122,ff2e7855,2021-10-02,Cádiz,Valencia,0.0,0.0
ESP-La Liga,2122,1587e2a3,2021-10-02,Mallorca,Levante,1.0,0.0
ESP-La Liga,2122,3f2a81eb,2021-10-02,Osasuna,Rayo Vallecano,1.0,0.0
ESP-La Liga,2122,6d1df89a,2021-10-03,Elche,Celta Vigo,1.0,0.0
ESP-La Liga,2122,7af1aac6,2021-10-03,Espanyol,Real Madrid,2.0,1.0
ESP-La Liga,2122,d273c496,2021-10-03,Getafe,Real Sociedad,1.0,1.0
ESP-La Liga,2122,ad6c38fa,2021-10-03,Granada,Sevilla,1.0,0.0
ESP-La Liga,2122,ebd1fe82,2021-10-03,Villarreal,Real Betis,2.0,0.0
ESP-La Liga,2122,093fea09,2021-10-16,Levante,Getafe,0.0,0.0
ESP-La Liga,2122,8473b085,2021-10-16,Real Sociedad,Mallorca,1.0,0.0
ESP-La Liga,2122,2a3e67f6,2021-10-17,Barcelona,Valencia,3.0,1.0
ESP-La Liga,2122,5f99a85d,2021-10-17,Celta Vigo,Sevilla,0.0,1.0
ESP-La Liga,2122,dd74ec09,2021-10-17,Rayo Vallecano,Elche,2.0,1.0
ESP-La Liga,2122,cdc92553,2021-10-17,Villarreal,Osasuna,1.0,2.0
ESP-La Liga,2122,26e9e3f4,2021-10-18,Alavés,Real Betis,0.0,1.0
ESP-La Liga,2122,b3946deb,2021-10-18,Espanyol,Cádiz,2.0,0.0
ESP-La Liga,2122,a135e5a3,2021-10-22,Osasuna,Granada,1.0,1.0
ESP-La Liga,2122,8660c107,2021-10-23,Athletic Club,Villarreal,2.0,1.0
ESP-La Liga,2122,ca8a8682,2021-10-23,Cádiz,Alavés,0.0,2.0
ESP-La Liga,2122,43ebabcc,2021-10-23,Elche,Espanyol,2.0,2.0
ESP-La Liga,2122,8dd835a6,2021-10-23,Valencia,Mallorca,2.0,2.0
ESP-La Liga,2122,7b45d31f,2021-10-24,Atlético Madrid,Real Sociedad,2.0,2.0
ESP-La Liga,2122,5225b8b5,2021-10-24,Barcelona,Real Madrid,1.0,2.0
ESP-La Liga,2122,18584e70,2021-10-24,Real Betis,Rayo Vallecano,3.0,2.0
ESP-La Liga,2122,4654a354,2021-10-24,Sevilla,Levante,5.0,3.0
ESP-La Liga,2122,a46f189c,2021-10-25,Getafe,Celta Vigo,0.0,3.0
ESP-La Liga,2122,d8ad4c14,2021-10-26,Alavés,Elche,1.0,0.0
ESP-La Liga,2122,e268343f,2021-10-26,Espanyol,Athletic Club,1.0,1.0
ESP-La Liga,2122,43a5cb2e,2021-10-26,Villarreal,Cádiz,3.0,3.0
ESP-La Liga,2122,f43933c7,2021-10-27,Mallorca,Sevilla,1.0,1.0
ESP-La Liga,2122,be333306,2021-10-27,Rayo Vallecano,Barcelona,1.0,0.0
ESP-La Liga,2122,7b7dbd26,2021-10-27,Real Betis,Valencia,4.0,1.0
ESP-La Liga,2122,413a7fda,2021-10-27,Real Madrid,Osasuna,0.0,0.0
ESP-La Liga,2122,bc4cdc8b,2021-10-28,Celta Vigo,Real Sociedad,0.0,2.0
ESP-La Liga,2122,0f03f625,2021-10-28,Granada,Getafe,1.0,1.0
ESP-La Liga,2122,13bb0b01,2021-10-28,Levante,Atlético Madrid,2.0,2.0
ESP-La Liga,2122,ddb09e34,2021-10-30,Barcelona,Alavés,1.0,1.0
ESP-La Liga,2122,f940a8b1,2021-10-30,Elche,Real Madrid,1.0,2.0
ESP-La Liga,2122,170e5383,2021-10-30,Sevilla,Osasuna,2.0,0.0
ESP-La Liga,2122,e4633fbd,2021-10-30,Valencia,Villarreal,2.0,0.0
ESP-La Liga,2122,bd2f6fb5,2021-10-31,Atlético Madrid,Real Betis,3.0,0.0
ESP-La Liga,2122,62135a00,2021-10-31,Cádiz,Mallorca,1.0,1.0
ESP-La Liga,2122,eb0ba7e9,2021-10-31,Getafe,Espanyol,2.0,1.0
ESP-La Liga,2122,681341da,2021-10-31,Real Sociedad,Athletic Club,1.0,1.0
ESP-La Liga,2122,85e81054,2021-11-01,Levante,Granada,0.0,3.0
ESP-La Liga,2122,c393c541,2021-11-01,Rayo Vallecano,Celta Vigo,0.0,0.0
ESP-La Liga,2122,40305e70,2021-11-05,Athletic Club,Cádiz,0.0,1.0
ESP-La Liga,2122,96d2a74b,2021-11-06,Alavés,Levante,2.0,1.0
ESP-La Liga,2122,59a8ec39,2021-11-06,Celta Vigo,Barcelona,3.0,3.0
ESP-La Liga,2122,cb3b1a85,2021-11-06,Espanyol,Granada,2.0,0.0
ESP-La Liga,2122,1c713f2a,2021-11-06,Real Madrid,Rayo Vallecano,2.0,1.0
ESP-La Liga,2122,7f4030b4,2021-11-07,Mallorca,Elche,2.0,2.0
ESP-La Liga,2122,3cddce8c,2021-11-07,Osasuna,Real Sociedad,0.0,2.0
ESP-La Liga,2122,0d8f54b7,2021-11-07,Real Betis,Sevilla,0.0,2.0
ESP-La Liga,2122,5a71490e,2021-11-07,Valencia,Atlético Madrid,3.0,3.0
ESP-La Liga,2122,811b840c,2021-11-07,Villarreal,Getafe,1.0,0.0
ESP-La Liga,2122,b0c74874,2021-11-19,Levante,Athletic Club,0.0,0.0
ESP-La Liga,2122,6aa251fe,2021-11-20,Atlético Madrid,Osasuna,1.0,0.0
ESP-La Liga,2122,abb1da57,2021-11-20,Barcelona,Espanyol,1.0,0.0
ESP-La Liga,2122,9ceae486,2021-11-20,Celta Vigo,Villarreal,1.0,1.0
ESP-La Liga,2122,2566becc,2021-11-20,Sevilla,Alavés,2.0,2.0
ESP-La Liga,2122,bc4e66b1,2021-11-21,Elche,Real Betis,0.0,3.0
ESP-La Liga,2122,054867fe,2021-11-21,Getafe,Cádiz,4.0,0.0
ESP-La Liga,2122,14d38d9d,2021-11-21,Granada,Real Madrid,1.0,4.0
ESP-La Liga,2122,457fefd4,2021-11-21,Real Sociedad,Valencia,0.0,0.0
ESP-La Liga,2122,8f5e9f09,2021-11-22,Rayo Vallecano,Mallorca,3.0,1.0
ESP-La Liga,2122,5ff3006d,2021-11-26,Athletic Club,Granada,2.0,2.0
ESP-La Liga,2122,b79a9a83,2021-11-27,Alavés,Celta Vigo,1.0,2.0
ESP-La Liga,2122,4cd319a3,2021-11-27,Mallorca,Getafe,0.0,0.0
ESP-La Liga,2122,5ed758ee,2021-11-27,Valencia,Rayo Vallecano,1.0,1.0
ESP-La Liga,2122,33e27dc0,2021-11-27,Villarreal,Barcelona,1.0,3.0
ESP-La Liga,2122,49373b18,2021-11-28,Cádiz,Atlético Madrid,1.0,4.0
ESP-La Liga,2122,4cbde2ca,2021-11-28,Espanyol,Real Sociedad,1.0,0.0
ESP-La Liga,2122,8872617e,2021-11-28,Real Betis,Levante,3.0,1.0
ESP-La Liga,2122,4e098937,2021-11-28,Real Madrid,Sevilla,2.0,1.0
ESP-La Liga,2122,eb0b28d9,2021-11-29,Osasuna,Elche,1.0,1.0
ESP-La Liga,2122,2221fb1a,2021-12-01,Real Madrid,Athletic Club,1.0,0.0
ESP-La Liga,2122,6e15b9eb,2021-12-03,Granada,Alavés,2.0,1.0
ESP-La Liga,2122,fc33659d,2021-12-04,Atlético Madrid,Mallorca,1.0,2.0
ESP-La Liga,2122,268dc2a6,2021-12-04,Barcelona,Real Betis,0.0,1.0
ESP-La Liga,2122,428cdc1d,2021-12-04,Real Sociedad,Real Madrid,0.0,2.0
ESP-La Liga,2122,d81bffc9,2021-12-04,Sevilla,Villarreal,1.0,0.0
ESP-La Liga,2122,1eebab4b,2021-12-05,Celta Vigo,Valencia,1.0,2.0
ESP-La Liga,2122,9ae8b03f,2021-12-05,Elche,Cádiz,3.0,1.0
ESP-La Liga,2122,328d7561,2021-12-05,Levante,Osasuna,0.0,0.0
ESP-La Liga,2122,3d1f6a5d,2021-12-05,Rayo Vallecano,Espanyol,1.0,0.0
ESP-La Liga,2122,43922a84,2021-12-06,Getafe,Athletic Club,0.0,0.0
ESP-La Liga,2122,cbe4e465,2021-12-10,Mallorca,Celta Vigo,0.0,0.0
ESP-La Liga,2122,d6f9c735,2021-12-11,Alavés,Getafe,1.0,1.0
ESP-La Liga,2122,c6e069d5,2021-12-11,Athletic Club,Sevilla,0.0,1.0
ESP-La Liga,2122,3ba60869,2021-12-11,Espanyol,Levante,4.0,3.0
ESP-La Liga,2122,4aab63b0,2021-12-11,Valencia,Elche,2.0,1.0
ESP-La Liga,2122,37eadcf7,2021-12-12,Osasuna,Barcelona,2.0,2.0
ESP-La Liga,2122,accb94dd,2021-12-12,Real Betis,Real Sociedad,4.0,0.0
ESP-La Liga,2122,ee4158be,2021-12-12,Real Madrid,Atlético Madrid,2.0,0.0
ESP-La Liga,2122,b324e13d,2021-12-12,Villarreal,Rayo Vallecano,2.0,0.0
ESP-La Liga,2122,d3668c41,2021-12-13,Cádiz,Granada,1.0,1.0
ESP-La Liga,2122,04ed17a7,2021-12-17,Celta Vigo,Espanyol,3.0,1.0
ESP-La Liga,2122,611e1be5,2021-12-18,Barcelona,Elche,3.0,2.0
ESP-La Liga,2122,b9745c66,2021-12-18,Rayo Vallecano,Alavés,2.0,0.0
ESP-La Liga,2122,8eecfe5a,2021-12-18,Real Sociedad,Villarreal,1.0,3.0
ESP-La Liga,2122,4dd4d3da,2021-12-18,Sevilla,Atlético Madrid,2.0,1.0
ESP-La Liga,2122,6223b17f,2021-12-19,Athletic Club,Real Betis,3.0,2.0
ESP-La Liga,2122,472cd4cf,2021-12-19,Getafe,Osasuna,1.0,0.0
ESP-La Liga,2122,aafa2121,2021-12-19,Granada,Mallorca,4.0,1.0
ESP-La Liga,2122,e4557ea7,2021-12-19,Real Madrid,Cádiz,0.0,0.0
ESP-La Liga,2122,e9bf296a,2021-12-20,Levante,Valencia,3.0,4.0
ESP-La Liga,2122,55b23c59,2021-12-21,Sevilla,Barcelona,1.0,1.0
ESP-La Liga,2122,27f3a1d7,2021-12-21,Villarreal,Alavés,5.0,2.0
ESP-La Liga,2122,ac9afdba,2021-12-22,Athletic Club,Real Madrid,1.0,2.0
ESP-La Liga,2122,37414fba,2021-12-22,Granada,Atlético Madrid,2.0,1.0
ESP-La Liga,2122,72bd4a17,2021-12-31,Valencia,Espanyol,1.0,2.0
ESP-La Liga,2122,5bbb6e37,2022-01-02,Alavés,Real Sociedad,1.0,1.0
ESP-La Liga,2122,db8f2a44,2022-01-02,Atlético Madrid,Rayo Vallecano,2.0,0.0
ESP-La Liga,2122,ef7b0052,2022-01-02,Elche,Granada,0.0,0.0
ESP-La Liga,2122,f6fab33c,2022-01-02,Getafe,Real Madrid,1.0,0.0
ESP-La Liga,2122,800b362a,2022-01-02,Mallorca,Barcelona,0.0,1.0
ESP-La Liga,2122,e8606821,2022-01-02,Real Betis,Celta Vigo,0.0,2.0
ESP-La Liga,2122,c409c152,2022-01-03,Cádiz,Sevilla,0.0,1.0
ESP-La Liga,2122,410b183c,2022-01-03,Osasuna,Athletic Club,1.0,3.0
ESP-La Liga,2122,b917f660,2022-01-03,Villarreal,Levante,5.0,0.0
ESP-La Liga,2122,b9ea6288,2022-01-08,Granada,Barcelona,1.0,1.0
ESP-La Liga,2122,ddec11bd,2022-01-08,Levante,Mallorca,2.0,0.0
ESP-La Liga,2122,aa6e8a1e,2022-01-08,Real Madrid,Valencia,4.0,1.0
ESP-La Liga,2122,c6e013a8,2022-01-08,Real Sociedad,Celta Vigo,1.0,0.0
ESP-La Liga,2122,b0f34622,2022-01-09,Alavés,Athletic Club,0.0,0.0
ESP-La Liga,2122,600a1fb9,2022-01-09,Osasuna,Cádiz,2.0,0.0
ESP-La Liga,2122,02ac456c,2022-01-09,Rayo Vallecano,Real Betis,1.0,1.0
ESP-La Liga,2122,1728411b,2022-01-09,Sevilla,Getafe,1.0,0.0
ESP-La Liga,2122,41d76b6c,2022-01-09,Villarreal,Atlético Madrid,2.0,2.0
ESP-La Liga,2122,621fe105,2022-01-10,Espanyol,Elche,1.0,2.0
ESP-La Liga,2122,39ce6079,2022-01-16,Elche,Villarreal,1.0,0.0
ESP-La Liga,2122,ae69d7a7,2022-01-18,Cádiz,Espanyol,2.0,2.0
ESP-La Liga,2122,2358f8c4,2022-01-18,Real Betis,Alavés,4.0,0.0
ESP-La Liga,2122,632ec926,2022-01-19,Celta Vigo,Osasuna,2.0,0.0
ESP-La Liga,2122,07690430,2022-01-19,Valencia,Sevilla,1.0,1.0
ESP-La Liga,2122,9ed4f8dd,2022-01-20,Getafe,Granada,4.0,2.0
ESP-La Liga,2122,0889bfc6,2022-01-21,Espanyol,Real Betis,1.0,4.0
ESP-La Liga,2122,c3462444,2022-01-22,Atlético Madrid,Valencia,3.0,2.0
ESP-La Liga,2122,ea39bd67,2022-01-22,Levante,Cádiz,0.0,2.0
ESP-La Liga,2122,5c572850,2022-01-22,Sevilla,Celta Vigo,2.0,2.0
ESP-La Liga,2122,a651a98b,2022-01-22,Villarreal,Mallorca,3.0,0.0
ESP-La Liga,2122,c80aedca,2022-01-23,Alavés,Barcelona,0.0,1.0
ESP-La Liga,2122,eba0e42c,2022-01-23,Granada,Osasuna,0.0,2.0
ESP-La Liga,2122,4976fdf1,2022-01-23,Rayo Vallecano,Athletic Club,0.0,1.0
ESP-La Liga,2122,769d70ff,2022-01-23,Real Madrid,Elche,2.0,2.0
ESP-La Liga,2122,20c47249,2022-01-23,Real Sociedad,Getafe,0.0,0.0
ESP-La Liga,2122,22b320f3,2022-02-04,Getafe,Levante,3.0,0.0
ESP-La Liga,2122,34a45878,2022-02-05,Celta Vigo,Rayo Vallecano,2.0,0.0
ESP-La Liga,2122,860194d0,2022-02-05,Elche,Alavés,3.0,1.0
ESP-La Liga,2122,40fe5dc7,2022-02-05,Mallorca,Cádiz,2.0,1.0
ESP-La Liga,2122,ce7d90a0,2022-02-05,Osasuna,Sevilla,0.0,0.0
ESP-La Liga,2122,ce2db225,2022-02-06,Barcelona,Atlético Madrid,4.0,2.0
ESP-La Liga,2122,f2ea0e98,2022-02-06,Real Betis,Villarreal,0.0,2.0
ESP-La Liga,2122,512df29d,2022-02-06,Real Madrid,Granada,1.0,0.0
ESP-La Liga,2122,d3b2056d,2022-02-06,Valencia,Real Sociedad,0.0,0.0
ESP-La Liga,2122,21dd0af3,2022-02-07,Athletic Club,Espanyol,2.0,1.0
ESP-La Liga,2122,cac6c78f,2022-02-11,Sevilla,Elche,2.0,0.0
ESP-La Liga,2122,20c84d6e,2022-02-12,Atlético Madrid,Getafe,4.0,3.0
ESP-La Liga,2122,f24f37c8,2022-02-12,Cádiz,Celta Vigo,0.0,0.0
ESP-La Liga,2122,a6820958,2022-02-12,Rayo Vallecano,Osasuna,0.0,3.0
ESP-La Liga,2122,07873dc8,2022-02-12,Villarreal,Real Madrid,0.0,0.0
ESP-La Liga,2122,8b2bc30e,2022-02-13,Alavés,Valencia,2.0,1.0
ESP-La Liga,2122,682e2c2a,2022-02-13,Espanyol,Barcelona,2.0,2.0
ESP-La Liga,2122,91dbe823,2022-02-13,Levante,Real Betis,2.0,4.0
ESP-La Liga,2122,aa06b1da,2022-02-13,Real Sociedad,Granada,2.0,0.0
ESP-La Liga,2122,02a9ffb7,2022-02-14,Mallorca,Athletic Club,3.0,2.0
ESP-La Liga,2122,ee354b9c,2022-02-16,Atlético Madrid,Levante,0.0,1.0
ESP-La Liga,2122,76c07bea,2022-02-18,Elche,Rayo Vallecano,2.0,1.0
ESP-La Liga,2122,adba9061,2022-02-19,Cádiz,Getafe,1.0,1.0
ESP-La Liga,2122,fea8bbc8,2022-02-19,Granada,Villarreal,1.0,4.0
ESP-La Liga,2122,557b4f21,2022-02-19,Osasuna,Atlético Madrid,0.0,3.0
ESP-La Liga,2122,29f073b6,2022-02-19,Real Madrid,Alavés,3.0,0.0
ESP-La Liga,2122,777c8d55,2022-02-20,Athletic Club,Real Sociedad,4.0,0.0
ESP-La Liga,2122,53121ac1,2022-02-20,Espanyol,Sevilla,1.0,1.0
ESP-La Liga,2122,9c4e7a3d,2022-02-20,Real Betis,Mallorca,2.0,1.0
ESP-La Liga,2122,368c0ef5,2022-02-20,Valencia,Barcelona,1.0,4.0
ESP-La Liga,2122,7a816de3,2022-02-21,Celta Vigo,Levante,1.0,1.0
ESP-La Liga,2122,5bd64929,2022-02-25,Levante,Elche,3.0,0.0
ESP-La Liga,2122,0ba3f265,2022-02-26,Atlético Madrid,Celta Vigo,2.0,0.0
ESP-La Liga,2122,0f3dfeb2,2022-02-26,Getafe,Alavés,2.0,2.0
ESP-La Liga,2122,ac7f7afd,2022-02-26,Mallorca,Valencia,0.0,1.0
ESP-La Liga,2122,c9f9fbfb,2022-02-26,Rayo Vallecano,Real Madrid,0.0,1.0
ESP-La Liga,2122,7d192eac,2022-02-27,Barcelona,Athletic Club,4.0,0.0
ESP-La Liga,2122,295cd3c3,2022-02-27,Real Sociedad,Osasuna,1.0,0.0
ESP-La Liga,2122,755cdb99,2022-02-27,Sevilla,Real Betis,2.0,1.0
ESP-La Liga,2122,ce97f705,2022-02-27,Villarreal,Espanyol,5.0,1.0
ESP-La Liga,2122,bc952053,2022-02-28,Granada,Cádiz,0.0,0.0
ESP-La Liga,2122,3f9697f7,2022-03-02,Mallorca,Real Sociedad,0.0,2.0
ESP-La Liga,2122,cf46eea6,2022-03-04,Alavés,Sevilla,0.0,0.0
ESP-La Liga,2122,30b8778e,2022-03-05,Espanyol,Getafe,2.0,0.0
ESP-La Liga,2122,e4d7234c,2022-03-05,Osasuna,Villarreal,1.0,0.0
ESP-La Liga,2122,9a99a9e2,2022-03-05,Real Madrid,Real Sociedad,4.0,1.0
ESP-La Liga,2122,3960fc57,2022-03-05,Valencia,Granada,3.0,1.0
ESP-La Liga,2122,a023996f,2022-03-06,Celta Vigo,Mallorca,4.0,3.0
ESP-La Liga,2122,b947c018,2022-03-06,Cádiz,Rayo Vallecano,2.0,0.0
ESP-La Liga,2122,3f2a5af5,2022-03-06,Elche,Barcelona,1.0,2.0
ESP-La Liga,2122,cff883cc,2022-03-06,Real Betis,Atlético Madrid,1.0,3.0
ESP-La Liga,2122,694c44bb,2022-03-07,Athletic Club,Levante,3.0,1.0
ESP-La Liga,2122,e2f79b7c,2022-03-11,Atlético Madrid,Cádiz,2.0,1.0
ESP-La Liga,2122,c8ccb7d3,2022-03-12,Getafe,Valencia,0.0,0.0
ESP-La Liga,2122,9c52bead,2022-03-12,Granada,Elche,0.0,1.0
ESP-La Liga,2122,ca6be7cc,2022-03-12,Levante,Espanyol,1.0,1.0
ESP-La Liga,2122,aaf3e992,2022-03-12,Villarreal,Celta Vigo,1.0,0.0
ESP-La Liga,2122,34cda9be,2022-03-13,Barcelona,Osasuna,4.0,0.0
ESP-La Liga,2122,10ad43d5,2022-03-13,Rayo Vallecano,Sevilla,1.0,1.0
ESP-La Liga,2122,76a5f5d1,2022-03-13,Real Betis,Athletic Club,1.0,0.0
ESP-La Liga,2122,ffce86d4,2022-03-13,Real Sociedad,Alavés,1.0,0.0
ESP-La Liga,2122,5d00f4ef,2022-03-14,Mallorca,Real Madrid,0.0,3.0
ESP-La Liga,2122,7967e862,2022-03-18,Athletic Club,Getafe,1.0,1.0
ESP-La Liga,2122,574d12d9,2022-03-19,Alavés,Granada,2.0,3.0
ESP-La Liga,2122,201b86f7,2022-03-19,Elche,Valencia,0.0,1.0
ESP-La Liga,2122,ad57713e,2022-03-19,Osasuna,Levante,3.0,1.0
ESP-La Liga,2122,fde5cd42,2022-03-19,Rayo Vallecano,Atlético Madrid,0.0,1.0
ESP-La Liga,2122,7232f74e,2022-03-20,Celta Vigo,Real Betis,0.0,0.0
ESP-La Liga,2122,0511a8eb,2022-03-20,Cádiz,Villarreal,1.0,0.0
ESP-La Liga,2122,0f4fb26d,2022-03-20,Espanyol,Mallorca,1.0,0.0
ESP-La Liga,2122,e6a099a7,2022-03-20,Real Madrid,Barcelona,0.0,4.0
ESP-La Liga,2122,ed5b7ecb,2022-03-20,Sevilla,Real Sociedad,0.0,0.0
ESP-La Liga,2122,6ef1642b,2022-04-02,Atlético Madrid,Alavés,4.0,1.0
ESP-La Liga,2122,339866a0,2022-04-02,Celta Vigo,Real Madrid,1.0,2.0
ESP-La Liga,2122,dd103829,2022-04-02,Getafe,Mallorca,1.0,0.0
ESP-La Liga,2122,e4df833b,2022-04-02,Levante,Villarreal,2.0,0.0
ESP-La Liga,2122,5788b551,2022-04-03,Athletic Club,Elche,2.0,1.0
ESP-La Liga,2122,7710201e,2022-04-03,Barcelona,Sevilla,1.0,0.0
ESP-La Liga,2122,7b559a06,2022-04-03,Granada,Rayo Vallecano,2.0,2.0
ESP-La Liga,2122,181175e8,2022-04-03,Real Betis,Osasuna,4.0,1.0
ESP-La Liga,2122,8067a7c1,2022-04-03,Valencia,Cádiz,0.0,0.0
ESP-La Liga,2122,415aadfb,2022-04-04,Real Sociedad,Espanyol,1.0,0.0
ESP-La Liga,2122,77b3cdba,2022-04-08,Sevilla,Granada,4.0,2.0
ESP-La Liga,2122,67a7d124,2022-04-09,Cádiz,Real Betis,1.0,2.0
ESP-La Liga,2122,506f69b0,2022-04-09,Mallorca,Atlético Madrid,1.0,0.0
ESP-La Liga,2122,1542d512,2022-04-09,Real Madrid,Getafe,2.0,0.0
ESP-La Liga,2122,eca6f082,2022-04-09,Villarreal,Athletic Club,1.0,1.0
ESP-La Liga,2122,910de8b3,2022-04-10,Elche,Real Sociedad,1.0,2.0
ESP-La Liga,2122,b17c9d4e,2022-04-10,Espanyol,Celta Vigo,1.0,0.0
ESP-La Liga,2122,daab4bf0,2022-04-10,Levante,Barcelona,2.0,3.0
ESP-La Liga,2122,f7291717,2022-04-10,Osasuna,Alavés,1.0,0.0
ESP-La Liga,2122,f11412a4,2022-04-11,Rayo Vallecano,Valencia,1.0,1.0
ESP-La Liga,2122,85c527c1,2022-04-15,Real Sociedad,Real Betis,0.0,0.0
ESP-La Liga,2122,a07d0b7f,2022-04-16,Alavés,Rayo Vallecano,1.0,0.0
ESP-La Liga,2122,69b0c7f3,2022-04-16,Elche,Mallorca,3.0,0.0
ESP-La Liga,2122,bcdf22b5,2022-04-16,Getafe,Villarreal,1.0,2.0
ESP-La Liga,2122,a1a60233,2022-04-16,Valencia,Osasuna,1.0,2.0
ESP-La Liga,2122,8015b853,2022-04-17,Athletic Club,Celta Vigo,0.0,2.0
ESP-La Liga,2122,8401e8f0,2022-04-17,Atlético Madrid,Espanyol,2.0,1.0
ESP-La Liga,2122,4c37d71c,2022-04-17,Granada,Levante,1.0,4.0
ESP-La Liga,2122,6000c89e,2022-04-17,Sevilla,Real Madrid,2.0,3.0
ESP-La Liga,2122,e206a428,2022-04-18,Barcelona,Cádiz,0.0,1.0
ESP-La Liga,2122,e9568e81,2022-04-19,Mallorca,Alavés,2.0,1.0
ESP-La Liga,2122,a79905fc,2022-04-19,Real Betis,Elche,0.0,1.0
ESP-La Liga,2122,c910f5b5,2022-04-19,Villarreal,Valencia,2.0,0.0
ESP-La Liga,2122,7d399b5f,2022-04-20,Atlético Madrid,Granada,0.0,0.0
ESP-La Liga,2122,7cf2d95a,2022-04-20,Celta Vigo,Getafe,0.0,2.0
ESP-La Liga,2122,2c06daa5,2022-04-20,Osasuna,Real Madrid,1.0,3.0
ESP-La Liga,2122,d3a48b59,2022-04-21,Cádiz,Athletic Club,2.0,3.0
ESP-La Liga,2122,e0fbc785,2022-04-21,Espanyol,Rayo Vallecano,0.0,1.0
ESP-La Liga,2122,ba74c3a8,2022-04-21,Levante,Sevilla,2.0,3.0
ESP-La Liga,2122,7e8b3ffd,2022-04-21,Real Sociedad,Barcelona,0.0,1.0
ESP-La Liga,2122,82dd9d2e,2022-04-24,Barcelona,Rayo Vallecano,0.0,1.0
ESP-La Liga,2122,d639b847,2022-04-29,Sevilla,Cádiz,1.0,1.0
ESP-La Liga,2122,4ea03cad,2022-04-30,Alavés,Villarreal,2.0,1.0
ESP-La Liga,2122,30f3c833,2022-04-30,Athletic Club,Atlético Madrid,2.0,0.0
ESP-La Liga,2122,12967dc8,2022-04-30,Real Madrid,Espanyol,4.0,0.0
ESP-La Liga,2122,d557263f,2022-04-30,Valencia,Levante,1.0,1.0
ESP-La Liga,2122,c2369d86,2022-05-01,Barcelona,Mallorca,2.0,1.0
ESP-La Liga,2122,0676697b,2022-05-01,Elche,Osasuna,1.0,1.0
ESP-La Liga,2122,865a5861,2022-05-01,Granada,Celta Vigo,1.0,1.0
ESP-La Liga,2122,113379f9,2022-05-01,Rayo Vallecano,Real Sociedad,1.0,1.0
ESP-La Liga,2122,7ebd3ee2,2022-05-02,Getafe,Real Betis,0.0,0.0
ESP-La Liga,2122,9744c480,2022-05-06,Levante,Real Sociedad,2.0,1.0
ESP-La Liga,2122,eb16c239,2022-05-07,Athletic Club,Valencia,0.0,0.0
ESP-La Liga,2122,d81248ea,2022-05-07,Celta Vigo,Alavés,4.0,0.0
ESP-La Liga,2122,cbe434e0,2022-05-07,Cádiz,Elche,3.0,0.0
ESP-La Liga,2122,5566a1df,2022-05-07,Mallorca,Granada,2.0,6.0
ESP-La Liga,2122,aa0da874,2022-05-07,Real Betis,Barcelona,1.0,2.0
ESP-La Liga,2122,fbed1810,2022-05-08,Atlético Madrid,Real Madrid,1.0,0.0
ESP-La Liga,2122,2be52fbd,2022-05-08,Espanyol,Osasuna,1.0,1.0
ESP-La Liga,2122,857af854,2022-05-08,Getafe,Rayo Vallecano,0.0,0.0
ESP-La Liga,2122,99b54d59,2022-05-08,Villarreal,Sevilla,1.0,1.0
ESP-La Liga,2122,b811b679,2022-05-10,Barcelona,Celta Vigo,3.0,1.0
ESP-La Liga,2122,8878cd31,2022-05-10,Granada,Athletic Club,1.0,0.0
ESP-La Liga,2122,5b6bf193,2022-05-10,Valencia,Real Betis,0.0,3.0
ESP-La Liga,2122,6109e9c9,2022-05-11,Alavés,Espanyol,2.0,1.0
ESP-La Liga,2122,9140448d,2022-05-11,Elche,Atlético Madrid,0.0,2.0
ESP-La Liga,2122,30bcbef6,2022-05-11,Osasuna,Getafe,1.0,1.0
ESP-La Liga,2122,4ff22ea2,2022-05-11,Sevilla,Mallorca,0.0,0.0
ESP-La Liga,2122,ea53f5b2,2022-05-12,Rayo Vallecano,Villarreal,1.0,5.0
ESP-La Liga,2122,301cd97e,2022-05-12,Real Madrid,Levante,6.0,0.0
ESP-La Liga,2122,6b443d2c,2022-05-12,Real Sociedad,Cádiz,3.0,0.0
ESP-La Liga,2122,b88fd12c,2022-05-14,Espanyol,Valencia,1.0,1.0
ESP-La Liga,2122,8bb438aa,2022-05-15,Athletic Club,Osasuna,2.0,0.0
ESP-La Liga,2122,900133ba,2022-05-15,Atlético Madrid,Sevilla,1.0,1.0
ESP-La Liga,2122,e9c8b8a2,2022-05-15,Celta Vigo,Elche,1.0,0.0
ESP-La Liga,2122,f9b64cdb,2022-05-15,Cádiz,Real Madrid,1.0,1.0
ESP-La Liga,2122,8108aa10,2022-05-15,Getafe,Barcelona,0.0,0.0
ESP-La Liga,2122,2e138caa,2022-05-15,Levante,Alavés,3.0,1.0
ESP-La Liga,2122,f6839b62,2022-05-15,Mallorca,Rayo Vallecano,2.0,1.0
ESP-La Liga,2122,bd41189b,2022-05-15,Real Betis,Granada,2.0,0.0
ESP-La Liga,2122,2fad4a55,2022-05-15,Villarreal,Real Sociedad,1.0,2.0
ESP-La Liga,2122,f2250af1,2022-05-20,Rayo Vallecano,Levante,2.0,4.0
ESP-La Liga,2122,55fb9235,2022-05-20,Real Madrid,Real Betis,0.0,0.0
ESP-La Liga,2122,2cbbddbd,2022-05-21,Valencia,Celta Vigo,2.0,0.0
ESP-La Liga,2122,a7a6c37f,2022-05-22,Alavés,Cádiz,0.0,1.0
ESP-La Liga,2122,3afd4f9f,2022-05-22,Barcelona,Villarreal,0.0,2.0
ESP-La Liga,2122,77a53d40,2022-05-22,Elche,Getafe,3.0,1.0
ESP-La Liga,2122,5f40b0c2,2022-05-22,Granada,Espanyol,0.0,0.0
ESP-La Liga,2122,3f649419,2022-05-22,Osasuna,Mallorca,0.0,2.0
ESP-La Liga,2122,d33c8bbd,2022-05-22,Real Sociedad,Atlético Madrid,1.0,2.0
ESP-La Liga,2122,52201a52,2022-05-22,Sevilla,Athletic Club,1.0,0.0
ESP-La Liga,2223,1edcbf7a,2022-08-12,Osasuna,Sevilla,2.0,1.0
ESP-La Liga,2223,cbe0a303,2022-08-13,Barcelona,Rayo Vallecano,0.0,0.0
ESP-La Liga,2223,73b529f2,2022-08-13,Celta Vigo,Espanyol,2.0,2.0
ESP-La Liga,2223,be7e4222,2022-08-13,Valladolid,Villarreal,0.0,3.0
ESP-La Liga,2223,c1e42359,2022-08-14,Almería,Real Madrid,1.0,2.0
ESP-La Liga,2223,7fbde755,2022-08-14,Cádiz,Real Sociedad,0.0,1.0
ESP-La Liga,2223,aaab7ab9,2022-08-14,Valencia,Girona,1.0,0.0
ESP-La Liga,2223,ab058eb9,2022-08-15,Athletic Club,Mallorca,0.0,0.0
ESP-La Liga,2223,9993b01a,2022-08-15,Getafe,Atlético Madrid,0.0,3.0
ESP-La Liga,2223,1f998adf,2022-08-15,Real Betis,Elche,3.0,0.0
ESP-La Liga,2223,cb92acb9,2022-08-19,Espanyol,Rayo Vallecano,0.0,2.0
ESP-La Liga,2223,bc5ec3c6,2022-08-19,Sevilla,Valladolid,1.0,1.0
ESP-La Liga,2223,65ccc663,2022-08-20,Celta Vigo,Real Madrid,1.0,4.0
ESP-La Liga,2223,f06f275b,2022-08-20,Mallorca,Real Betis,1.0,2.0
ESP-La Liga,2223,39d72386,2022-08-20,Osasuna,Cádiz,2.0,0.0
ESP-La Liga,2223,615ccfb0,2022-08-21,Athletic Club,Valencia,1.0,0.0
ESP-La Liga,2223,ebb32848,2022-08-21,Atlético Madrid,Villarreal,0.0,2.0
ESP-La Liga,2223,9a5e0f15,2022-08-21,Real Sociedad,Barcelona,1.0,4.0
ESP-La Liga,2223,6f633cb1,2022-08-22,Elche,Almería,1.0,1.0
ESP-La Liga,2223,1253bef2,2022-08-22,Girona,Getafe,3.0,1.0
ESP-La Liga,2223,3cce40a3,2022-08-26,Girona,Celta Vigo,0.0,1.0
ESP-La Liga,2223,8ed0d2b7,2022-08-26,Real Betis,Osasuna,1.0,0.0
ESP-La Liga,2223,ef9a3cb4,2022-08-27,Almería,Sevilla,2.0,1.0
ESP-La Liga,2223,0839f02f,2022-08-27,Elche,Real Sociedad,0.0,1.0
ESP-La Liga,2223,21b1f2fd,2022-08-27,Rayo Vallecano,Mallorca,0.0,2.0
ESP-La Liga,2223,4ed9f64b,2022-08-28,Barcelona,Valladolid,4.0,0.0
ESP-La Liga,2223,36d21a47,2022-08-28,Espanyol,Real Madrid,1.0,3.0
ESP-La Liga,2223,834124a1,2022-08-28,Getafe,Villarreal,0.0,0.0
ESP-La Liga,2223,af336b4a,2022-08-29,Cádiz,Athletic Club,0.0,4.0
ESP-La Liga,2223,da3b5ed5,2022-08-29,Valencia,Atlético Madrid,0.0,1.0
ESP-La Liga,2223,66ac20bd,2022-09-02,Celta Vigo,Cádiz,3.0,0.0
ESP-La Liga,2223,5d51fa0c,2022-09-03,Mallorca,Girona,1.0,1.0
ESP-La Liga,2223,7f84388c,2022-09-03,Real Madrid,Real Betis,2.0,1.0
ESP-La Liga,2223,ccb89898,2022-09-03,Real Sociedad,Atlético Madrid,1.0,1.0
ESP-La Liga,2223,7952eab7,2022-09-03,Sevilla,Barcelona,0.0,3.0
ESP-La Liga,2223,9c491e2b,2022-09-04,Athletic Club,Espanyol,0.0,1.0
ESP-La Liga,2223,ef71bc61,2022-09-04,Osasuna,Rayo Vallecano,2.0,1.0
ESP-La Liga,2223,65797851,2022-09-04,Valencia,Getafe,5.0,1.0
ESP-La Liga,2223,1c460149,2022-09-04,Villarreal,Elche,4.0,0.0
ESP-La Liga,2223,33b0a63b,2022-09-05,Valladolid,Almería,1.0,0.0
ESP-La Liga,2223,67a548bd,2022-09-09,Girona,Valladolid,2.0,1.0
ESP-La Liga,2223,cc61d2ba,2022-09-10,Atlético Madrid,Celta Vigo,4.0,1.0
ESP-La Liga,2223,50a0b6b9,2022-09-10,Cádiz,Barcelona,0.0,4.0
ESP-La Liga,2223,2705dc41,2022-09-10,Espanyol,Sevilla,2.0,3.0
ESP-La Liga,2223,c159b9d8,2022-09-10,Rayo Vallecano,Valencia,2.0,1.0
ESP-La Liga,2223,ab2a8ab6,2022-09-11,Elche,Athletic Club,1.0,4.0
ESP-La Liga,2223,3e47416b,2022-09-11,Getafe,Real Sociedad,2.0,1.0
ESP-La Liga,2223,287c6564,2022-09-11,Real Betis,Villarreal,1.0,0.0
ESP-La Liga,2223,6cf98669,2022-09-11,Real Madrid,Mallorca,4.0,1.0
ESP-La Liga,2223,12e36761,2022-09-12,Almería,Osasuna,0.0,1.0
ESP-La Liga,2223,ec90c2fe,2022-09-16,Valladolid,Cádiz,0.0,1.0
ESP-La Liga,2223,dd04c982,2022-09-17,Athletic Club,Rayo Vallecano,3.0,2.0
ESP-La Liga,2223,edcc3e7a,2022-09-17,Barcelona,Elche,3.0,0.0
ESP-La Liga,2223,8d5bc7c7,2022-09-17,Mallorca,Almería,1.0,0.0
ESP-La Liga,2223,5b51dc48,2022-09-17,Valencia,Celta Vigo,3.0,0.0
ESP-La Liga,2223,c554c5ac,2022-09-18,Atlético Madrid,Real Madrid,1.0,2.0
ESP-La Liga,2223,c6483087,2022-09-18,Osasuna,Getafe,0.0,2.0
ESP-La Liga,2223,cb6bce1d,2022-09-18,Real Betis,Girona,2.0,1.0
ESP-La Liga,2223,ee1f906d,2022-09-18,Real Sociedad,Espanyol,2.0,1.0
ESP-La Liga,2223,28815113,2022-09-18,Villarreal,Sevilla,1.0,1.0
ESP-La Liga,2223,54d6b3fc,2022-09-30,Athletic Club,Almería,4.0,0.0
ESP-La Liga,2223,c0d557e1,2022-10-01,Cádiz,Villarreal,0.0,0.0
ESP-La Liga,2223,09f36184,2022-10-01,Getafe,Valladolid,2.0,3.0
ESP-La Liga,2223,5e73ad1a,2022-10-01,Mallorca,Barcelona,0.0,1.0
ESP-La Liga,2223,069f9f40,2022-10-01,Sevilla,Atlético Madrid,0.0,2.0
ESP-La Liga,2223,849eee87,2022-10-02,Celta Vigo,Real Betis,1.0,0.0
ESP-La Liga,2223,841d1e2c,2022-10-02,Espanyol,Valencia,2.0,2.0
ESP-La Liga,2223,3b56db84,2022-10-02,Girona,Real Sociedad,3.0,5.0
ESP-La Liga,2223,0665a24f,2022-10-02,Real Madrid,Osasuna,1.0,1.0
ESP-La Liga,2223,7044faa9,2022-10-03,Rayo Vallecano,Elche,2.0,1.0
ESP-La Liga,2223,ad03c9e1,2022-10-07,Osasuna,Valencia,1.0,2.0
ESP-La Liga,2223,5fd47c38,2022-10-08,Almería,Rayo Vallecano,3.0,1.0
ESP-La Liga,2223,87353d2b,2022-10-08,Atlético Madrid,Girona,2.0,1.0
ESP-La Liga,2223,3e3f4235,2022-10-08,Getafe,Real Madrid,0.0,1.0
ESP-La Liga,2223,6558ecf4,2022-10-08,Sevilla,Athletic Club,1.0,1.0
ESP-La Liga,2223,a32c09d3,2022-10-09,Barcelona,Celta Vigo,1.0,0.0
ESP-La Liga,2223,77173e8b,2022-10-09,Cádiz,Espanyol,2.0,2.0
ESP-La Liga,2223,058c86cf,2022-10-09,Real Sociedad,Villarreal,1.0,0.0
ESP-La Liga,2223,49ec6969,2022-10-09,Valladolid,Real Betis,0.0,0.0
ESP-La Liga,2223,d3056cab,2022-10-10,Elche,Mallorca,1.0,1.0
ESP-La Liga,2223,64f3e100,2022-10-14,Rayo Vallecano,Getafe,0.0,0.0
ESP-La Liga,2223,ca6228b4,2022-10-15,Athletic Club,Atlético Madrid,0.0,1.0
ESP-La Liga,2223,85293f4f,2022-10-15,Girona,Cádiz,1.0,1.0
ESP-La Liga,2223,1019503c,2022-10-15,Mallorca,Sevilla,0.0,1.0
ESP-La Liga,2223,7493a41f,2022-10-15,Valencia,Elche,2.0,2.0
ESP-La Liga,2223,7b270235,2022-10-16,Celta Vigo,Real Sociedad,1.0,2.0
ESP-La Liga,2223,3f1977ac,2022-10-16,Espanyol,Valladolid,1.0,0.0
ESP-La Liga,2223,6510e441,2022-10-16,Real Betis,Almería,3.0,1.0
ESP-La Liga,2223,c1875f22,2022-10-16,Real Madrid,Barcelona,3.0,1.0
ESP-La Liga,2223,4760076d,2022-10-17,Villarreal,Osasuna,2.0,0.0
ESP-La Liga,2223,99d51f3f,2022-10-18,Atlético Madrid,Rayo Vallecano,1.0,1.0
ESP-La Liga,2223,8b08659c,2022-10-18,Getafe,Athletic Club,2.0,2.0
ESP-La Liga,2223,a3f2e116,2022-10-18,Sevilla,Valencia,1.0,1.0
ESP-La Liga,2223,1a9c7a37,2022-10-19,Cádiz,Real Betis,0.0,0.0
ESP-La Liga,2223,8cccf9d8,2022-10-19,Elche,Real Madrid,0.0,3.0
ESP-La Liga,2223,60393b8c,2022-10-19,Real Sociedad,Mallorca,1.0,0.0
ESP-La Liga,2223,aa565872,2022-10-19,Valladolid,Celta Vigo,4.0,1.0
ESP-La Liga,2223,49912abe,2022-10-20,Almería,Girona,3.0,2.0
ESP-La Liga,2223,1fc0e34e,2022-10-20,Barcelona,Villarreal,3.0,0.0
ESP-La Liga,2223,01037ff0,2022-10-20,Osasuna,Espanyol,1.0,0.0
ESP-La Liga,2223,d30035ab,2022-10-22,Rayo Vallecano,Cádiz,5.0,1.0
ESP-La Liga,2223,c5d94024,2022-10-22,Real Madrid,Sevilla,3.0,1.0
ESP-La Liga,2223,a9afb44e,2022-10-22,Valencia,Mallorca,1.0,2.0
ESP-La Liga,2223,8aae24d6,2022-10-22,Valladolid,Real Sociedad,1.0,0.0
ESP-La Liga,2223,2fb55ba0,2022-10-23,Barcelona,Athletic Club,4.0,0.0
ESP-La Liga,2223,dfc7863c,2022-10-23,Espanyol,Elche,2.0,2.0
ESP-La Liga,2223,764f1270,2022-10-23,Girona,Osasuna,1.0,1.0
ESP-La Liga,2223,ad6d83f1,2022-10-23,Real Betis,Atlético Madrid,1.0,2.0
ESP-La Liga,2223,fda8965c,2022-10-23,Villarreal,Almería,2.0,1.0
ESP-La Liga,2223,44682e39,2022-10-24,Celta Vigo,Getafe,1.0,1.0
ESP-La Liga,2223,2ce5c331,2022-10-28,Mallorca,Espanyol,1.0,1.0
ESP-La Liga,2223,8fd8c270,2022-10-29,Almería,Celta Vigo,3.0,1.0
ESP-La Liga,2223,bc23d0ab,2022-10-29,Cádiz,Atlético Madrid,3.0,2.0
ESP-La Liga,2223,a8b647af,2022-10-29,Sevilla,Rayo Vallecano,0.0,1.0
ESP-La Liga,2223,9abb9c34,2022-10-29,Valencia,Barcelona,0.0,1.0
ESP-La Liga,2223,4c9c43b6,2022-10-30,Athletic Club,Villarreal,1.0,0.0
ESP-La Liga,2223,82851200,2022-10-30,Osasuna,Valladolid,2.0,0.0
ESP-La Liga,2223,ffde27ac,2022-10-30,Real Madrid,Girona,1.0,1.0
ESP-La Liga,2223,dad5414f,2022-10-30,Real Sociedad,Real Betis,0.0,2.0
ESP-La Liga,2223,4f0d05ab,2022-10-31,Elche,Getafe,0.0,1.0
ESP-La Liga,2223,fbc9070c,2022-11-04,Girona,Athletic Club,2.0,1.0
ESP-La Liga,2223,b9cc54ac,2022-11-05,Barcelona,Almería,2.0,0.0
ESP-La Liga,2223,e551bbc8,2022-11-05,Celta Vigo,Osasuna,1.0,2.0
ESP-La Liga,2223,70ec6175,2022-11-05,Getafe,Cádiz,0.0,0.0
ESP-La Liga,2223,db09f5b6,2022-11-05,Valladolid,Elche,2.0,1.0
ESP-La Liga,2223,19c1fbec,2022-11-06,Atlético Madrid,Espanyol,1.0,1.0
ESP-La Liga,2223,a8988680,2022-11-06,Real Betis,Sevilla,1.0,1.0
ESP-La Liga,2223,86ebf3d1,2022-11-06,Real Sociedad,Valencia,1.0,1.0
ESP-La Liga,2223,610230c8,2022-11-06,Villarreal,Mallorca,0.0,2.0
ESP-La Liga,2223,fcff5859,2022-11-07,Rayo Vallecano,Real Madrid,3.0,2.0
ESP-La Liga,2223,daafdb0b,2022-11-08,Athletic Club,Valladolid,3.0,0.0
ESP-La Liga,2223,ebaebf9c,2022-11-08,Elche,Girona,1.0,2.0
ESP-La Liga,2223,1eecb0cd,2022-11-08,Osasuna,Barcelona,1.0,2.0
ESP-La Liga,2223,28bef8bc,2022-11-09,Almería,Getafe,1.0,0.0
ESP-La Liga,2223,bb7701fa,2022-11-09,Espanyol,Villarreal,0.0,1.0
ESP-La Liga,2223,23d327b5,2022-11-09,Mallorca,Atlético Madrid,1.0,0.0
ESP-La Liga,2223,f24d40c6,2022-11-09,Sevilla,Real Sociedad,1.0,2.0
ESP-La Liga,2223,80851b68,2022-11-10,Rayo Vallecano,Celta Vigo,0.0,0.0
ESP-La Liga,2223,8413c8fa,2022-11-10,Real Madrid,Cádiz,2.0,1.0
ESP-La Liga,2223,daf1e1e7,2022-11-10,Valencia,Real Betis,3.0,0.0
ESP-La Liga,2223,8fb6eaaa,2022-12-29,Atlético Madrid,Elche,2.0,0.0
ESP-La Liga,2223,f1fddbae,2022-12-29,Girona,Rayo Vallecano,2.0,2.0
ESP-La Liga,2223,348f39ff,2022-12-29,Real Betis,Athletic Club,0.0,0.0
ESP-La Liga,2223,6c96832f,2022-12-30,Celta Vigo,Sevilla,1.0,1.0
ESP-La Liga,2223,2f696974,2022-12-30,Cádiz,Almería,1.0,1.0
ESP-La Liga,2223,c5637fb1,2022-12-30,Getafe,Mallorca,2.0,0.0
ESP-La Liga,2223,a2d45f55,2022-12-30,Valladolid,Real Madrid,0.0,2.0
ESP-La Liga,2223,2af3934b,2022-12-31,Barcelona,Espanyol,1.0,1.0
ESP-La Liga,2223,87d24f61,2022-12-31,Real Sociedad,Osasuna,2.0,0.0
ESP-La Liga,2223,a3257da8,2022-12-31,Villarreal,Valencia,2.0,1.0
ESP-La Liga,2223,c2084c72,2023-01-06,Elche,Celta Vigo,0.0,1.0
ESP-La Liga,2223,ee927bcc,2023-01-06,Valencia,Cádiz,0.0,1.0
ESP-La Liga,2223,87fea3c7,2023-01-07,Espanyol,Girona,2.0,2.0
ESP-La Liga,2223,6b820d45,2023-01-07,Mallorca,Valladolid,1.0,0.0
ESP-La Liga,2223,477d4cdf,2023-01-07,Villarreal,Real Madrid,2.0,1.0
ESP-La Liga,2223,10b27265,2023-01-08,Almería,Real Sociedad,0.0,2.0
ESP-La Liga,2223,3169fc9b,2023-01-08,Atlético Madrid,Barcelona,0.0,1.0
ESP-La Liga,2223,9ba59fd7,2023-01-08,Rayo Vallecano,Real Betis,1.0,2.0
ESP-La Liga,2223,b1dca05d,2023-01-08,Sevilla,Getafe,2.0,1.0
ESP-La Liga,2223,67f4644f,2023-01-09,Athletic Club,Osasuna,0.0,0.0
ESP-La Liga,2223,8257d737,2023-01-13,Celta Vigo,Villarreal,1.0,1.0
ESP-La Liga,2223,65182979,2023-01-14,Girona,Sevilla,2.0,1.0
ESP-La Liga,2223,cd2e3313,2023-01-14,Osasuna,Mallorca,1.0,0.0
ESP-La Liga,2223,53243b91,2023-01-14,Real Sociedad,Athletic Club,3.0,1.0
ESP-La Liga,2223,61f4e6c3,2023-01-14,Valladolid,Rayo Vallecano,0.0,1.0
ESP-La Liga,2223,aa527e49,2023-01-15,Almería,Atlético Madrid,1.0,1.0
ESP-La Liga,2223,d5dc8a2c,2023-01-15,Getafe,Espanyol,1.0,2.0
ESP-La Liga,2223,43237dc2,2023-01-16,Cádiz,Elche,1.0,1.0
ESP-La Liga,2223,53d34361,2023-01-20,Mallorca,Celta Vigo,1.0,0.0
ESP-La Liga,2223,8b8d6b96,2023-01-21,Atlético Madrid,Valladolid,3.0,0.0
ESP-La Liga,2223,377ddbd2,2023-01-21,Espanyol,Real Betis,1.0,0.0
ESP-La Liga,2223,6b5ac953,2023-01-21,Rayo Vallecano,Real Sociedad,0.0,2.0
ESP-La Liga,2223,318144c8,2023-01-21,Sevilla,Cádiz,1.0,0.0
ESP-La Liga,2223,ad94dd60,2023-01-22,Athletic Club,Real Madrid,0.0,2.0
ESP-La Liga,2223,09f83bbc,2023-01-22,Barcelona,Getafe,1.0,0.0
ESP-La Liga,2223,274b9a9c,2023-01-22,Elche,Osasuna,1.0,1.0
ESP-La Liga,2223,f3666d93,2023-01-22,Villarreal,Girona,1.0,0.0
ESP-La Liga,2223,b944484e,2023-01-23,Valencia,Almería,2.0,2.0
ESP-La Liga,2223,58ddf563,2023-01-27,Almería,Espanyol,3.0,1.0
ESP-La Liga,2223,f80c04f0,2023-01-28,Cádiz,Mallorca,2.0,0.0
ESP-La Liga,2223,2532526d,2023-01-28,Getafe,Real Betis,0.0,1.0
ESP-La Liga,2223,05df662a,2023-01-28,Girona,Barcelona,0.0,1.0
ESP-La Liga,2223,bb7eb70e,2023-01-28,Sevilla,Elche,3.0,0.0
ESP-La Liga,2223,897e2175,2023-01-29,Celta Vigo,Athletic Club,1.0,0.0
ESP-La Liga,2223,7b74b970,2023-01-29,Osasuna,Atlético Madrid,0.0,1.0
ESP-La Liga,2223,e75285fb,2023-01-29,Real Madrid,Real Sociedad,0.0,0.0
ESP-La Liga,2223,7ca28cbe,2023-01-29,Valladolid,Valencia,1.0,0.0
ESP-La Liga,2223,0681349c,2023-01-30,Villarreal,Rayo Vallecano,0.0,1.0
ESP-La Liga,2223,1826e512,2023-02-01,Real Betis,Barcelona,1.0,2.0
ESP-La Liga,2223,c8355bdd,2023-02-02,Real Madrid,Valencia,2.0,0.0
ESP-La Liga,2223,4ad25809,2023-02-03,Athletic Club,Cádiz,4.0,1.0
ESP-La Liga,2223,d98b5875,2023-02-04,Atlético Madrid,Getafe,1.0,1.0
ESP-La Liga,2223,bbd97201,2023-02-04,Elche,Villarreal,3.0,1.0
ESP-La Liga,2223,0913c358,2023-02-04,Espanyol,Osasuna,1.0,1.0
ESP-La Liga,2223,21392431,2023-02-04,Real Betis,Celta Vigo,3.0,4.0
ESP-La Liga,2223,1ccc0d2c,2023-02-05,Barcelona,Sevilla,3.0,0.0
ESP-La Liga,2223,7b4e5dae,2023-02-05,Girona,Valencia,1.0,0.0
ESP-La Liga,2223,a0914b2e,2023-02-05,Mallorca,Real Madrid,1.0,0.0
ESP-La Liga,2223,3eac51cc,2023-02-05,Real Sociedad,Valladolid,0.0,1.0
ESP-La Liga,2223,49ebcc28,2023-02-06,Rayo Vallecano,Almería,2.0,0.0
ESP-La Liga,2223,dfda9563,2023-02-10,Cádiz,Girona,2.0,0.0
ESP-La Liga,2223,6bb56f15,2023-02-11,Almería,Real Betis,2.0,3.0
ESP-La Liga,2223,0792ae6b,2023-02-11,Sevilla,Mallorca,2.0,0.0
ESP-La Liga,2223,26d50111,2023-02-11,Valencia,Athletic Club,1.0,2.0
ESP-La Liga,2223,a34eae3f,2023-02-12,Celta Vigo,Atlético Madrid,0.0,1.0
ESP-La Liga,2223,8d4f770b,2023-02-12,Getafe,Rayo Vallecano,1.0,1.0
ESP-La Liga,2223,315c78f1,2023-02-12,Valladolid,Osasuna,0.0,0.0
ESP-La Liga,2223,44e57939,2023-02-12,Villarreal,Barcelona,0.0,1.0
ESP-La Liga,2223,7ed0a343,2023-02-13,Espanyol,Real Sociedad,2.0,3.0
ESP-La Liga,2223,aa81febc,2023-02-15,Real Madrid,Elche,4.0,0.0
ESP-La Liga,2223,6dd225f0,2023-02-17,Girona,Almería,6.0,2.0
ESP-La Liga,2223,abe1a0be,2023-02-18,Mallorca,Villarreal,4.0,2.0
ESP-La Liga,2223,41878242,2023-02-18,Osasuna,Real Madrid,0.0,2.0
ESP-La Liga,2223,b5b65432,2023-02-18,Real Betis,Valladolid,2.0,1.0
ESP-La Liga,2223,312c107a,2023-02-18,Real Sociedad,Celta Vigo,1.0,1.0
ESP-La Liga,2223,bc5d03d2,2023-02-19,Atlético Madrid,Athletic Club,1.0,0.0
ESP-La Liga,2223,c3d1d09b,2023-02-19,Barcelona,Cádiz,2.0,0.0
ESP-La Liga,2223,a94a07e1,2023-02-19,Elche,Espanyol,0.0,1.0
ESP-La Liga,2223,bf5f27cd,2023-02-19,Rayo Vallecano,Sevilla,1.0,1.0
ESP-La Liga,2223,2d3fc14f,2023-02-20,Getafe,Valencia,1.0,0.0
ESP-La Liga,2223,d13590ac,2023-02-24,Elche,Real Betis,2.0,3.0
ESP-La Liga,2223,1e086908,2023-02-25,Cádiz,Rayo Vallecano,1.0,0.0
ESP-La Liga,2223,446b1577,2023-02-25,Espanyol,Mallorca,2.0,1.0
ESP-La Liga,2223,b51377f8,2023-02-25,Real Madrid,Atlético Madrid,1.0,1.0
ESP-La Liga,2223,fe69c87b,2023-02-25,Valencia,Real Sociedad,1.0,0.0
ESP-La Liga,2223,47134469,2023-02-26,Almería,Barcelona,1.0,0.0
ESP-La Liga,2223,484db82d,2023-02-26,Athletic Club,Girona,2.0,3.0
ESP-La Liga,2223,5b7029e3,2023-02-26,Celta Vigo,Valladolid,3.0,0.0
ESP-La Liga,2223,19bec97a,2023-02-26,Sevilla,Osasuna,2.0,3.0
ESP-La Liga,2223,17268fc9,2023-02-27,Villarreal,Getafe,2.0,1.0
ESP-La Liga,2223,d76a9b5c,2023-03-03,Real Sociedad,Cádiz,0.0,0.0
ESP-La Liga,2223,366a3ab1,2023-03-04,Almería,Villarreal,0.0,2.0
ESP-La Liga,2223,7bfcaa51,2023-03-04,Atlético Madrid,Sevilla,6.0,1.0
ESP-La Liga,2223,81393487,2023-03-04,Getafe,Girona,3.0,2.0
ESP-La Liga,2223,14214742,2023-03-04,Mallorca,Elche,0.0,1.0
ESP-La Liga,2223,3dc648e6,2023-03-05,Barcelona,Valencia,1.0,0.0
ESP-La Liga,2223,47a1d3f2,2023-03-05,Rayo Vallecano,Athletic Club,0.0,0.0
ESP-La Liga,2223,971ff4d2,2023-03-05,Real Betis,Real Madrid,0.0,0.0
ESP-La Liga,2223,f4163c1c,2023-03-05,Valladolid,Espanyol,2.0,1.0
ESP-La Liga,2223,6facd787,2023-03-06,Osasuna,Celta Vigo,0.0,0.0
ESP-La Liga,2223,5b5947df,2023-03-10,Cádiz,Getafe,2.0,2.0
ESP-La Liga,2223,db2d843c,2023-03-11,Celta Vigo,Rayo Vallecano,3.0,0.0
ESP-La Liga,2223,d1648255,2023-03-11,Elche,Valladolid,1.0,1.0
ESP-La Liga,2223,f08a0268,2023-03-11,Real Madrid,Espanyol,3.0,1.0
ESP-La Liga,2223,77b8c292,2023-03-11,Valencia,Osasuna,1.0,0.0
ESP-La Liga,2223,11efb749,2023-03-12,Athletic Club,Barcelona,0.0,1.0
ESP-La Liga,2223,9a689249,2023-03-12,Mallorca,Real Sociedad,1.0,1.0
ESP-La Liga,2223,c3d888f5,2023-03-12,Sevilla,Almería,2.0,1.0
ESP-La Liga,2223,02eab739,2023-03-12,Villarreal,Real Betis,1.0,1.0
ESP-La Liga,2223,6d438679,2023-03-13,Girona,Atlético Madrid,0.0,1.0
ESP-La Liga,2223,d4c4e1d2,2023-03-17,Valladolid,Athletic Club,1.0,3.0
ESP-La Liga,2223,e4dabca8,2023-03-18,Almería,Cádiz,1.0,1.0
ESP-La Liga,2223,5ca44582,2023-03-18,Atlético Madrid,Valencia,3.0,0.0
ESP-La Liga,2223,c13e375b,2023-03-18,Espanyol,Celta Vigo,1.0,3.0
ESP-La Liga,2223,2dc7ac7e,2023-03-18,Rayo Vallecano,Girona,2.0,2.0
ESP-La Liga,2223,fbf241b4,2023-03-19,Barcelona,Real Madrid,2.0,1.0
ESP-La Liga,2223,d233dd60,2023-03-19,Getafe,Sevilla,2.0,0.0
ESP-La Liga,2223,83cef2e5,2023-03-19,Osasuna,Villarreal,0.0,3.0
ESP-La Liga,2223,e668a91a,2023-03-19,Real Betis,Mallorca,1.0,0.0
ESP-La Liga,2223,8b6c5b79,2023-03-19,Real Sociedad,Elche,2.0,0.0
ESP-La Liga,2223,bb2cc8e7,2023-03-31,Mallorca,Osasuna,0.0,0.0
ESP-La Liga,2223,e0851269,2023-04-01,Athletic Club,Getafe,0.0,0.0
ESP-La Liga,2223,b57113f8,2023-04-01,Cádiz,Sevilla,0.0,2.0
ESP-La Liga,2223,15bdf085,2023-04-01,Elche,Barcelona,0.0,4.0
ESP-La Liga,2223,1b9ec7de,2023-04-01,Girona,Espanyol,2.0,1.0
ESP-La Liga,2223,42eb1869,2023-04-02,Atlético Madrid,Real Betis,1.0,0.0
ESP-La Liga,2223,2cbcebd9,2023-04-02,Celta Vigo,Almería,2.0,2.0
ESP-La Liga,2223,deb5f8cf,2023-04-02,Real Madrid,Valladolid,6.0,0.0
ESP-La Liga,2223,6d421caf,2023-04-02,Villarreal,Real Sociedad,2.0,0.0
ESP-La Liga,2223,c0f06039,2023-04-03,Valencia,Rayo Vallecano,1.0,1.0
ESP-La Liga,2223,a10d32b8,2023-04-07,Sevilla,Celta Vigo,2.0,2.0
ESP-La Liga,2223,aeab8412,2023-04-08,Espanyol,Athletic Club,1.0,2.0
ESP-La Liga,2223,678b0d64,2023-04-08,Osasuna,Elche,2.0,1.0
ESP-La Liga,2223,c9cc060c,2023-04-08,Real Madrid,Villarreal,2.0,3.0
ESP-La Liga,2223,52679876,2023-04-08,Real Sociedad,Getafe,2.0,0.0
ESP-La Liga,2223,22adf5a4,2023-04-09,Almería,Valencia,2.0,1.0
ESP-La Liga,2223,d530a139,2023-04-09,Rayo Vallecano,Atlético Madrid,1.0,2.0
ESP-La Liga,2223,ea93d7f3,2023-04-09,Real Betis,Cádiz,0.0,2.0
ESP-La Liga,2223,95368d85,2023-04-09,Valladolid,Mallorca,3.0,3.0
ESP-La Liga,2223,495ec163,2023-04-10,Barcelona,Girona,0.0,0.0
ESP-La Liga,2223,78e99c13,2023-04-14,Rayo Vallecano,Osasuna,2.0,1.0
ESP-La Liga,2223,4c562ec1,2023-04-15,Athletic Club,Real Sociedad,2.0,0.0
ESP-La Liga,2223,2cc94405,2023-04-15,Cádiz,Real Madrid,0.0,2.0
ESP-La Liga,2223,1de90754,2023-04-15,Real Betis,Espanyol,3.0,1.0
ESP-La Liga,2223,6b890537,2023-04-15,Villarreal,Valladolid,1.0,2.0
ESP-La Liga,2223,c518c3b1,2023-04-16,Atlético Madrid,Almería,2.0,1.0
ESP-La Liga,2223,acef62b2,2023-04-16,Getafe,Barcelona,0.0,0.0
ESP-La Liga,2223,0691278f,2023-04-16,Girona,Elche,2.0,0.0
ESP-La Liga,2223,722dabd5,2023-04-16,Valencia,Sevilla,0.0,2.0
ESP-La Liga,2223,3d760d7b,2023-04-17,Celta Vigo,Mallorca,0.0,1.0
ESP-La Liga,2223,e9486908,2023-04-21,Espanyol,Cádiz,0.0,0.0
ESP-La Liga,2223,d2c509a2,2023-04-22,Almería,Athletic Club,1.0,2.0
ESP-La Liga,2223,184db424,2023-04-22,Osasuna,Real Betis,3.0,2.0
ESP-La Liga,2223,a33d24ff,2023-04-22,Real Madrid,Celta Vigo,2.0,0.0
ESP-La Liga,2223,bed213b9,2023-04-22,Real Sociedad,Rayo Vallecano,2.0,1.0
ESP-La Liga,2223,2325006c,2023-04-22,Valladolid,Girona,1.0,0.0
ESP-La Liga,2223,92aae030,2023-04-23,Barcelona,Atlético Madrid,1.0,0.0
ESP-La Liga,2223,3db205b4,2023-04-23,Elche,Valencia,0.0,2.0
ESP-La Liga,2223,a5ce019a,2023-04-23,Mallorca,Getafe,3.0,1.0
ESP-La Liga,2223,6a46394b,2023-04-23,Sevilla,Villarreal,2.0,1.0
ESP-La Liga,2223,514a45ae,2023-04-25,Cádiz,Osasuna,0.0,1.0
ESP-La Liga,2223,1a5972e4,2023-04-25,Girona,Real Madrid,4.0,2.0
ESP-La Liga,2223,e2412303,2023-04-25,Real Betis,Real Sociedad,0.0,0.0
ESP-La Liga,2223,f62862aa,2023-04-26,Atlético Madrid,Mallorca,3.0,1.0
ESP-La Liga,2223,e5cc8927,2023-04-26,Celta Vigo,Elche,1.0,0.0
ESP-La Liga,2223,f5d9346d,2023-04-26,Getafe,Almería,1.0,2.0
ESP-La Liga,2223,06840a85,2023-04-26,Rayo Vallecano,Barcelona,2.0,1.0
ESP-La Liga,2223,ab718d01,2023-04-27,Athletic Club,Sevilla,0.0,1.0
ESP-La Liga,2223,2c36118e,2023-04-27,Valencia,Valladolid,2.0,1.0
ESP-La Liga,2223,e7bde085,2023-04-27,Villarreal,Espanyol,4.0,2.0
ESP-La Liga,2223,338e2ca8,2023-04-28,Osasuna,Real Sociedad,0.0,2.0
ESP-La Liga,2223,3da68242,2023-04-29,Barcelona,Real Betis,4.0,0.0
ESP-La Liga,2223,f24fba48,2023-04-29,Elche,Rayo Vallecano,4.0,0.0
ESP-La Liga,2223,10736d32,2023-04-29,Real Madrid,Almería,4.0,2.0
ESP-La Liga,2223,4d7b545b,2023-04-30,Cádiz,Valencia,2.0,1.0
ESP-La Liga,2223,6f312540,2023-04-30,Espanyol,Getafe,1.0,0.0
ESP-La Liga,2223,a3190587,2023-04-30,Valladolid,Atlético Madrid,2.0,5.0
ESP-La Liga,2223,cb41f210,2023-04-30,Villarreal,Celta Vigo,3.0,1.0
ESP-La Liga,2223,3fd34920,2023-05-01,Mallorca,Athletic Club,1.0,1.0
ESP-La Liga,2223,fb47fe18,2023-05-01,Sevilla,Girona,0.0,2.0
ESP-La Liga,2223,249029a4,2023-05-02,Almería,Elche,2.0,1.0
ESP-La Liga,2223,8bf7a09f,2023-05-02,Barcelona,Osasuna,1.0,0.0
ESP-La Liga,2223,0850e242,2023-05-02,Real Sociedad,Real Madrid,2.0,0.0
ESP-La Liga,2223,cddeb6bb,2023-05-03,Atlético Madrid,Cádiz,5.0,1.0
ESP-La Liga,2223,03893917,2023-05-03,Getafe,Celta Vigo,1.0,0.0
ESP-La Liga,2223,1d0024c6,2023-05-03,Valencia,Villarreal,1.0,1.0
ESP-La Liga,2223,9943b036,2023-05-04,Athletic Club,Real Betis,0.0,1.0
ESP-La Liga,2223,37d55da6,2023-05-04,Girona,Mallorca,2.0,1.0
ESP-La Liga,2223,7cc3bea8,2023-05-04,Rayo Vallecano,Valladolid,2.0,1.0
ESP-La Liga,2223,87136a5b,2023-05-04,Sevilla,Espanyol,3.0,2.0
ESP-La Liga,2223,b8d72170,2023-05-12,Mallorca,Cádiz,1.0,0.0
ESP-La Liga,2223,6f46c31d,2023-05-13,Osasuna,Almería,3.0,1.0
ESP-La Liga,2223,df985b56,2023-05-13,Real Madrid,Getafe,1.0,0.0
ESP-La Liga,2223,012ba4f0,2023-05-13,Real Sociedad,Girona,2.0,2.0
ESP-La Liga,2223,5eba4386,2023-05-13,Villarreal,Athletic Club,5.0,1.0
ESP-La Liga,2223,0ed472a5,2023-05-14,Celta Vigo,Valencia,1.0,2.0
ESP-La Liga,2223,cf8461b9,2023-05-14,Elche,Atlético Madrid,1.0,0.0
ESP-La Liga,2223,1c37a941,2023-05-14,Espanyol,Barcelona,2.0,4.0
ESP-La Liga,2223,7564c64e,2023-05-14,Valladolid,Sevilla,0.0,3.0
ESP-La Liga,2223,954c93c1,2023-05-15,Real Betis,Rayo Vallecano,3.0,1.0
ESP-La Liga,2223,60cdc671,2023-05-19,Cádiz,Valladolid,2.0,0.0
ESP-La Liga,2223,e4f7474b,2023-05-20,Almería,Mallorca,3.0,0.0
ESP-La Liga,2223,796943ab,2023-05-20,Athletic Club,Celta Vigo,2.0,1.0
ESP-La Liga,2223,e0ef2dea,2023-05-20,Barcelona,Real Sociedad,1.0,2.0
ESP-La Liga,2223,007c5123,2023-05-20,Getafe,Elche,1.0,1.0
ESP-La Liga,2223,1778d9c6,2023-05-20,Girona,Villarreal,1.0,2.0
ESP-La Liga,2223,62d82c5a,2023-05-21,Atlético Madrid,Osasuna,3.0,0.0
ESP-La Liga,2223,4bfe0504,2023-05-21,Rayo Vallecano,Espanyol,1.0,2.0
ESP-La Liga,2223,f2034421,2023-05-21,Sevilla,Real Betis,0.0,0.0
ESP-La Liga,2223,37eaac0c,2023-05-21,Valencia,Real Madrid,1.0,0.0
ESP-La Liga,2223,91e21da1,2023-05-23,Celta Vigo,Girona,1.0,1.0
ESP-La Liga,2223,a846550e,2023-05-23,Real Sociedad,Almería,1.0,0.0
ESP-La Liga,2223,d3913703,2023-05-23,Valladolid,Barcelona,3.0,1.0
ESP-La Liga,2223,b5585ff8,2023-05-24,Elche,Sevilla,1.0,1.0
ESP-La Liga,2223,5391ec20,2023-05-24,Espanyol,Atlético Madrid,3.0,3.0
ESP-La Liga,2223,84529801,2023-05-24,Real Betis,Getafe,0.0,1.0
ESP-La Liga,2223,f4bca33a,2023-05-24,Real Madrid,Rayo Vallecano,2.0,1.0
ESP-La Liga,2223,fde185f9,2023-05-24,Villarreal,Cádiz,2.0,0.0
ESP-La Liga,2223,c399c435,2023-05-25,Mallorca,Valencia,1.0,0.0
ESP-La Liga,2223,fd3ed02d,2023-05-25,Osasuna,Athletic Club,2.0,0.0
ESP-La Liga,2223,e7ddd0e2,2023-05-27,Sevilla,Real Madrid,1.0,2.0
ESP-La Liga,2223,58fd6a94,2023-05-28,Almería,Valladolid,0.0,0.0
ESP-La Liga,2223,11953e99,2023-05-28,Athletic Club,Elche,0.0,1.0
ESP-La Liga,2223,b3373b5a,2023-05-28,Atlético Madrid,Real Sociedad,2.0,1.0
ESP-La Liga,2223,bfedb115,2023-05-28,Barcelona,Mallorca,3.0,0.0
ESP-La Liga,2223,b99f8e19,2023-05-28,Cádiz,Celta Vigo,1.0,0.0
ESP-La Liga,2223,dd7431ec,2023-05-28,Getafe,Osasuna,2.0,1.0
ESP-La Liga,2223,36fa46ed,2023-05-28,Girona,Real Betis,1.0,2.0
ESP-La Liga,2223,5272c289,2023-05-28,Rayo Vallecano,Villarreal,2.0,1.0
ESP-La Liga,2223,0e195cca,2023-05-28,Valencia,Espanyol,2.0,2.0
ESP-La Liga,2223,93e7ec48,2023-06-04,Celta Vigo,Barcelona,2.0,1.0
ESP-La Liga,2223,7b8f18a1,2023-06-04,Elche,Cádiz,1.0,1.0
ESP-La Liga,2223,9a77cbfa,2023-06-04,Espanyol,Almería,3.0,3.0
ESP-La Liga,2223,e8a7ea12,2023-06-04,Mallorca,Rayo Vallecano,3.0,0.0
ESP-La Liga,2223,d7c28578,2023-06-04,Osasuna,Girona,2.0,1.0
ESP-La Liga,2223,5f2fdd0a,2023-06-04,Real Betis,Valencia,1.0,1.0
ESP-La Liga,2223,ce677ae3,2023-06-04,Real Madrid,Athletic Club,1.0,1.0
ESP-La Liga,2223,77a93c43,2023-06-04,Real Sociedad,Sevilla,2.0,1.0
ESP-La Liga,2223,05060e6f,2023-06-04,Valladolid,Getafe,0.0,0.0
ESP-La Liga,2223,53846e71,2023-06-04,Villarreal,Atlético Madrid,2.0,2.0
ESP-La Liga,2324,30d3212e,2023-08-11,Almería,Rayo Vallecano,0.0,2.0
ESP-La Liga,2324,525758cc,2023-08-11,Sevilla,Valencia,1.0,2.0
ESP-La Liga,2324,c31f0a31,2023-08-12,Athletic Club,Real Madrid,0.0,2.0
ESP-La Liga,2324,8c6555db,2023-08-12,Las Palmas,Mallorca,1.0,1.0
ESP-La Liga,2324,706596c6,2023-08-12,Real Sociedad,Girona,1.0,1.0
ESP-La Liga,2324,8689fb39,2023-08-13,Celta Vigo,Osasuna,0.0,2.0
ESP-La Liga,2324,b34ff242,2023-08-13,Getafe,Barcelona,0.0,0.0
ESP-La Liga,2324,b8258a85,2023-08-13,Villarreal,Real Betis,1.0,2.0
ESP-La Liga,2324,a96e4e26,2023-08-14,Atlético Madrid,Granada,3.0,1.0
ESP-La Liga,2324,c36e6859,2023-08-14,Cádiz,Alavés,1.0,0.0
ESP-La Liga,2324,d447f323,2023-08-18,Mallorca,Villarreal,0.0,1.0
ESP-La Liga,2324,8766ab05,2023-08-18,Valencia,Las Palmas,1.0,0.0
ESP-La Liga,2324,33737218,2023-08-19,Almería,Real Madrid,1.0,3.0
ESP-La Liga,2324,0df06b3f,2023-08-19,Osasuna,Athletic Club,0.0,2.0
ESP-La Liga,2324,406ca8c9,2023-08-19,Real Sociedad,Celta Vigo,1.0,1.0
ESP-La Liga,2324,312852e3,2023-08-20,Barcelona,Cádiz,2.0,0.0
ESP-La Liga,2324,e8867e6b,2023-08-20,Girona,Getafe,3.0,0.0
ESP-La Liga,2324,95634760,2023-08-20,Real Betis,Atlético Madrid,0.0,0.0
ESP-La Liga,2324,8cd38a49,2023-08-21,Alavés,Sevilla,4.0,3.0
ESP-La Liga,2324,bc9648bc,2023-08-21,Granada,Rayo Vallecano,0.0,2.0
ESP-La Liga,2324,f414405a,2023-08-25,Celta Vigo,Real Madrid,0.0,1.0
ESP-La Liga,2324,b2340056,2023-08-25,Las Palmas,Real Sociedad,0.0,0.0
ESP-La Liga,2324,6a02cbec,2023-08-26,Cádiz,Almería,1.0,1.0
ESP-La Liga,2324,e249c708,2023-08-26,Granada,Mallorca,3.0,2.0
ESP-La Liga,2324,3aed0598,2023-08-26,Sevilla,Girona,1.0,2.0
ESP-La Liga,2324,d99a5d06,2023-08-27,Athletic Club,Real Betis,4.0,2.0
ESP-La Liga,2324,804cc411,2023-08-27,Valencia,Osasuna,1.0,2.0
ESP-La Liga,2324,b10c7abc,2023-08-27,Villarreal,Barcelona,3.0,4.0
ESP-La Liga,2324,74b34796,2023-08-28,Getafe,Alavés,1.0,0.0
ESP-La Liga,2324,bec04e9b,2023-08-28,Rayo Vallecano,Atlético Madrid,0.0,7.0
ESP-La Liga,2324,979e8388,2023-09-01,Almería,Celta Vigo,2.0,3.0
ESP-La Liga,2324,eb5232b2,2023-09-01,Cádiz,Villarreal,3.0,1.0
ESP-La Liga,2324,3a3b9504,2023-09-02,Alavés,Valencia,1.0,0.0
ESP-La Liga,2324,b11051a5,2023-09-02,Real Betis,Rayo Vallecano,1.0,0.0
ESP-La Liga,2324,2b3c0a99,2023-09-02,Real Madrid,Getafe,2.0,1.0
ESP-La Liga,2324,e1fd4178,2023-09-02,Real Sociedad,Granada,5.0,3.0
ESP-La Liga,2324,8dd16257,2023-09-03,Girona,Las Palmas,1.0,0.0
ESP-La Liga,2324,046e92d8,2023-09-03,Mallorca,Athletic Club,0.0,0.0
ESP-La Liga,2324,de343043,2023-09-03,Osasuna,Barcelona,1.0,2.0
ESP-La Liga,2324,24453748,2023-09-15,Rayo Vallecano,Alavés,2.0,0.0
ESP-La Liga,2324,9b96c6da,2023-09-16,Athletic Club,Cádiz,3.0,0.0
ESP-La Liga,2324,91deddae,2023-09-16,Barcelona,Real Betis,5.0,0.0
ESP-La Liga,2324,1e04d474,2023-09-16,Celta Vigo,Mallorca,0.0,1.0
ESP-La Liga,2324,26f7f1a6,2023-09-16,Valencia,Atlético Madrid,3.0,0.0
ESP-La Liga,2324,c12983f1,2023-09-17,Getafe,Osasuna,3.0,2.0
ESP-La Liga,2324,c0a04549,2023-09-17,Real Madrid,Real Sociedad,2.0,1.0
ESP-La Liga,2324,b1d20065,2023-09-17,Sevilla,Las Palmas,1.0,0.0
ESP-La Liga,2324,c16dfe0b,2023-09-17,Villarreal,Almería,2.0,1.0
ESP-La Liga,2324,5f245c9f,2023-09-18,Granada,Girona,2.0,4.0
ESP-La Liga,2324,b058555b,2023-09-22,Alavés,Athletic Club,0.0,2.0
ESP-La Liga,2324,e5d13d76,2023-09-23,Almería,Valencia,2.0,2.0
ESP-La Liga,2324,027eed9e,2023-09-23,Barcelona,Celta Vigo,3.0,2.0
ESP-La Liga,2324,d6d3de2f,2023-09-23,Girona,Mallorca,5.0,3.0
ESP-La Liga,2324,72741505,2023-09-23,Osasuna,Sevilla,0.0,0.0
ESP-La Liga,2324,f535ba0a,2023-09-24,Atlético Madrid,Real Madrid,3.0,1.0
ESP-La Liga,2324,0cfa1fb6,2023-09-24,Las Palmas,Granada,1.0,0.0
ESP-La Liga,2324,3ad7ddfb,2023-09-24,Rayo Vallecano,Villarreal,1.0,1.0
ESP-La Liga,2324,a41377f4,2023-09-24,Real Betis,Cádiz,1.0,1.0
ESP-La Liga,2324,3e8c7ee8,2023-09-24,Real Sociedad,Getafe,4.0,3.0
ESP-La Liga,2324,c95852d8,2023-09-26,Mallorca,Barcelona,2.0,2.0
ESP-La Liga,2324,1a0a12f3,2023-09-26,Sevilla,Almería,5.0,1.0
ESP-La Liga,2324,5541c885,2023-09-27,Athletic Club,Getafe,2.0,2.0
ESP-La Liga,2324,2d774dd9,2023-09-27,Cádiz,Rayo Vallecano,0.0,0.0
ESP-La Liga,2324,73c339f6,2023-09-27,Real Madrid,Las Palmas,2.0,0.0
ESP-La Liga,2324,572551e5,2023-09-27,Valencia,Real Sociedad,0.0,1.0
ESP-La Liga,2324,7c83c807,2023-09-27,Villarreal,Girona,1.0,2.0
ESP-La Liga,2324,4f005fa8,2023-09-28,Celta Vigo,Alavés,1.0,1.0
ESP-La Liga,2324,6f6cb00d,2023-09-28,Granada,Real Betis,1.0,1.0
ESP-La Liga,2324,006cb34c,2023-09-28,Osasuna,Atlético Madrid,0.0,2.0
ESP-La Liga,2324,c5fbae8a,2023-09-29,Barcelona,Sevilla,1.0,0.0
ESP-La Liga,2324,2fbd5e47,2023-09-30,Getafe,Villarreal,0.0,0.0
ESP-La Liga,2324,253621ab,2023-09-30,Girona,Real Madrid,0.0,3.0
ESP-La Liga,2324,32801dbc,2023-09-30,Rayo Vallecano,Mallorca,2.0,2.0
ESP-La Liga,2324,9689cb22,2023-09-30,Real Sociedad,Athletic Club,3.0,0.0
ESP-La Liga,2324,3d120d0b,2023-10-01,Alavés,Osasuna,0.0,2.0
ESP-La Liga,2324,dd504406,2023-10-01,Almería,Granada,3.0,3.0
ESP-La Liga,2324,0f112739,2023-10-01,Atlético Madrid,Cádiz,3.0,2.0
ESP-La Liga,2324,5668709c,2023-10-01,Real Betis,Valencia,3.0,0.0
ESP-La Liga,2324,b5b5ee07,2023-10-02,Las Palmas,Celta Vigo,2.0,1.0
ESP-La Liga,2324,001383d7,2023-10-06,Athletic Club,Almería,3.0,0.0
ESP-La Liga,2324,2459c550,2023-10-07,Cádiz,Girona,0.0,1.0
ESP-La Liga,2324,65eed22a,2023-10-07,Mallorca,Valencia,1.0,1.0
ESP-La Liga,2324,cf81ed94,2023-10-07,Real Madrid,Osasuna,4.0,0.0
ESP-La Liga,2324,faf557c5,2023-10-07,Sevilla,Rayo Vallecano,2.0,2.0
ESP-La Liga,2324,68a32c10,2023-10-08,Alavés,Real Betis,1.0,1.0
ESP-La Liga,2324,d0fec34b,2023-10-08,Atlético Madrid,Real Sociedad,2.0,1.0
ESP-La Liga,2324,deb9ac58,2023-10-08,Celta Vigo,Getafe,2.0,2.0
ESP-La Liga,2324,e2ce9278,2023-10-08,Granada,Barcelona,2.0,2.0
ESP-La Liga,2324,539efe2f,2023-10-08,Villarreal,Las Palmas,1.0,2.0
ESP-La Liga,2324,43b34260,2023-10-20,Osasuna,Granada,2.0,0.0
ESP-La Liga,2324,7e7af068,2023-10-21,Celta Vigo,Atlético Madrid,0.0,3.0
ESP-La Liga,2324,0d187cb4,2023-10-21,Getafe,Real Betis,1.0,1.0
ESP-La Liga,2324,a4774fc2,2023-10-21,Real Sociedad,Mallorca,1.0,0.0
ESP-La Liga,2324,a1453e00,2023-10-21,Sevilla,Real Madrid,1.0,1.0
ESP-La Liga,2324,5be40f3e,2023-10-22,Barcelona,Athletic Club,1.0,0.0
ESP-La Liga,2324,eadb4a85,2023-10-22,Girona,Almería,5.0,2.0
ESP-La Liga,2324,75aaa3ef,2023-10-22,Las Palmas,Rayo Vallecano,0.0,1.0
ESP-La Liga,2324,f86dfb97,2023-10-22,Villarreal,Alavés,1.0,1.0
ESP-La Liga,2324,39c4605e,2023-10-23,Valencia,Cádiz,2.0,0.0
ESP-La Liga,2324,390bde4a,2023-10-27,Girona,Celta Vigo,1.0,0.0
ESP-La Liga,2324,22d80391,2023-10-28,Almería,Las Palmas,1.0,2.0
ESP-La Liga,2324,59b0e4f0,2023-10-28,Barcelona,Real Madrid,1.0,2.0
ESP-La Liga,2324,11176e0f,2023-10-28,Cádiz,Sevilla,2.0,2.0
ESP-La Liga,2324,eda40c8e,2023-10-28,Mallorca,Getafe,0.0,0.0
ESP-La Liga,2324,73bdd066,2023-10-29,Athletic Club,Valencia,2.0,2.0
ESP-La Liga,2324,a4771eec,2023-10-29,Atlético Madrid,Alavés,2.0,1.0
ESP-La Liga,2324,0e7c5910,2023-10-29,Rayo Vallecano,Real Sociedad,2.0,2.0
ESP-La Liga,2324,0c248bda,2023-10-29,Real Betis,Osasuna,2.0,1.0
ESP-La Liga,2324,c3aa20c5,2023-10-30,Granada,Villarreal,2.0,3.0
ESP-La Liga,2324,52e1b035,2023-11-03,Las Palmas,Atlético Madrid,2.0,1.0
ESP-La Liga,2324,133dffca,2023-11-04,Celta Vigo,Sevilla,1.0,1.0
ESP-La Liga,2324,2060ad55,2023-11-04,Osasuna,Girona,2.0,4.0
ESP-La Liga,2324,0d1db511,2023-11-04,Real Betis,Mallorca,2.0,0.0
ESP-La Liga,2324,a81185c4,2023-11-04,Real Sociedad,Barcelona,0.0,1.0
ESP-La Liga,2324,f68f1f5c,2023-11-05,Alavés,Almería,1.0,0.0
ESP-La Liga,2324,ff452d69,2023-11-05,Real Madrid,Rayo Vallecano,0.0,0.0
ESP-La Liga,2324,6bc552c2,2023-11-05,Valencia,Granada,1.0,0.0
ESP-La Liga,2324,d3edf2ae,2023-11-05,Villarreal,Athletic Club,2.0,3.0
ESP-La Liga,2324,ed5f02e2,2023-11-06,Getafe,Cádiz,1.0,0.0
ESP-La Liga,2324,bdde04ef,2023-11-10,Athletic Club,Celta Vigo,4.0,3.0
ESP-La Liga,2324,499da981,2023-11-11,Almería,Real Sociedad,1.0,3.0
ESP-La Liga,2324,da4c3931,2023-11-11,Granada,Getafe,1.0,1.0
ESP-La Liga,2324,52845bb5,2023-11-11,Osasuna,Las Palmas,1.0,1.0
ESP-La Liga,2324,5f383bb2,2023-11-11,Rayo Vallecano,Girona,1.0,2.0
ESP-La Liga,2324,1cb4d5cc,2023-11-11,Real Madrid,Valencia,5.0,1.0
ESP-La Liga,2324,cadb3e6a,2023-11-12,Atlético Madrid,Villarreal,3.0,1.0
ESP-La Liga,2324,3541e819,2023-11-12,Barcelona,Alavés,2.0,1.0
ESP-La Liga,2324,f4e8506b,2023-11-12,Sevilla,Real Betis,1.0,1.0
ESP-La Liga,2324,7e1b64b6,2023-11-24,Alavés,Granada,3.0,1.0
ESP-La Liga,2324,16b9ac5f,2023-11-25,Atlético Madrid,Mallorca,1.0,0.0
ESP-La Liga,2324,db6cf568,2023-11-25,Getafe,Almería,2.0,1.0
ESP-La Liga,2324,01f34256,2023-11-25,Rayo Vallecano,Barcelona,1.0,1.0
ESP-La Liga,2324,c7b4a2f1,2023-11-25,Valencia,Celta Vigo,0.0,0.0
ESP-La Liga,2324,5d52e4e2,2023-11-26,Cádiz,Real Madrid,0.0,3.0
ESP-La Liga,2324,835e91b9,2023-11-26,Real Betis,Las Palmas,1.0,0.0
ESP-La Liga,2324,6693ba62,2023-11-26,Real Sociedad,Sevilla,2.0,1.0
ESP-La Liga,2324,39aeccb8,2023-11-26,Villarreal,Osasuna,3.0,1.0
ESP-La Liga,2324,aef6bb51,2023-11-27,Girona,Athletic Club,1.0,1.0
ESP-La Liga,2324,12f1bd76,2023-11-29,Mallorca,Cádiz,1.0,1.0
ESP-La Liga,2324,43a9a3f9,2023-12-01,Las Palmas,Getafe,2.0,0.0
ESP-La Liga,2324,b88a35df,2023-12-02,Athletic Club,Rayo Vallecano,4.0,0.0
ESP-La Liga,2324,3a6cf7d9,2023-12-02,Girona,Valencia,2.0,1.0
ESP-La Liga,2324,5d28eb72,2023-12-02,Osasuna,Real Sociedad,1.0,1.0
ESP-La Liga,2324,bc316609,2023-12-02,Real Madrid,Granada,2.0,0.0
ESP-La Liga,2324,90d64d3b,2023-12-03,Almería,Real Betis,0.0,0.0
ESP-La Liga,2324,0012462a,2023-12-03,Barcelona,Atlético Madrid,1.0,0.0
ESP-La Liga,2324,aa2065ac,2023-12-03,Mallorca,Alavés,0.0,0.0
ESP-La Liga,2324,98ae1fe6,2023-12-03,Sevilla,Villarreal,1.0,1.0
ESP-La Liga,2324,2618d749,2023-12-04,Celta Vigo,Cádiz,1.0,1.0
ESP-La Liga,2324,ecf11fd1,2023-12-08,Getafe,Valencia,1.0,0.0
ESP-La Liga,2324,06bb7e90,2023-12-09,Alavés,Las Palmas,0.0,1.0
ESP-La Liga,2324,7dacfd9b,2023-12-09,Mallorca,Sevilla,1.0,0.0
ESP-La Liga,2324,872da7fb,2023-12-09,Real Betis,Real Madrid,1.0,1.0
ESP-La Liga,2324,7c91b9cb,2023-12-09,Villarreal,Real Sociedad,0.0,3.0
ESP-La Liga,2324,381f0556,2023-12-10,Atlético Madrid,Almería,2.0,1.0
ESP-La Liga,2324,36e35f1b,2023-12-10,Barcelona,Girona,2.0,4.0
ESP-La Liga,2324,7c80b72c,2023-12-10,Cádiz,Osasuna,1.0,1.0
ESP-La Liga,2324,2e13f78e,2023-12-11,Granada,Athletic Club,1.0,1.0
ESP-La Liga,2324,8561242b,2023-12-11,Rayo Vallecano,Celta Vigo,0.0,0.0
ESP-La Liga,2324,781d0d19,2023-12-15,Osasuna,Rayo Vallecano,1.0,0.0
ESP-La Liga,2324,f21edbdb,2023-12-16,Athletic Club,Atlético Madrid,2.0,0.0
ESP-La Liga,2324,57110974,2023-12-16,Celta Vigo,Granada,1.0,0.0
ESP-La Liga,2324,4d8d0ba8,2023-12-16,Sevilla,Getafe,0.0,3.0
ESP-La Liga,2324,ab58d4c0,2023-12-16,Valencia,Barcelona,1.0,1.0
ESP-La Liga,2324,29830e6b,2023-12-17,Almería,Mallorca,0.0,0.0
ESP-La Liga,2324,08036869,2023-12-17,Las Palmas,Cádiz,1.0,1.0
ESP-La Liga,2324,7cbfb8ee,2023-12-17,Real Madrid,Villarreal,4.0,1.0
ESP-La Liga,2324,5c3fe234,2023-12-17,Real Sociedad,Real Betis,0.0,0.0
ESP-La Liga,2324,b26778b7,2023-12-18,Girona,Alavés,3.0,0.0
ESP-La Liga,2324,23fb1e35,2023-12-19,Atlético Madrid,Getafe,3.0,3.0
ESP-La Liga,2324,9a19af2d,2023-12-19,Granada,Sevilla,0.0,3.0
ESP-La Liga,2324,25af4fd3,2023-12-19,Rayo Vallecano,Valencia,0.0,1.0
ESP-La Liga,2324,1b8fc92b,2023-12-20,Athletic Club,Las Palmas,1.0,0.0
ESP-La Liga,2324,cb6ccdca,2023-12-20,Barcelona,Almería,3.0,2.0
ESP-La Liga,2324,9f6ecef6,2023-12-20,Villarreal,Celta Vigo,3.0,2.0
ESP-La Liga,2324,4dec0026,2023-12-21,Alavés,Real Madrid,0.0,1.0
ESP-La Liga,2324,58612cde,2023-12-21,Cádiz,Real Sociedad,0.0,0.0
ESP-La Liga,2324,cc0b697d,2023-12-21,Mallorca,Osasuna,3.0,2.0
ESP-La Liga,2324,ce152000,2023-12-21,Real Betis,Girona,1.0,1.0
ESP-La Liga,2324,8797c007,2023-12-23,Atlético Madrid,Sevilla,1.0,0.0
ESP-La Liga,2324,be4710dc,2024-01-02,Getafe,Rayo Vallecano,0.0,2.0
ESP-La Liga,2324,57a94079,2024-01-02,Real Sociedad,Alavés,1.0,1.0
ESP-La Liga,2324,2a5dbe16,2024-01-02,Valencia,Villarreal,3.0,1.0
ESP-La Liga,2324,f235cb36,2024-01-03,Celta Vigo,Real Betis,2.0,1.0
ESP-La Liga,2324,1a18f1be,2024-01-03,Girona,Atlético Madrid,4.0,3.0
ESP-La Liga,2324,81995a26,2024-01-03,Granada,Cádiz,2.0,0.0
ESP-La Liga,2324,a68c4db0,2024-01-03,Real Madrid,Mallorca,1.0,0.0
ESP-La Liga,2324,2181388a,2024-01-04,Las Palmas,Barcelona,1.0,2.0
ESP-La Liga,2324,2d6bd38e,2024-01-04,Osasuna,Almería,1.0,0.0
ESP-La Liga,2324,a599d8e1,2024-01-04,Sevilla,Athletic Club,0.0,2.0
ESP-La Liga,2324,dacf8559,2024-01-12,Sevilla,Alavés,2.0,3.0
ESP-La Liga,2324,cbde4eb0,2024-01-13,Athletic Club,Real Sociedad,2.0,1.0
ESP-La Liga,2324,2328243e,2024-01-13,Las Palmas,Villarreal,3.0,0.0
ESP-La Liga,2324,62bdac3e,2024-01-13,Mallorca,Celta Vigo,1.0,1.0
ESP-La Liga,2324,b889c1e1,2024-01-13,Real Betis,Granada,1.0,0.0
ESP-La Liga,2324,ac070af0,2024-01-14,Almería,Girona,0.0,0.0
ESP-La Liga,2324,191bdef3,2024-01-14,Cádiz,Valencia,1.0,4.0
ESP-La Liga,2324,06721bb2,2024-01-19,Alavés,Cádiz,1.0,0.0
ESP-La Liga,2324,261b5161,2024-01-20,Celta Vigo,Real Sociedad,0.0,1.0
ESP-La Liga,2324,2de52681,2024-01-20,Rayo Vallecano,Las Palmas,0.0,2.0
ESP-La Liga,2324,56f618cb,2024-01-20,Valencia,Athletic Club,1.0,0.0
ESP-La Liga,2324,bf30b05f,2024-01-20,Villarreal,Mallorca,1.0,1.0
ESP-La Liga,2324,001f02ea,2024-01-21,Girona,Sevilla,5.0,1.0
ESP-La Liga,2324,92457ba9,2024-01-21,Osasuna,Getafe,3.0,2.0
ESP-La Liga,2324,cd2367fb,2024-01-21,Real Betis,Barcelona,2.0,4.0
ESP-La Liga,2324,044f7144,2024-01-21,Real Madrid,Almería,3.0,2.0
ESP-La Liga,2324,3cfa176f,2024-01-22,Granada,Atlético Madrid,0.0,1.0
ESP-La Liga,2324,851f5d85,2024-01-26,Almería,Alavés,0.0,3.0
ESP-La Liga,2324,06120109,2024-01-27,Barcelona,Villarreal,3.0,5.0
ESP-La Liga,2324,b61e3e2f,2024-01-27,Las Palmas,Real Madrid,1.0,2.0
ESP-La Liga,2324,c9ebb8f9,2024-01-27,Mallorca,Real Betis,0.0,1.0
ESP-La Liga,2324,72e78a1f,2024-01-27,Real Sociedad,Rayo Vallecano,0.0,0.0
ESP-La Liga,2324,fb9eb11a,2024-01-28,Atlético Madrid,Valencia,2.0,0.0
ESP-La Liga,2324,898ad853,2024-01-28,Celta Vigo,Girona,0.0,1.0
ESP-La Liga,2324,01dea01a,2024-01-28,Cádiz,Athletic Club,0.0,0.0
ESP-La Liga,2324,661915d5,2024-01-28,Sevilla,Osasuna,1.0,1.0
ESP-La Liga,2324,adf50a1d,2024-01-29,Getafe,Granada,2.0,0.0
ESP-La Liga,2324,cbaaa323,2024-01-31,Atlético Madrid,Rayo Vallecano,2.0,1.0
ESP-La Liga,2324,d6106b99,2024-01-31,Barcelona,Osasuna,1.0,0.0
ESP-La Liga,2324,92a1197f,2024-02-01,Getafe,Real Madrid,0.0,2.0
ESP-La Liga,2324,5f6e670c,2024-02-02,Athletic Club,Mallorca,4.0,0.0
ESP-La Liga,2324,37151033,2024-02-03,Alavés,Barcelona,1.0,3.0
ESP-La Liga,2324,92a239f6,2024-02-03,Girona,Real Sociedad,0.0,0.0
ESP-La Liga,2324,22e4db63,2024-02-03,Granada,Las Palmas,1.0,1.0
ESP-La Liga,2324,149141f2,2024-02-03,Valencia,Almería,2.0,1.0
ESP-La Liga,2324,b8fec464,2024-02-04,Osasuna,Celta Vigo,0.0,3.0
ESP-La Liga,2324,faf7791c,2024-02-04,Real Betis,Getafe,1.0,1.0
ESP-La Liga,2324,199f13ef,2024-02-04,Real Madrid,Atlético Madrid,1.0,1.0
ESP-La Liga,2324,28a20450,2024-02-04,Villarreal,Cádiz,0.0,0.0
ESP-La Liga,2324,1c2d13c4,2024-02-05,Rayo Vallecano,Sevilla,1.0,2.0
ESP-La Liga,2324,4853d9e5,2024-02-09,Cádiz,Real Betis,0.0,2.0
ESP-La Liga,2324,df1c317c,2024-02-10,Alavés,Villarreal,1.0,1.0
ESP-La Liga,2324,8635863c,2024-02-10,Las Palmas,Valencia,2.0,0.0
ESP-La Liga,2324,501f00a9,2024-02-10,Real Madrid,Girona,4.0,0.0
ESP-La Liga,2324,38ef643d,2024-02-10,Real Sociedad,Osasuna,0.0,1.0
ESP-La Liga,2324,02934208,2024-02-11,Barcelona,Granada,3.0,3.0
ESP-La Liga,2324,93f25b56,2024-02-11,Getafe,Celta Vigo,3.0,2.0
ESP-La Liga,2324,35c12a15,2024-02-11,Mallorca,Rayo Vallecano,2.0,1.0
ESP-La Liga,2324,dd0585e1,2024-02-11,Sevilla,Atlético Madrid,1.0,0.0
ESP-La Liga,2324,aadff460,2024-02-12,Almería,Athletic Club,0.0,0.0
ESP-La Liga,2324,39eb65ce,2024-02-16,Villarreal,Getafe,1.0,1.0
ESP-La Liga,2324,d2e1cfdb,2024-02-17,Atlético Madrid,Las Palmas,5.0,0.0
ESP-La Liga,2324,16accf14,2024-02-17,Celta Vigo,Barcelona,1.0,2.0
ESP-La Liga,2324,acb216f1,2024-02-17,Osasuna,Cádiz,2.0,0.0
ESP-La Liga,2324,9beaaafb,2024-02-17,Valencia,Sevilla,0.0,0.0
ESP-La Liga,2324,5843757f,2024-02-18,Granada,Almería,1.0,1.0
ESP-La Liga,2324,f19651ab,2024-02-18,Mallorca,Real Sociedad,1.0,2.0
ESP-La Liga,2324,8f2c26c1,2024-02-18,Rayo Vallecano,Real Madrid,1.0,1.0
ESP-La Liga,2324,b8a430ca,2024-02-18,Real Betis,Alavés,0.0,0.0
ESP-La Liga,2324,cab3844e,2024-02-19,Athletic Club,Girona,3.0,2.0
ESP-La Liga,2324,4c975b7e,2024-02-23,Real Sociedad,Villarreal,1.0,3.0
ESP-La Liga,2324,24435ef9,2024-02-24,Alavés,Mallorca,1.0,1.0
ESP-La Liga,2324,998ad495,2024-02-24,Almería,Atlético Madrid,2.0,2.0
ESP-La Liga,2324,8f4e2ab7,2024-02-24,Barcelona,Getafe,4.0,0.0
ESP-La Liga,2324,81b6bcdb,2024-02-25,Cádiz,Celta Vigo,2.0,2.0
ESP-La Liga,2324,cbe1823a,2024-02-25,Las Palmas,Osasuna,1.0,1.0
ESP-La Liga,2324,05f0bbdc,2024-02-25,Real Betis,Athletic Club,3.0,1.0
ESP-La Liga,2324,0788c1f1,2024-02-25,Real Madrid,Sevilla,1.0,0.0
ESP-La Liga,2324,a07bda86,2024-02-26,Girona,Rayo Vallecano,3.0,0.0
ESP-La Liga,2324,7ab6dcd9,2024-03-01,Celta Vigo,Almería,1.0,0.0
ESP-La Liga,2324,1f2c17eb,2024-03-02,Getafe,Las Palmas,3.0,3.0
ESP-La Liga,2324,f374824a,2024-03-02,Rayo Vallecano,Cádiz,1.0,1.0
ESP-La Liga,2324,94990b76,2024-03-02,Sevilla,Real Sociedad,3.0,2.0
ESP-La Liga,2324,2e5cdea9,2024-03-02,Valencia,Real Madrid,2.0,2.0
ESP-La Liga,2324,8c7d46b8,2024-03-03,Athletic Club,Barcelona,0.0,0.0
ESP-La Liga,2324,f887328c,2024-03-03,Atlético Madrid,Real Betis,2.0,1.0
ESP-La Liga,2324,43ea52c2,2024-03-03,Mallorca,Girona,1.0,0.0
ESP-La Liga,2324,82279c7a,2024-03-03,Villarreal,Granada,5.0,1.0
ESP-La Liga,2324,9bee2dfe,2024-03-04,Osasuna,Alavés,1.0,0.0
ESP-La Liga,2324,893d91cd,2024-03-08,Barcelona,Mallorca,1.0,0.0
ESP-La Liga,2324,4626c60c,2024-03-09,Cádiz,Atlético Madrid,2.0,0.0
ESP-La Liga,2324,0778b3ab,2024-03-09,Girona,Osasuna,2.0,0.0
ESP-La Liga,2324,68564a87,2024-03-09,Granada,Real Sociedad,2.0,3.0
ESP-La Liga,2324,f3a99bc6,2024-03-09,Valencia,Getafe,1.0,0.0
ESP-La Liga,2324,fd381a48,2024-03-10,Alavés,Rayo Vallecano,1.0,0.0
ESP-La Liga,2324,c5876baa,2024-03-10,Las Palmas,Athletic Club,0.0,2.0
ESP-La Liga,2324,a9c711a7,2024-03-10,Real Betis,Villarreal,2.0,3.0
ESP-La Liga,2324,e829e739,2024-03-10,Real Madrid,Celta Vigo,4.0,0.0
ESP-La Liga,2324,b60cb69e,2024-03-11,Almería,Sevilla,2.0,2.0
ESP-La Liga,2324,f6be96b2,2024-03-15,Real Sociedad,Cádiz,2.0,0.0
ESP-La Liga,2324,353fc7dc,2024-03-16,Athletic Club,Alavés,2.0,0.0
ESP-La Liga,2324,a0f615f1,2024-03-16,Getafe,Girona,1.0,0.0
ESP-La Liga,2324,62e3bbb2,2024-03-16,Mallorca,Granada,1.0,0.0
ESP-La Liga,2324,132fdf9c,2024-03-16,Osasuna,Real Madrid,2.0,4.0
ESP-La Liga,2324,bccce279,2024-03-17,Atlético Madrid,Barcelona,0.0,3.0
ESP-La Liga,2324,09fcfcbf,2024-03-17,Las Palmas,Almería,0.0,1.0
ESP-La Liga,2324,8ace3465,2024-03-17,Rayo Vallecano,Real Betis,2.0,0.0
ESP-La Liga,2324,677dc25e,2024-03-17,Sevilla,Celta Vigo,1.0,2.0
ESP-La Liga,2324,d88d960f,2024-03-17,Villarreal,Valencia,1.0,0.0
ESP-La Liga,2324,8b40ebf8,2024-03-29,Cádiz,Granada,1.0,0.0
ESP-La Liga,2324,2faf48dd,2024-03-30,Almería,Osasuna,0.0,3.0
ESP-La Liga,2324,0ba647fb,2024-03-30,Barcelona,Las Palmas,1.0,0.0
ESP-La Liga,2324,225535f4,2024-03-30,Getafe,Sevilla,0.0,1.0
ESP-La Liga,2324,d9329662,2024-03-30,Valencia,Mallorca,0.0,0.0
ESP-La Liga,2324,47e43855,2024-03-31,Alavés,Real Sociedad,0.0,1.0
ESP-La Liga,2324,b407fe75,2024-03-31,Celta Vigo,Rayo Vallecano,0.0,0.0
ESP-La Liga,2324,43f30f97,2024-03-31,Girona,Real Betis,3.0,2.0
ESP-La Liga,2324,cb8f8470,2024-03-31,Real Madrid,Athletic Club,2.0,0.0
ESP-La Liga,2324,ea244c20,2024-04-01,Villarreal,Atlético Madrid,1.0,2.0
ESP-La Liga,2324,e8f66280,2024-04-04,Granada,Valencia,0.0,1.0
ESP-La Liga,2324,a7ba44ee,2024-04-12,Real Betis,Celta Vigo,2.0,1.0
ESP-La Liga,2324,d1461be3,2024-04-13,Atlético Madrid,Girona,3.0,1.0
ESP-La Liga,2324,a4bd2f2a,2024-04-13,Cádiz,Barcelona,0.0,1.0
ESP-La Liga,2324,8887cd3f,2024-04-13,Mallorca,Real Madrid,0.0,1.0
ESP-La Liga,2324,1ebfb4e4,2024-04-13,Rayo Vallecano,Getafe,0.0,0.0
ESP-La Liga,2324,941a4629,2024-04-14,Athletic Club,Villarreal,1.0,1.0
ESP-La Liga,2324,f08ebff7,2024-04-14,Granada,Alavés,2.0,0.0
ESP-La Liga,2324,5a35c6d1,2024-04-14,Las Palmas,Sevilla,0.0,2.0
ESP-La Liga,2324,32b50c2a,2024-04-14,Real Sociedad,Almería,2.0,2.0
ESP-La Liga,2324,47963fdb,2024-04-15,Osasuna,Valencia,0.0,1.0
ESP-La Liga,2324,77710902,2024-04-19,Athletic Club,Granada,1.0,1.0
ESP-La Liga,2324,a3ba5e25,2024-04-20,Celta Vigo,Las Palmas,4.0,1.0
ESP-La Liga,2324,6e1ed9b8,2024-04-20,Girona,Cádiz,4.0,1.0
ESP-La Liga,2324,cbed4286,2024-04-20,Rayo Vallecano,Osasuna,2.0,1.0
ESP-La Liga,2324,746db3ae,2024-04-20,Valencia,Real Betis,1.0,2.0
ESP-La Liga,2324,b40183ad,2024-04-21,Alavés,Atlético Madrid,2.0,0.0
ESP-La Liga,2324,635dcbf9,2024-04-21,Almería,Villarreal,1.0,2.0
ESP-La Liga,2324,c0cdba0e,2024-04-21,Getafe,Real Sociedad,1.0,1.0
ESP-La Liga,2324,9699d0ae,2024-04-21,Real Madrid,Barcelona,3.0,2.0
ESP-La Liga,2324,2d5046e6,2024-04-22,Sevilla,Mallorca,2.0,1.0
ESP-La Liga,2324,3edf4d41,2024-04-26,Real Sociedad,Real Madrid,0.0,1.0
ESP-La Liga,2324,ffe34927,2024-04-27,Alavés,Celta Vigo,3.0,0.0
ESP-La Liga,2324,54592e27,2024-04-27,Almería,Getafe,1.0,3.0
ESP-La Liga,2324,a0a9d4cf,2024-04-27,Atlético Madrid,Athletic Club,3.0,1.0
ESP-La Liga,2324,e996fa16,2024-04-27,Las Palmas,Girona,0.0,2.0
ESP-La Liga,2324,05b862fc,2024-04-28,Cádiz,Mallorca,1.0,1.0
ESP-La Liga,2324,7e063e40,2024-04-28,Granada,Osasuna,3.0,0.0
ESP-La Liga,2324,94a4da32,2024-04-28,Real Betis,Sevilla,1.0,1.0
ESP-La Liga,2324,9db220c0,2024-04-28,Villarreal,Rayo Vallecano,3.0,0.0
ESP-La Liga,2324,c5942116,2024-04-29,Barcelona,Valencia,4.0,2.0
ESP-La Liga,2324,506b1b2a,2024-05-03,Getafe,Athletic Club,0.0,2.0
ESP-La Liga,2324,2857168f,2024-05-04,Girona,Barcelona,4.0,2.0
ESP-La Liga,2324,53936afb,2024-05-04,Mallorca,Atlético Madrid,0.0,1.0
ESP-La Liga,2324,ac0f607f,2024-05-04,Real Madrid,Cádiz,3.0,0.0
ESP-La Liga,2324,386210a4,2024-05-04,Real Sociedad,Las Palmas,2.0,0.0
ESP-La Liga,2324,429fcafb,2024-05-05,Celta Vigo,Villarreal,3.0,2.0
ESP-La Liga,2324,4c79cbf6,2024-05-05,Osasuna,Real Betis,0.0,2.0
ESP-La Liga,2324,6515a447,2024-05-05,Rayo Vallecano,Almería,0.0,1.0
ESP-La Liga,2324,cf65828c,2024-05-05,Sevilla,Granada,3.0,0.0
ESP-La Liga,2324,3c4e6a04,2024-05-05,Valencia,Alavés,0.0,1.0
ESP-La Liga,2324,8d5472e3,2024-05-10,Alavés,Girona,2.0,2.0
ESP-La Liga,2324,da28b0d1,2024-05-11,Athletic Club,Osasuna,2.0,2.0
ESP-La Liga,2324,fa49110c,2024-05-11,Granada,Real Madrid,0.0,4.0
ESP-La Liga,2324,b4349d20,2024-05-11,Mallorca,Las Palmas,1.0,0.0
ESP-La Liga,2324,db2c3f5d,2024-05-11,Villarreal,Sevilla,3.0,2.0
ESP-La Liga,2324,b2f7f5e0,2024-05-12,Atlético Madrid,Celta Vigo,1.0,0.0
ESP-La Liga,2324,20329c38,2024-05-12,Cádiz,Getafe,1.0,0.0
ESP-La Liga,2324,78324d14,2024-05-12,Real Betis,Almería,3.0,2.0
ESP-La Liga,2324,a0fb8424,2024-05-12,Valencia,Rayo Vallecano,0.0,0.0
ESP-La Liga,2324,3d94f1a4,2024-05-13,Barcelona,Real Sociedad,2.0,0.0
ESP-La Liga,2324,34cead76,2024-05-14,Girona,Villarreal,0.0,1.0
ESP-La Liga,2324,e3feee7a,2024-05-14,Osasuna,Mallorca,1.0,1.0
ESP-La Liga,2324,33a6634e,2024-05-14,Real Madrid,Alavés,5.0,0.0
ESP-La Liga,2324,15d304e7,2024-05-15,Celta Vigo,Athletic Club,2.0,1.0
ESP-La Liga,2324,696d137e,2024-05-15,Getafe,Atlético Madrid,0.0,3.0
ESP-La Liga,2324,ed81748f,2024-05-15,Rayo Vallecano,Granada,2.0,1.0
ESP-La Liga,2324,fe5dae8c,2024-05-15,Sevilla,Cádiz,0.0,1.0
ESP-La Liga,2324,78ebb2dd,2024-05-16,Almería,Barcelona,0.0,2.0
ESP-La Liga,2324,6927b08f,2024-05-16,Las Palmas,Real Betis,2.0,2.0
ESP-La Liga,2324,e2a89f33,2024-05-16,Real Sociedad,Valencia,1.0,0.0
ESP-La Liga,2324,7c178e2f,2024-05-18,Alavés,Getafe,1.0,0.0
ESP-La Liga,2324,4691300c,2024-05-19,Athletic Club,Sevilla,2.0,0.0
ESP-La Liga,2324,113ce588,2024-05-19,Atlético Madrid,Osasuna,1.0,4.0
ESP-La Liga,2324,a07daf85,2024-05-19,Barcelona,Rayo Vallecano,3.0,0.0
ESP-La Liga,2324,db3b593e,2024-05-19,Cádiz,Las Palmas,0.0,0.0
ESP-La Liga,2324,bcfed537,2024-05-19,Granada,Celta Vigo,1.0,2.0
ESP-La Liga,2324,ab933e0a,2024-05-19,Mallorca,Almería,2.0,2.0
ESP-La Liga,2324,668bdcc1,2024-05-19,Real Betis,Real Sociedad,0.0,2.0
ESP-La Liga,2324,c66a2814,2024-05-19,Valencia,Girona,1.0,3.0
ESP-La Liga,2324,ec275e77,2024-05-19,Villarreal,Real Madrid,4.0,4.0
ESP-La Liga,2324,0b569a97,2024-05-24,Girona,Granada,7.0,0.0
ESP-La Liga,2324,3deb8202,2024-05-25,Almería,Cádiz,6.0,1.0
ESP-La Liga,2324,ecd762d7,2024-05-25,Osasuna,Villarreal,1.0,1.0
ESP-La Liga,2324,79f108d8,2024-05-25,Rayo Vallecano,Athletic Club,0.0,1.0
ESP-La Liga,2324,b4858ba8,2024-05-25,Real Madrid,Real Betis,0.0,0.0
ESP-La Liga,2324,b4cbdba3,2024-05-25,Real Sociedad,Atlético Madrid,0.0,2.0
ESP-La Liga,2324,f43e7cfe,2024-05-26,Celta Vigo,Valencia,2.0,2.0
ESP-La Liga,2324,452075d1,2024-05-26,Getafe,Mallorca,1.0,2.0
ESP-La Liga,2324,d052dfe0,2024-05-26,Las Palmas,Alavés,1.0,1.0
ESP-La Liga,2324,e45b3740,2024-05-26,Sevilla,Barcelona,1.0,2.0
ESP-La Liga,2425,32bb9a67,2024-08-15,Athletic Club,Getafe,1.0,1.0
ESP-La Liga,2425,f13e982e,2024-08-15,Real Betis,Girona,1.0,1.0
ESP-La Liga,2425,3c487349,2024-08-16,Celta Vigo,Alavés,2.0,1.0
ESP-La Liga,2425,82605913,2024-08-16,Las Palmas,Sevilla,2.0,2.0
ESP-La Liga,2425,e593cd07,2024-08-17,Osasuna,Leganés,1.0,1.0
ESP-La Liga,2425,6f0fac43,2024-08-17,Valencia,Barcelona,1.0,2.0
ESP-La Liga,2425,c6b7a6e0,2024-08-18,Mallorca,Real Madrid,1.0,1.0
ESP-La Liga,2425,e826cf9e,2024-08-18,Real Sociedad,Rayo Vallecano,1.0,2.0
ESP-La Liga,2425,43c02c2b,2024-08-19,Valladolid,Espanyol,1.0,0.0
ESP-La Liga,2425,2a59dd47,2024-08-19,Villarreal,Atlético Madrid,2.0,2.0
ESP-La Liga,2425,95447cec,2024-08-23,Celta Vigo,Valencia,3.0,1.0
ESP-La Liga,2425,0d54805a,2024-08-23,Sevilla,Villarreal,1.0,2.0
ESP-La Liga,2425,87bc9bba,2024-08-24,Barcelona,Athletic Club,2.0,1.0
ESP-La Liga,2425,3c8fe9de,2024-08-24,Espanyol,Real Sociedad,0.0,1.0
ESP-La Liga,2425,e11566fd,2024-08-24,Getafe,Rayo Vallecano,0.0,0.0
ESP-La Liga,2425,384225d1,2024-08-24,Osasuna,Mallorca,1.0,0.0
ESP-La Liga,2425,b757e16f,2024-08-25,Alavés,Real Betis,0.0,0.0
ESP-La Liga,2425,c6c0a3d3,2024-08-25,Atlético Madrid,Girona,3.0,0.0
ESP-La Liga,2425,b1f96209,2024-08-25,Leganés,Las Palmas,2.0,1.0
ESP-La Liga,2425,3f2f6c96,2024-08-25,Real Madrid,Valladolid,3.0,0.0
ESP-La Liga,2425,050fe7c2,2024-08-26,Villarreal,Celta Vigo,4.0,3.0
ESP-La Liga,2425,6049a447,2024-08-27,Mallorca,Sevilla,0.0,0.0
ESP-La Liga,2425,f8fc00c7,2024-08-27,Rayo Vallecano,Barcelona,1.0,2.0
ESP-La Liga,2425,acc2bc45,2024-08-28,Athletic Club,Valencia,1.0,0.0
ESP-La Liga,2425,ef04c85d,2024-08-28,Atlético Madrid,Espanyol,0.0,0.0
ESP-La Liga,2425,71669703,2024-08-28,Real Sociedad,Alavés,1.0,2.0
ESP-La Liga,2425,843a0b94,2024-08-28,Valladolid,Leganés,0.0,0.0
ESP-La Liga,2425,6e8b4c78,2024-08-29,Girona,Osasuna,4.0,0.0
ESP-La Liga,2425,173a87bb,2024-08-29,Las Palmas,Real Madrid,1.0,1.0
ESP-La Liga,2425,d554e8b9,2024-08-31,Athletic Club,Atlético Madrid,0.0,1.0
ESP-La Liga,2425,3ed1b8ff,2024-08-31,Barcelona,Valladolid,7.0,0.0
ESP-La Liga,2425,02bfae4e,2024-08-31,Espanyol,Rayo Vallecano,2.0,1.0
ESP-La Liga,2425,2053d836,2024-08-31,Leganés,Mallorca,0.0,1.0
ESP-La Liga,2425,e79d506b,2024-08-31,Valencia,Villarreal,1.0,1.0
ESP-La Liga,2425,572463cb,2024-09-01,Alavés,Las Palmas,2.0,0.0
ESP-La Liga,2425,5a140caa,2024-09-01,Getafe,Real Sociedad,0.0,0.0
ESP-La Liga,2425,7aa26780,2024-09-01,Osasuna,Celta Vigo,3.0,2.0
ESP-La Liga,2425,f8b3c447,2024-09-01,Real Madrid,Real Betis,2.0,0.0
ESP-La Liga,2425,50cdc0c9,2024-09-01,Sevilla,Girona,0.0,2.0
ESP-La Liga,2425,3c660029,2024-09-13,Real Betis,Leganés,2.0,0.0
ESP-La Liga,2425,28cd11c2,2024-09-14,Espanyol,Alavés,3.0,2.0
ESP-La Liga,2425,4f2bd132,2024-09-14,Mallorca,Villarreal,1.0,2.0
ESP-La Liga,2425,50a17164,2024-09-14,Real Sociedad,Real Madrid,0.0,2.0
ESP-La Liga,2425,a214487d,2024-09-14,Sevilla,Getafe,1.0,0.0
ESP-La Liga,2425,e1e5325c,2024-09-15,Atlético Madrid,Valencia,3.0,0.0
ESP-La Liga,2425,72aa5092,2024-09-15,Celta Vigo,Valladolid,3.0,1.0
ESP-La Liga,2425,f166ffc9,2024-09-15,Girona,Barcelona,1.0,4.0
ESP-La Liga,2425,defd20c7,2024-09-15,Las Palmas,Athletic Club,2.0,3.0
ESP-La Liga,2425,b5605cb6,2024-09-16,Rayo Vallecano,Osasuna,3.0,1.0
ESP-La Liga,2425,6ced9ec5,2024-09-17,Mallorca,Real Sociedad,1.0,0.0
ESP-La Liga,2425,d2722540,2024-09-18,Real Betis,Getafe,2.0,1.0
ESP-La Liga,2425,613f75be,2024-09-19,Leganés,Athletic Club,0.0,2.0
ESP-La Liga,2425,f32a65e4,2024-09-20,Alavés,Sevilla,2.0,1.0
ESP-La Liga,2425,9c8b0304,2024-09-21,Osasuna,Las Palmas,2.0,1.0
ESP-La Liga,2425,a46e38e7,2024-09-21,Real Madrid,Espanyol,4.0,1.0
ESP-La Liga,2425,131899cd,2024-09-21,Valencia,Girona,2.0,0.0
ESP-La Liga,2425,cddbefd1,2024-09-21,Valladolid,Real Sociedad,0.0,0.0
ESP-La Liga,2425,d67421c6,2024-09-22,Athletic Club,Celta Vigo,3.0,1.0
ESP-La Liga,2425,f5dbb50d,2024-09-22,Getafe,Leganés,1.0,1.0
ESP-La Liga,2425,75fab2fb,2024-09-22,Rayo Vallecano,Atlético Madrid,1.0,1.0
ESP-La Liga,2425,79c38937,2024-09-22,Villarreal,Barcelona,1.0,5.0
ESP-La Liga,2425,c7505bdc,2024-09-23,Real Betis,Mallorca,1.0,2.0
ESP-La Liga,2425,618988b7,2024-09-24,Real Madrid,Alavés,3.0,2.0
ESP-La Liga,2425,3ee384b4,2024-09-24,Sevilla,Valladolid,2.0,1.0
ESP-La Liga,2425,b979258f,2024-09-24,Valencia,Osasuna,0.0,0.0
ESP-La Liga,2425,231f83bc,2024-09-25,Barcelona,Getafe,1.0,0.0
ESP-La Liga,2425,07598e53,2024-09-25,Girona,Rayo Vallecano,0.0,0.0
ESP-La Liga,2425,01197df1,2024-09-26,Celta Vigo,Atlético Madrid,0.0,1.0
ESP-La Liga,2425,aef7cc8d,2024-09-26,Espanyol,Villarreal,1.0,2.0
ESP-La Liga,2425,94fe3705,2024-09-26,Las Palmas,Real Betis,1.0,1.0
ESP-La Liga,2425,d59e698a,2024-09-27,Valladolid,Mallorca,1.0,2.0
ESP-La Liga,2425,c745f73f,2024-09-28,Getafe,Alavés,2.0,0.0
ESP-La Liga,2425,d5c58cc9,2024-09-28,Osasuna,Barcelona,4.0,2.0
ESP-La Liga,2425,edd88e45,2024-09-28,Rayo Vallecano,Leganés,1.0,1.0
ESP-La Liga,2425,6dfa7503,2024-09-28,Real Sociedad,Valencia,3.0,0.0
ESP-La Liga,2425,9b519ed0,2024-09-29,Athletic Club,Sevilla,1.0,1.0
ESP-La Liga,2425,0df1f571,2024-09-29,Atlético Madrid,Real Madrid,1.0,1.0
ESP-La Liga,2425,4c283fa8,2024-09-29,Celta Vigo,Girona,1.0,1.0
ESP-La Liga,2425,650b3ea7,2024-09-29,Real Betis,Espanyol,1.0,0.0
ESP-La Liga,2425,3ecbf46e,2024-09-30,Villarreal,Las Palmas,3.0,1.0
ESP-La Liga,2425,18dc29a4,2024-10-04,Leganés,Valencia,0.0,0.0
ESP-La Liga,2425,d2dd62e7,2024-10-05,Espanyol,Mallorca,2.0,1.0
ESP-La Liga,2425,fdd30e13,2024-10-05,Getafe,Osasuna,1.0,1.0
ESP-La Liga,2425,8f767bea,2024-10-05,Las Palmas,Celta Vigo,0.0,1.0
ESP-La Liga,2425,9bf91e35,2024-10-05,Real Madrid,Villarreal,2.0,0.0
ESP-La Liga,2425,59703f58,2024-10-05,Valladolid,Rayo Vallecano,1.0,2.0
ESP-La Liga,2425,ba5dd68e,2024-10-06,Alavés,Barcelona,0.0,3.0
ESP-La Liga,2425,7d98a38f,2024-10-06,Girona,Athletic Club,2.0,1.0
ESP-La Liga,2425,069145b6,2024-10-06,Real Sociedad,Atlético Madrid,1.0,1.0
ESP-La Liga,2425,c9404de2,2024-10-06,Sevilla,Real Betis,1.0,0.0
ESP-La Liga,2425,a0c7186e,2024-10-18,Alavés,Valladolid,2.0,3.0
ESP-La Liga,2425,0425fc2d,2024-10-19,Athletic Club,Espanyol,4.0,1.0
ESP-La Liga,2425,50bf3afb,2024-10-19,Celta Vigo,Real Madrid,1.0,2.0
ESP-La Liga,2425,ec18b3aa,2024-10-19,Girona,Real Sociedad,0.0,1.0
ESP-La Liga,2425,5ea3b789,2024-10-19,Osasuna,Real Betis,1.0,2.0
ESP-La Liga,2425,d32fffe0,2024-10-20,Atlético Madrid,Leganés,3.0,1.0
ESP-La Liga,2425,5f73bf47,2024-10-20,Barcelona,Sevilla,5.0,1.0
ESP-La Liga,2425,477327f9,2024-10-20,Mallorca,Rayo Vallecano,1.0,0.0
ESP-La Liga,2425,bfba2fd7,2024-10-20,Villarreal,Getafe,1.0,1.0
ESP-La Liga,2425,9bb16911,2024-10-21,Valencia,Las Palmas,2.0,3.0
ESP-La Liga,2425,38d25c90,2024-10-25,Espanyol,Sevilla,0.0,2.0
ESP-La Liga,2425,9dbc3e14,2024-10-26,Las Palmas,Girona,1.0,0.0
ESP-La Liga,2425,55b7dfaa,2024-10-26,Rayo Vallecano,Alavés,1.0,0.0
ESP-La Liga,2425,e6bc2844,2024-10-26,Real Madrid,Barcelona,0.0,4.0
ESP-La Liga,2425,591dbf90,2024-10-26,Valladolid,Villarreal,1.0,2.0
ESP-La Liga,2425,f0be0a37,2024-10-27,Getafe,Valencia,1.0,1.0
ESP-La Liga,2425,597f83c1,2024-10-27,Leganés,Celta Vigo,3.0,0.0
ESP-La Liga,2425,ffc4972d,2024-10-27,Real Betis,Atlético Madrid,1.0,0.0
ESP-La Liga,2425,722b1ca2,2024-10-27,Real Sociedad,Osasuna,0.0,2.0
ESP-La Liga,2425,46815a4a,2024-10-28,Mallorca,Athletic Club,0.0,0.0
ESP-La Liga,2425,454dc8c7,2024-11-01,Alavés,Mallorca,1.0,0.0
ESP-La Liga,2425,12ce04dc,2024-11-02,Girona,Leganés,4.0,3.0
ESP-La Liga,2425,377a6000,2024-11-02,Osasuna,Valladolid,1.0,0.0
ESP-La Liga,2425,ef8bf64a,2024-11-03,Athletic Club,Real Betis,1.0,1.0
ESP-La Liga,2425,60a46aeb,2024-11-03,Atlético Madrid,Las Palmas,2.0,0.0
ESP-La Liga,2425,90cf8629,2024-11-03,Barcelona,Espanyol,3.0,1.0
ESP-La Liga,2425,81dad4eb,2024-11-03,Sevilla,Real Sociedad,0.0,2.0
ESP-La Liga,2425,652b900c,2024-11-04,Celta Vigo,Getafe,1.0,0.0
ESP-La Liga,2425,abe69737,2024-11-08,Rayo Vallecano,Las Palmas,1.0,3.0
ESP-La Liga,2425,7925ae38,2024-11-09,Leganés,Sevilla,1.0,0.0
ESP-La Liga,2425,79bd89e0,2024-11-09,Real Madrid,Osasuna,4.0,0.0
ESP-La Liga,2425,570273ee,2024-11-09,Villarreal,Alavés,3.0,0.0
ESP-La Liga,2425,26d75d6d,2024-11-10,Getafe,Girona,0.0,1.0
ESP-La Liga,2425,f6040fa5,2024-11-10,Mallorca,Atlético Madrid,0.0,1.0
ESP-La Liga,2425,2307f9b9,2024-11-10,Real Betis,Celta Vigo,2.0,2.0
ESP-La Liga,2425,5f83ac85,2024-11-10,Real Sociedad,Barcelona,1.0,0.0
ESP-La Liga,2425,57eb3b4f,2024-11-10,Valladolid,Athletic Club,1.0,1.0
ESP-La Liga,2425,7f56d98f,2024-11-22,Getafe,Valladolid,2.0,0.0
ESP-La Liga,2425,27871b65,2024-11-23,Atlético Madrid,Alavés,2.0,1.0
ESP-La Liga,2425,ffb1fa1d,2024-11-23,Celta Vigo,Barcelona,2.0,2.0
ESP-La Liga,2425,cdb994ab,2024-11-23,Girona,Espanyol,4.0,1.0
ESP-La Liga,2425,243cb41c,2024-11-23,Las Palmas,Mallorca,2.0,3.0
ESP-La Liga,2425,818dc175,2024-11-23,Valencia,Real Betis,4.0,2.0
ESP-La Liga,2425,fa0d939a,2024-11-24,Athletic Club,Real Sociedad,1.0,0.0
ESP-La Liga,2425,e2ee9d3d,2024-11-24,Leganés,Real Madrid,0.0,3.0
ESP-La Liga,2425,e5de943f,2024-11-24,Osasuna,Villarreal,2.0,2.0
ESP-La Liga,2425,e88639fb,2024-11-24,Sevilla,Rayo Vallecano,1.0,0.0
ESP-La Liga,2425,fc79d1e0,2024-11-29,Mallorca,Valencia,2.0,1.0
ESP-La Liga,2425,62f87a02,2024-11-30,Alavés,Leganés,1.0,1.0
ESP-La Liga,2425,00bca7c4,2024-11-30,Barcelona,Las Palmas,1.0,2.0
ESP-La Liga,2425,2f5ca11f,2024-11-30,Espanyol,Celta Vigo,3.0,1.0
ESP-La Liga,2425,34a6798a,2024-11-30,Valladolid,Atlético Madrid,0.0,5.0
ESP-La Liga,2425,8dcf829f,2024-12-01,Rayo Vallecano,Athletic Club,1.0,2.0
ESP-La Liga,2425,6e3da6f1,2024-12-01,Real Madrid,Getafe,2.0,0.0
ESP-La Liga,2425,11bcd802,2024-12-01,Real Sociedad,Real Betis,2.0,0.0
ESP-La Liga,2425,0b823038,2024-12-01,Villarreal,Girona,2.0,2.0
ESP-La Liga,2425,018fa1b4,2024-12-02,Sevilla,Osasuna,1.0,1.0
ESP-La Liga,2425,fce1658d,2024-12-03,Mallorca,Barcelona,1.0,5.0
ESP-La Liga,2425,8eba22e2,2024-12-04,Athletic Club,Real Madrid,2.0,1.0
ESP-La Liga,2425,b53b2cc8,2024-12-06,Celta Vigo,Mallorca,2.0,0.0
ESP-La Liga,2425,6ebd56ef,2024-12-07,Girona,Real Madrid,0.0,3.0
ESP-La Liga,2425,036a4747,2024-12-07,Las Palmas,Valladolid,2.0,1.0
ESP-La Liga,2425,fb5d09d6,2024-12-07,Real Betis,Barcelona,2.0,2.0
ESP-La Liga,2425,24f9975b,2024-12-07,Valencia,Rayo Vallecano,0.0,1.0
ESP-La Liga,2425,8f9e0139,2024-12-08,Athletic Club,Villarreal,2.0,0.0
ESP-La Liga,2425,8c459ad5,2024-12-08,Atlético Madrid,Sevilla,4.0,3.0
ESP-La Liga,2425,37cd2f6c,2024-12-08,Leganés,Real Sociedad,0.0,3.0
ESP-La Liga,2425,ee8fb4af,2024-12-08,Osasuna,Alavés,2.0,2.0
ESP-La Liga,2425,8a159d42,2024-12-09,Getafe,Espanyol,1.0,0.0
ESP-La Liga,2425,b7bb2f84,2024-12-13,Valladolid,Valencia,1.0,0.0
ESP-La Liga,2425,4525bc01,2024-12-14,Espanyol,Osasuna,0.0,0.0
ESP-La Liga,2425,5632f505,2024-12-14,Mallorca,Girona,2.0,1.0
ESP-La Liga,2425,49cf201f,2024-12-14,Rayo Vallecano,Real Madrid,3.0,3.0
ESP-La Liga,2425,6a475fea,2024-12-14,Sevilla,Celta Vigo,1.0,0.0
ESP-La Liga,2425,1fe130a9,2024-12-15,Alavés,Athletic Club,1.0,1.0
ESP-La Liga,2425,25a5934a,2024-12-15,Atlético Madrid,Getafe,1.0,0.0
ESP-La Liga,2425,e7bdcc56,2024-12-15,Barcelona,Leganés,0.0,1.0
ESP-La Liga,2425,11192bf0,2024-12-15,Real Sociedad,Las Palmas,0.0,0.0
ESP-La Liga,2425,2839ad16,2024-12-15,Villarreal,Real Betis,1.0,2.0
ESP-La Liga,2425,8cc12868,2024-12-18,Espanyol,Valencia,1.0,1.0
ESP-La Liga,2425,a11727e1,2024-12-18,Villarreal,Rayo Vallecano,1.0,1.0
ESP-La Liga,2425,0c8db441,2024-12-20,Girona,Valladolid,3.0,0.0
ESP-La Liga,2425,ac04a5d2,2024-12-21,Barcelona,Atlético Madrid,1.0,2.0
ESP-La Liga,2425,e9fe833a,2024-12-21,Celta Vigo,Real Sociedad,2.0,0.0
ESP-La Liga,2425,6358b738,2024-12-21,Getafe,Mallorca,0.0,1.0
ESP-La Liga,2425,7c1a412b,2024-12-21,Osasuna,Athletic Club,1.0,2.0
ESP-La Liga,2425,ebe2bfbd,2024-12-22,Las Palmas,Espanyol,1.0,0.0
ESP-La Liga,2425,04b6223f,2024-12-22,Leganés,Villarreal,2.0,5.0
ESP-La Liga,2425,aff51fb4,2024-12-22,Real Betis,Rayo Vallecano,1.0,1.0
ESP-La Liga,2425,b839d4ce,2024-12-22,Real Madrid,Sevilla,4.0,2.0
ESP-La Liga,2425,45dc71b5,2024-12-22,Valencia,Alavés,2.0,2.0
ESP-La Liga,2425,15e84040,2025-01-03,Valencia,Real Madrid,1.0,2.0
ESP-La Liga,2425,e55b978c,2025-01-10,Rayo Vallecano,Celta Vigo,2.0,1.0
ESP-La Liga,2425,66b19e25,2025-01-11,Alavés,Girona,0.0,1.0
ESP-La Liga,2425,4fb3dc98,2025-01-11,Espanyol,Leganés,1.0,1.0
ESP-La Liga,2425,7652232d,2025-01-11,Sevilla,Valencia,1.0,1.0
ESP-La Liga,2425,e9c90680,2025-01-11,Valladolid,Real Betis,1.0,0.0
ESP-La Liga,2425,2367dade,2025-01-12,Atlético Madrid,Osasuna,1.0,0.0
ESP-La Liga,2425,e1cfa735,2025-01-12,Las Palmas,Getafe,1.0,2.0
ESP-La Liga,2425,ecd47b8a,2025-01-13,Real Sociedad,Villarreal,1.0,0.0
ESP-La Liga,2425,75d8fa7a,2025-01-17,Espanyol,Valladolid,2.0,1.0
ESP-La Liga,2425,ac3f8e9a,2025-01-18,Getafe,Barcelona,1.0,1.0
ESP-La Liga,2425,5dbf000f,2025-01-18,Girona,Sevilla,1.0,2.0
ESP-La Liga,2425,7ba8b655,2025-01-18,Leganés,Atlético Madrid,1.0,0.0
ESP-La Liga,2425,fe96c24b,2025-01-18,Real Betis,Alavés,1.0,3.0
ESP-La Liga,2425,a5448163,2025-01-19,Celta Vigo,Athletic Club,1.0,2.0
ESP-La Liga,2425,b85ff6cf,2025-01-19,Osasuna,Rayo Vallecano,1.0,1.0
ESP-La Liga,2425,c8f36a4b,2025-01-19,Real Madrid,Las Palmas,4.0,1.0
ESP-La Liga,2425,b0b640d3,2025-01-19,Valencia,Real Sociedad,1.0,0.0
ESP-La Liga,2425,fd632e2f,2025-01-20,Villarreal,Mallorca,4.0,0.0
ESP-La Liga,2425,28b22659,2025-01-24,Las Palmas,Osasuna,1.0,1.0
ESP-La Liga,2425,6566ae8c,2025-01-25,Atlético Madrid,Villarreal,1.0,1.0
ESP-La Liga,2425,2395eb39,2025-01-25,Mallorca,Real Betis,0.0,1.0
ESP-La Liga,2425,10db0915,2025-01-25,Sevilla,Espanyol,1.0,1.0
ESP-La Liga,2425,382d5e03,2025-01-25,Valladolid,Real Madrid,0.0,3.0
ESP-La Liga,2425,f17ca419,2025-01-26,Athletic Club,Leganés,0.0,0.0
ESP-La Liga,2425,77dda45d,2025-01-26,Barcelona,Valencia,7.0,1.0
ESP-La Liga,2425,af7b751a,2025-01-26,Rayo Vallecano,Girona,2.0,1.0
ESP-La Liga,2425,2450ca46,2025-01-26,Real Sociedad,Getafe,0.0,3.0
ESP-La Liga,2425,b418c449,2025-01-27,Alavés,Celta Vigo,1.0,1.0
ESP-La Liga,2425,43d7418a,2025-01-31,Leganés,Rayo Vallecano,0.0,1.0
ESP-La Liga,2425,15ceb2e9,2025-02-01,Atlético Madrid,Mallorca,2.0,0.0
ESP-La Liga,2425,bb8e8b39,2025-02-01,Espanyol,Real Madrid,1.0,0.0
ESP-La Liga,2425,b992fee4,2025-02-01,Getafe,Sevilla,0.0,0.0
ESP-La Liga,2425,0688f714,2025-02-01,Villarreal,Valladolid,5.0,1.0
ESP-La Liga,2425,5dd33e2b,2025-02-02,Barcelona,Alavés,1.0,0.0
ESP-La Liga,2425,2b4789d5,2025-02-02,Osasuna,Real Sociedad,2.0,1.0
ESP-La Liga,2425,dc8dc26b,2025-02-02,Real Betis,Athletic Club,2.0,2.0
ESP-La Liga,2425,85f339a3,2025-02-02,Valencia,Celta Vigo,2.0,1.0
ESP-La Liga,2425,0a6de3d3,2025-02-03,Girona,Las Palmas,2.0,1.0
ESP-La Liga,2425,7bfbe87f,2025-02-07,Rayo Vallecano,Valladolid,1.0,0.0
ESP-La Liga,2425,87b1fc3e,2025-02-08,Athletic Club,Girona,3.0,0.0
ESP-La Liga,2425,7d25dd93,2025-02-08,Celta Vigo,Real Betis,3.0,2.0
ESP-La Liga,2425,117692e2,2025-02-08,Las Palmas,Villarreal,1.0,2.0
ESP-La Liga,2425,442c5b57,2025-02-08,Real Madrid,Atlético Madrid,1.0,1.0
ESP-La Liga,2425,39db2a13,2025-02-09,Alavés,Getafe,0.0,1.0
ESP-La Liga,2425,39cd05e4,2025-02-09,Real Sociedad,Espanyol,2.0,1.0
ESP-La Liga,2425,57bc3e19,2025-02-09,Sevilla,Barcelona,1.0,4.0
ESP-La Liga,2425,89c7a794,2025-02-09,Valencia,Leganés,2.0,0.0
ESP-La Liga,2425,64cac73e,2025-02-10,Mallorca,Osasuna,1.0,1.0
ESP-La Liga,2425,2702096e,2025-02-14,Girona,Getafe,1.0,2.0
ESP-La Liga,2425,ec6e214e,2025-02-15,Atlético Madrid,Celta Vigo,1.0,1.0
ESP-La Liga,2425,5bf2e4ce,2025-02-15,Leganés,Alavés,3.0,3.0
ESP-La Liga,2425,c667c7ca,2025-02-15,Osasuna,Real Madrid,1.0,1.0
ESP-La Liga,2425,71df1d23,2025-02-15,Villarreal,Valencia,1.0,1.0
ESP-La Liga,2425,d0f5d736,2025-02-16,Espanyol,Athletic Club,1.0,1.0
ESP-La Liga,2425,041d6702,2025-02-16,Mallorca,Las Palmas,3.0,1.0
ESP-La Liga,2425,f7ee4708,2025-02-16,Real Betis,Real Sociedad,3.0,0.0
ESP-La Liga,2425,fbad97f4,2025-02-16,Valladolid,Sevilla,0.0,4.0
ESP-La Liga,2425,b299fca9,2025-02-17,Barcelona,Rayo Vallecano,1.0,0.0
ESP-La Liga,2425,138c629e,2025-02-21,Celta Vigo,Osasuna,1.0,0.0
ESP-La Liga,2425,776298df,2025-02-22,Alavés,Espanyol,0.0,1.0
ESP-La Liga,2425,6b455e82,2025-02-22,Las Palmas,Barcelona,0.0,2.0
ESP-La Liga,2425,4d0c9845,2025-02-22,Rayo Vallecano,Villarreal,0.0,1.0
ESP-La Liga,2425,cc85a3d4,2025-02-22,Valencia,Atlético Madrid,0.0,3.0
ESP-La Liga,2425,e42061f0,2025-02-23,Athletic Club,Valladolid,7.0,1.0
ESP-La Liga,2425,738f8f85,2025-02-23,Getafe,Real Betis,1.0,2.0
ESP-La Liga,2425,9289e6ed,2025-02-23,Real Madrid,Girona,2.0,0.0
ESP-La Liga,2425,1182bc6e,2025-02-23,Real Sociedad,Leganés,3.0,0.0
ESP-La Liga,2425,409ec366,2025-02-24,Sevilla,Mallorca,1.0,1.0
ESP-La Liga,2425,d3f13884,2025-02-28,Valladolid,Las Palmas,1.0,1.0
ESP-La Liga,2425,1971e698,2025-03-01,Atlético Madrid,Athletic Club,1.0,0.0
ESP-La Liga,2425,3865f1d2,2025-03-01,Girona,Celta Vigo,2.0,2.0
ESP-La Liga,2425,3736c3d4,2025-03-01,Rayo Vallecano,Sevilla,1.0,1.0
ESP-La Liga,2425,f1e4f58c,2025-03-01,Real Betis,Real Madrid,2.0,1.0
ESP-La Liga,2425,0b2c987f,2025-03-02,Barcelona,Real Sociedad,4.0,0.0
ESP-La Liga,2425,f079fabc,2025-03-02,Leganés,Getafe,1.0,0.0
ESP-La Liga,2425,6c84aa28,2025-03-02,Mallorca,Alavés,1.0,1.0
ESP-La Liga,2425,0580ab96,2025-03-02,Osasuna,Valencia,3.0,3.0
ESP-La Liga,2425,fae6d2fd,2025-03-08,Alavés,Villarreal,1.0,0.0
ESP-La Liga,2425,cb080ed5,2025-03-08,Celta Vigo,Leganés,2.0,1.0
ESP-La Liga,2425,585ef159,2025-03-08,Valencia,Valladolid,2.0,1.0
ESP-La Liga,2425,54fa5083,2025-03-09,Athletic Club,Mallorca,1.0,1.0
ESP-La Liga,2425,1e429e52,2025-03-09,Getafe,Atlético Madrid,2.0,1.0
ESP-La Liga,2425,887132d0,2025-03-09,Real Betis,Las Palmas,1.0,0.0
ESP-La Liga,2425,d8d672fa,2025-03-09,Real Madrid,Rayo Vallecano,2.0,1.0
ESP-La Liga,2425,f1dd2f9a,2025-03-09,Real Sociedad,Sevilla,0.0,1.0
ESP-La Liga,2425,4c7eab6f,2025-03-10,Espanyol,Girona,1.0,1.0
ESP-La Liga,2425,90b5ee8e,2025-03-14,Las Palmas,Alavés,2.0,2.0
ESP-La Liga,2425,c9bdc26a,2025-03-15,Girona,Valencia,1.0,1.0
ESP-La Liga,2425,a008668e,2025-03-15,Mallorca,Espanyol,2.0,1.0
ESP-La Liga,2425,19ca64ed,2025-03-15,Valladolid,Celta Vigo,0.0,1.0
ESP-La Liga,2425,4106e75f,2025-03-15,Villarreal,Real Madrid,1.0,2.0
ESP-La Liga,2425,8ddf3820,2025-03-16,Atlético Madrid,Barcelona,2.0,4.0
ESP-La Liga,2425,37e0a484,2025-03-16,Leganés,Real Betis,2.0,3.0
ESP-La Liga,2425,bd9c5fd6,2025-03-16,Osasuna,Getafe,1.0,2.0
ESP-La Liga,2425,6996fe18,2025-03-16,Rayo Vallecano,Real Sociedad,2.0,2.0
ESP-La Liga,2425,b21dd238,2025-03-16,Sevilla,Athletic Club,0.0,1.0
ESP-La Liga,2425,af815599,2025-03-27,Barcelona,Osasuna,3.0,0.0
ESP-La Liga,2425,de9887c1,2025-03-29,Alavés,Rayo Vallecano,0.0,2.0
ESP-La Liga,2425,539f05d4,2025-03-29,Espanyol,Atlético Madrid,1.0,1.0
ESP-La Liga,2425,02169120,2025-03-29,Real Madrid,Leganés,3.0,2.0
ESP-La Liga,2425,8a068dcb,2025-03-29,Real Sociedad,Valladolid,2.0,1.0
ESP-La Liga,2425,7e4ab762,2025-03-30,Athletic Club,Osasuna,0.0,0.0
ESP-La Liga,2425,6e84530a,2025-03-30,Barcelona,Girona,4.0,1.0
ESP-La Liga,2425,9efb7811,2025-03-30,Getafe,Villarreal,1.0,2.0
ESP-La Liga,2425,521b1f26,2025-03-30,Real Betis,Sevilla,2.0,1.0
ESP-La Liga,2425,4223fbb4,2025-03-30,Valencia,Mallorca,1.0,0.0
ESP-La Liga,2425,30fa33ba,2025-03-31,Celta Vigo,Las Palmas,1.0,1.0
ESP-La Liga,2425,ff92ae47,2025-04-04,Rayo Vallecano,Espanyol,0.0,4.0
ESP-La Liga,2425,86447b37,2025-04-05,Barcelona,Real Betis,1.0,1.0
ESP-La Liga,2425,e6b730a8,2025-04-05,Girona,Alavés,0.0,1.0
ESP-La Liga,2425,bc459f49,2025-04-05,Mallorca,Celta Vigo,1.0,2.0
ESP-La Liga,2425,59db0a32,2025-04-05,Real Madrid,Valencia,1.0,2.0
ESP-La Liga,2425,864a0fb8,2025-04-06,Las Palmas,Real Sociedad,1.0,3.0
ESP-La Liga,2425,4b093821,2025-04-06,Sevilla,Atlético Madrid,1.0,2.0
ESP-La Liga,2425,e33c8281,2025-04-06,Valladolid,Getafe,0.0,4.0
ESP-La Liga,2425,65afea5b,2025-04-06,Villarreal,Athletic Club,0.0,0.0
ESP-La Liga,2425,62c1d5cc,2025-04-07,Leganés,Osasuna,1.0,1.0
ESP-La Liga,2425,160a9af7,2025-04-11,Valencia,Sevilla,1.0,0.0
ESP-La Liga,2425,3aa5024f,2025-04-12,Celta Vigo,Espanyol,0.0,2.0
ESP-La Liga,2425,606774d3,2025-04-12,Getafe,Las Palmas,1.0,3.0
ESP-La Liga,2425,5160bd9d,2025-04-12,Leganés,Barcelona,0.0,1.0
ESP-La Liga,2425,a449c18e,2025-04-12,Real Sociedad,Mallorca,0.0,2.0
ESP-La Liga,2425,988deece,2025-04-13,Alavés,Real Madrid,0.0,1.0
ESP-La Liga,2425,82c58306,2025-04-13,Athletic Club,Rayo Vallecano,3.0,1.0
ESP-La Liga,2425,57baf278,2025-04-13,Osasuna,Girona,2.0,1.0
ESP-La Liga,2425,028b10dc,2025-04-13,Real Betis,Villarreal,1.0,2.0
ESP-La Liga,2425,b955d331,2025-04-14,Atlético Madrid,Valladolid,4.0,2.0
ESP-La Liga,2425,442a63df,2025-04-18,Espanyol,Getafe,1.0,0.0
ESP-La Liga,2425,ac6535dc,2025-04-19,Barcelona,Celta Vigo,4.0,3.0
ESP-La Liga,2425,84f347ad,2025-04-19,Las Palmas,Atlético Madrid,1.0,0.0
ESP-La Liga,2425,36e23ef5,2025-04-19,Mallorca,Leganés,0.0,0.0
ESP-La Liga,2425,81da0725,2025-04-19,Rayo Vallecano,Valencia,1.0,1.0
ESP-La Liga,2425,b9c25e18,2025-04-20,Real Madrid,Athletic Club,1.0,0.0
ESP-La Liga,2425,be12049b,2025-04-20,Sevilla,Alavés,1.0,1.0
ESP-La Liga,2425,6b0f1761,2025-04-20,Valladolid,Osasuna,2.0,3.0
ESP-La Liga,2425,46e117e0,2025-04-20,Villarreal,Real Sociedad,2.0,2.0
ESP-La Liga,2425,0edcec5d,2025-04-21,Girona,Real Betis,1.0,3.0
ESP-La Liga,2425,a71ce7d1,2025-04-22,Barcelona,Mallorca,1.0,0.0
ESP-La Liga,2425,17125161,2025-04-22,Valencia,Espanyol,1.0,1.0
ESP-La Liga,2425,14a28e57,2025-04-23,Alavés,Real Sociedad,1.0,0.0
ESP-La Liga,2425,60c208f0,2025-04-23,Athletic Club,Las Palmas,1.0,0.0
ESP-La Liga,2425,291cfd49,2025-04-23,Celta Vigo,Villarreal,3.0,0.0
ESP-La Liga,2425,5ae33594,2025-04-23,Getafe,Real Madrid,0.0,1.0
ESP-La Liga,2425,a5ffdc50,2025-04-24,Atlético Madrid,Rayo Vallecano,3.0,0.0
ESP-La Liga,2425,124ad510,2025-04-24,Leganés,Girona,1.0,1.0
ESP-La Liga,2425,3438a56b,2025-04-24,Osasuna,Sevilla,1.0,0.0
ESP-La Liga,2425,f880625e,2025-04-24,Real Betis,Valladolid,5.0,1.0
ESP-La Liga,2425,50b976fc,2025-04-27,Villarreal,Espanyol,1.0,0.0
ESP-La Liga,2425,1ca7012a,2025-05-02,Rayo Vallecano,Getafe,1.0,0.0
ESP-La Liga,2425,7c70cc19,2025-05-03,Alavés,Atlético Madrid,0.0,0.0
ESP-La Liga,2425,bc2261f6,2025-05-03,Las Palmas,Valencia,2.0,3.0
ESP-La Liga,2425,af94853a,2025-05-03,Valladolid,Barcelona,1.0,2.0
ESP-La Liga,2425,6b5549c2,2025-05-03,Villarreal,Osasuna,4.0,2.0
ESP-La Liga,2425,be0ab7a4,2025-05-04,Espanyol,Real Betis,1.0,2.0
ESP-La Liga,2425,08e02efc,2025-05-04,Real Madrid,Celta Vigo,3.0,2.0
ESP-La Liga,2425,e0d46d97,2025-05-04,Real Sociedad,Athletic Club,0.0,0.0
ESP-La Liga,2425,2c94bff7,2025-05-04,Sevilla,Leganés,2.0,2.0
ESP-La Liga,2425,45dbbb22,2025-05-05,Girona,Mallorca,1.0,0.0
ESP-La Liga,2425,ce67853a,2025-05-09,Las Palmas,Rayo Vallecano,0.0,1.0
ESP-La Liga,2425,dfd588e7,2025-05-10,Atlético Madrid,Real Sociedad,4.0,0.0
ESP-La Liga,2425,3537bd55,2025-05-10,Celta Vigo,Sevilla,3.0,2.0
ESP-La Liga,2425,bf02d20b,2025-05-10,Girona,Villarreal,0.0,1.0
ESP-La Liga,2425,e7540b3e,2025-05-10,Mallorca,Valladolid,2.0,1.0
ESP-La Liga,2425,ed775615,2025-05-10,Valencia,Getafe,3.0,0.0
ESP-La Liga,2425,c89b7f67,2025-05-11,Athletic Club,Alavés,1.0,0.0
ESP-La Liga,2425,f1804d9c,2025-05-11,Barcelona,Real Madrid,4.0,3.0
ESP-La Liga,2425,f2459bac,2025-05-11,Leganés,Espanyol,3.0,2.0
ESP-La Liga,2425,05130dc3,2025-05-11,Real Betis,Osasuna,1.0,1.0
ESP-La Liga,2425,c38bd41c,2025-05-13,Real Sociedad,Celta Vigo,0.0,1.0
ESP-La Liga,2425,0bb2b5ef,2025-05-13,Sevilla,Las Palmas,1.0,0.0
ESP-La Liga,2425,336bf51e,2025-05-13,Valladolid,Girona,0.0,1.0
ESP-La Liga,2425,a0128620,2025-05-14,Alavés,Valencia,1.0,0.0
ESP-La Liga,2425,1838bcd7,2025-05-14,Real Madrid,Mallorca,2.0,1.0
ESP-La Liga,2425,b14bf95b,2025-05-14,Villarreal,Leganés,3.0,0.0
ESP-La Liga,2425,45f486b1,2025-05-15,Espanyol,Barcelona,0.0,2.0
ESP-La Liga,2425,535ec951,2025-05-15,Getafe,Athletic Club,0.0,2.0
ESP-La Liga,2425,ab452039,2025-05-15,Osasuna,Atlético Madrid,2.0,0.0
ESP-La Liga,2425,54538ff7,2025-05-15,Rayo Vallecano,Real Betis,2.0,2.0
ESP-La Liga,2425,07f29baa,2025-05-18,Atlético Madrid,Real Betis,4.0,1.0
ESP-La Liga,2425,db2637b7,2025-05-18,Barcelona,Villarreal,2.0,3.0
ESP-La Liga,2425,1716ac24,2025-05-18,Celta Vigo,Rayo Vallecano,1.0,2.0
ESP-La Liga,2425,766b10ee,2025-05-18,Las Palmas,Leganés,0.0,1.0
ESP-La Liga,2425,05c5e52d,2025-05-18,Mallorca,Getafe,1.0,2.0
ESP-La Liga,2425,e176243c,2025-05-18,Osasuna,Espanyol,2.0,0.0
ESP-La Liga,2425,1c29483b,2025-05-18,Real Sociedad,Girona,3.0,2.0
ESP-La Liga,2425,cde582d4,2025-05-18,Sevilla,Real Madrid,0.0,2.0
ESP-La Liga,2425,e69b0060,2025-05-18,Valencia,Athletic Club,0.0,1.0
ESP-La Liga,2425,89b88d0b,2025-05-18,Valladolid,Alavés,0.0,1.0
ESP-La Liga,2425,a1ad64bb,2025-05-23,Real Betis,Valencia,1.0,1.0
ESP-La Liga,2425,ed820dc1,2025-05-24,Alavés,Osasuna,1.0,1.0
ESP-La Liga,2425,858bd9c5,2025-05-24,Espanyol,Las Palmas,2.0,0.0
ESP-La Liga,2425,4303125c,2025-05-24,Getafe,Celta Vigo,1.0,2.0
ESP-La Liga,2425,12536c9f,2025-05-24,Leganés,Valladolid,3.0,0.0
ESP-La Liga,2425,fa808cc1,2025-05-24,Rayo Vallecano,Mallorca,0.0,0.0
ESP-La Liga,2425,14179de8,2025-05-24,Real Madrid,Real Sociedad,2.0,0.0
ESP-La Liga,2425,20bdd334,2025-05-25,Athletic Club,Barcelona,0.0,3.0
ESP-La Liga,2425,cb8011f0,2025-05-25,Girona,Atlético Madrid,0.0,4.0
ESP-La Liga,2425,b724ff67,2025-05-25,Villarreal,Sevilla,4.0,2.0
ESP-La Liga,2526,12c8079e,2025-08-15,Girona,Rayo Vallecano,1.0,3.0
ESP-La Liga,2526,094ea75e,2025-08-15,Villarreal,Oviedo,2.0,0.0
ESP-La Liga,2526,a0d1ca80,2025-08-16,Alavés,Levante,2.0,1.0
ESP-La Liga,2526,64fa5074,2025-08-16,Mallorca,Barcelona,0.0,3.0
ESP-La Liga,2526,06f5a9d0,2025-08-16,Valencia,Real Sociedad,1.0,1.0
ESP-La Liga,2526,74a1258d,2025-08-17,Athletic Club,Sevilla,3.0,2.0
ESP-La Liga,2526,16d1156b,2025-08-17,Celta Vigo,Getafe,0.0,2.0
ESP-La Liga,2526,4ab0ead6,2025-08-17,Espanyol,Atlético Madrid,2.0,1.0
ESP-La Liga,2526,717ca22c,2025-08-18,Elche,Real Betis,1.0,1.0
ESP-La Liga,2526,d34e407e,2025-08-19,Real Madrid,Osasuna,1.0,0.0
ESP-La Liga,2526,6ca13ea8,2025-08-22,Real Betis,Alavés,1.0,0.0
ESP-La Liga,2526,11a8655e,2025-08-23,Atlético Madrid,Elche,1.0,1.0
ESP-La Liga,2526,28628853,2025-08-23,Levante,Barcelona,2.0,3.0
ESP-La Liga,2526,cb91c0c1,2025-08-23,Mallorca,Celta Vigo,1.0,1.0
ESP-La Liga,2526,e18c5fb3,2025-08-24,Osasuna,Valencia,1.0,0.0
ESP-La Liga,2526,fde70dd0,2025-08-24,Oviedo,Real Madrid,0.0,3.0
ESP-La Liga,2526,1fc3309b,2025-08-24,Real Sociedad,Espanyol,2.0,2.0
ESP-La Liga,2526,8a4d023a,2025-08-24,Villarreal,Girona,5.0,0.0
ESP-La Liga,2526,0fcd5ff0,2025-08-25,Athletic Club,Rayo Vallecano,1.0,0.0
ESP-La Liga,2526,205e01a7,2025-08-25,Sevilla,Getafe,1.0,2.0
ESP-La Liga,2526,d8457042,2025-08-27,Celta Vigo,Real Betis,1.0,1.0
ESP-La Liga,2526,1b1ae5a7,2025-08-29,Elche,Levante,2.0,0.0
ESP-La Liga,2526,abb1b26b,2025-08-29,Valencia,Getafe,3.0,0.0
ESP-La Liga,2526,74cf6cb4,2025-08-30,Alavés,Atlético Madrid,1.0,1.0
ESP-La Liga,2526,9bf5115e,2025-08-30,Girona,Sevilla,0.0,2.0
ESP-La Liga,2526,a87f3bf5,2025-08-30,Oviedo,Real Sociedad,1.0,0.0
ESP-La Liga,2526,9c0a49c5,2025-08-30,Real Madrid,Mallorca,2.0,1.0
ESP-La Liga,2526,5b403787,2025-08-31,Celta Vigo,Villarreal,1.0,1.0
ESP-La Liga,2526,fedc1653,2025-08-31,Espanyol,Osasuna,1.0,0.0
ESP-La Liga,2526,38c8e28a,2025-08-31,Rayo Vallecano,Barcelona,1.0,1.0
ESP-La Liga,2526,d305cd4d,2025-08-31,Real Betis,Athletic Club,1.0,2.0
ESP-La Liga,2526,13448b32,2025-09-12,Sevilla,Elche,2.0,2.0
ESP-La Liga,2526,7ac36542,2025-09-13,Athletic Club,Alavés,0.0,1.0
ESP-La Liga,2526,a84e557e,2025-09-13,Atlético Madrid,Villarreal,2.0,0.0
ESP-La Liga,2526,a25dff66,2025-09-13,Getafe,Oviedo,2.0,0.0
ESP-La Liga,2526,980d729f,2025-09-13,Real Sociedad,Real Madrid,1.0,2.0
ESP-La Liga,2526,2ed529d8,2025-09-14,Barcelona,Valencia,6.0,0.0
ESP-La Liga,2526,43519521,2025-09-14,Celta Vigo,Girona,1.0,1.0
ESP-La Liga,2526,a9cd9aa4,2025-09-14,Levante,Real Betis,2.0,2.0
ESP-La Liga,2526,ba5552a6,2025-09-14,Osasuna,Rayo Vallecano,2.0,0.0
ESP-La Liga,2526,d0c88999,2025-09-15,Espanyol,Mallorca,3.0,2.0
ESP-La Liga,2526,98cdf1bd,2025-09-19,Real Betis,Real Sociedad,3.0,1.0
ESP-La Liga,2526,b509a1bd,2025-09-20,Alavés,Sevilla,1.0,2.0
ESP-La Liga,2526,99926e5a,2025-09-20,Girona,Levante,0.0,4.0
ESP-La Liga,2526,965b0ab3,2025-09-20,Real Madrid,Espanyol,2.0,0.0
ESP-La Liga,2526,d748045b,2025-09-20,Valencia,Athletic Club,2.0,0.0
ESP-La Liga,2526,dc81b56c,2025-09-20,Villarreal,Osasuna,2.0,1.0
ESP-La Liga,2526,0c64b4c3,2025-09-21,Barcelona,Getafe,3.0,0.0
ESP-La Liga,2526,c533e103,2025-09-21,Elche,Oviedo,1.0,0.0
ESP-La Liga,2526,9b780361,2025-09-21,Mallorca,Atlético Madrid,1.0,1.0
ESP-La Liga,2526,ec3f1f8d,2025-09-21,Rayo Vallecano,Celta Vigo,1.0,1.0
ESP-La Liga,2526,c573f04e,2025-09-23,Athletic Club,Girona,1.0,1.0
ESP-La Liga,2526,4866d782,2025-09-23,Espanyol,Valencia,2.0,2.0
ESP-La Liga,2526,74a8527b,2025-09-23,Levante,Real Madrid,1.0,4.0
ESP-La Liga,2526,c458c61d,2025-09-23,Sevilla,Villarreal,1.0,2.0
ESP-La Liga,2526,16153495,2025-09-24,Atlético Madrid,Rayo Vallecano,3.0,2.0
ESP-La Liga,2526,eaae4ec9,2025-09-24,Getafe,Alavés,1.0,1.0
ESP-La Liga,2526,7c305a21,2025-09-24,Real Sociedad,Mallorca,1.0,0.0
ESP-La Liga,2526,f9d04c1d,2025-09-25,Osasuna,Elche,1.0,1.0
ESP-La Liga,2526,fa8efe81,2025-09-25,Oviedo,Barcelona,1.0,3.0
ESP-La Liga,2526,c3953d4e,2025-09-26,Girona,Espanyol,0.0,0.0
ESP-La Liga,2526,33523b09,2025-09-27,Atlético Madrid,Real Madrid,5.0,2.0
ESP-La Liga,2526,8093d85d,2025-09-27,Getafe,Levante,1.0,1.0
ESP-La Liga,2526,61231d2f,2025-09-27,Mallorca,Alavés,1.0,0.0
ESP-La Liga,2526,69831ee1,2025-09-27,Villarreal,Athletic Club,1.0,0.0
ESP-La Liga,2526,65ee8953,2025-09-28,Barcelona,Real Sociedad,2.0,1.0
ESP-La Liga,2526,fdaa9b8b,2025-09-28,Elche,Celta Vigo,2.0,1.0
ESP-La Liga,2526,01a13602,2025-09-28,Rayo Vallecano,Sevilla,0.0,1.0
ESP-La Liga,2526,a54a3fcb,2025-09-28,Real Betis,Osasuna,2.0,0.0
ESP-La Liga,2526,e405826e,2025-09-30,Valencia,Oviedo,1.0,2.0
ESP-La Liga,2526,522fce4d,2025-10-03,Osasuna,Getafe,2.0,1.0
ESP-La Liga,2526,a0548327,2025-10-04,Athletic Club,Mallorca,2.0,1.0
ESP-La Liga,2526,20544d69,2025-10-04,Girona,Valencia,2.0,1.0
ESP-La Liga,2526,f534cd59,2025-10-04,Oviedo,Levante,0.0,2.0
ESP-La Liga,2526,2aff6c8b,2025-10-04,Real Madrid,Villarreal,3.0,1.0
ESP-La Liga,2526,35cfade6,2025-10-05,Alavés,Elche,3.0,1.0
ESP-La Liga,2526,07058ac6,2025-10-05,Celta Vigo,Atlético Madrid,1.0,1.0
ESP-La Liga,2526,a8f0fd7e,2025-10-05,Espanyol,Real Betis,1.0,2.0
ESP-La Liga,2526,301cda5f,2025-10-05,Real Sociedad,Rayo Vallecano,0.0,1.0
ESP-La Liga,2526,bc939aab,2025-10-05,Sevilla,Barcelona,4.0,1.0
ESP-La Liga,2526,8dcc7a17,2025-10-17,Oviedo,Espanyol,0.0,2.0
ESP-La Liga,2526,d8332af4,2025-10-18,Atlético Madrid,Osasuna,1.0,0.0
ESP-La Liga,2526,e1d1e807,2025-10-18,Barcelona,Girona,2.0,1.0
ESP-La Liga,2526,feb28348,2025-10-18,Sevilla,Mallorca,1.0,3.0
ESP-La Liga,2526,2cb774e5,2025-10-18,Villarreal,Real Betis,2.0,2.0
ESP-La Liga,2526,80c28734,2025-10-19,Celta Vigo,Real Sociedad,1.0,1.0
ESP-La Liga,2526,f76197a8,2025-10-19,Elche,Athletic Club,0.0,0.0
ESP-La Liga,2526,cc0d078a,2025-10-19,Getafe,Real Madrid,0.0,1.0
ESP-La Liga,2526,f38a8a8a,2025-10-19,Levante,Rayo Vallecano,0.0,3.0
ESP-La Liga,2526,a11ac76d,2025-10-20,Alavés,Valencia,0.0,0.0
ESP-La Liga,2526,1de126e4,2025-10-24,Real Sociedad,Sevilla,2.0,1.0
ESP-La Liga,2526,8ba16a61,2025-10-25,Athletic Club,Getafe,0.0,1.0
ESP-La Liga,2526,01f0d9f3,2025-10-25,Espanyol,Elche,1.0,0.0
ESP-La Liga,2526,c0381411,2025-10-25,Girona,Oviedo,3.0,3.0
ESP-La Liga,2526,8a811174,2025-10-25,Valencia,Villarreal,0.0,2.0
ESP-La Liga,2526,8aeb0904,2025-10-26,Mallorca,Levante,1.0,1.0
ESP-La Liga,2526,da9da8f5,2025-10-26,Osasuna,Celta Vigo,2.0,3.0
ESP-La Liga,2526,1447fc04,2025-10-26,Rayo Vallecano,Alavés,1.0,0.0
ESP-La Liga,2526,9c9d1f09,2025-10-26,Real Madrid,Barcelona,2.0,1.0
ESP-La Liga,2526,4ed4de50,2025-10-27,Real Betis,Atlético Madrid,0.0,2.0
ESP-La Liga,2526,5fd9bc05,2025-10-31,Getafe,Girona,2.0,1.0
ESP-La Liga,2526,25430036,2025-11-01,Atlético Madrid,Sevilla,3.0,0.0
ESP-La Liga,2526,5333666a,2025-11-01,Real Madrid,Valencia,4.0,0.0
ESP-La Liga,2526,78cc3134,2025-11-01,Real Sociedad,Athletic Club,3.0,2.0
ESP-La Liga,2526,5524deb2,2025-11-01,Villarreal,Rayo Vallecano,4.0,0.0
ESP-La Liga,2526,641ac213,2025-11-02,Alavés,Espanyol,2.0,1.0
ESP-La Liga,2526,3af93275,2025-11-02,Barcelona,Elche,3.0,1.0
ESP-La Liga,2526,44957334,2025-11-02,Levante,Celta Vigo,1.0,2.0
ESP-La Liga,2526,f12eb85f,2025-11-02,Real Betis,Mallorca,3.0,0.0
ESP-La Liga,2526,1a73a7a7,2025-11-03,Oviedo,Osasuna,0.0,0.0
ESP-La Liga,2526,7e562e60,2025-11-07,Elche,Real Sociedad,1.0,1.0
ESP-La Liga,2526,8929b733,2025-11-08,Atlético Madrid,Levante,3.0,1.0
ESP-La Liga,2526,20adddf1,2025-11-08,Espanyol,Villarreal,0.0,2.0
ESP-La Liga,2526,a9b7c284,2025-11-08,Girona,Alavés,1.0,0.0
ESP-La Liga,2526,615a800e,2025-11-08,Sevilla,Osasuna,1.0,0.0
ESP-La Liga,2526,7c8c63b7,2025-11-09,Athletic Club,Oviedo,1.0,0.0
ESP-La Liga,2526,12962665,2025-11-09,Celta Vigo,Barcelona,2.0,4.0
ESP-La Liga,2526,26d939ed,2025-11-09,Mallorca,Getafe,1.0,0.0
ESP-La Liga,2526,3ecfed22,2025-11-09,Rayo Vallecano,Real Madrid,0.0,0.0
ESP-La Liga,2526,4d62f580,2025-11-09,Valencia,Real Betis,1.0,1.0
ESP-La Liga,2526,108224dc,2025-11-21,Valencia,Levante,1.0,0.0
ESP-La Liga,2526,6cfad186,2025-11-22,Alavés,Celta Vigo,0.0,1.0
ESP-La Liga,2526,4dfa8af6,2025-11-22,Barcelona,Athletic Club,4.0,0.0
ESP-La Liga,2526,5a54dd68,2025-11-22,Osasuna,Real Sociedad,1.0,3.0
ESP-La Liga,2526,420389dd,2025-11-22,Villarreal,Mallorca,2.0,1.0
ESP-La Liga,2526,5a7f1446,2025-11-23,Elche,Real Madrid,2.0,2.0
ESP-La Liga,2526,bbf0b969,2025-11-23,Getafe,Atlético Madrid,0.0,1.0
ESP-La Liga,2526,b71d49f4,2025-11-23,Oviedo,Rayo Vallecano,0.0,0.0
ESP-La Liga,2526,9741ae27,2025-11-23,Real Betis,Girona,1.0,1.0
ESP-La Liga,2526,0fea36e0,2025-11-24,Espanyol,Sevilla,2.0,1.0
ESP-La Liga,2526,e3e0f00b,2025-11-28,Getafe,Elche,1.0,0.0
ESP-La Liga,2526,c7d4ed0a,2025-11-29,Atlético Madrid,Oviedo,2.0,0.0
ESP-La Liga,2526,29e7e630,2025-11-29,Barcelona,Alavés,3.0,1.0
ESP-La Liga,2526,47e1baed,2025-11-29,Levante,Athletic Club,0.0,2.0
ESP-La Liga,2526,6fbf6e83,2025-11-29,Mallorca,Osasuna,2.0,2.0
ESP-La Liga,2526,37a9c994,2025-11-30,Celta Vigo,Espanyol,0.0,1.0
ESP-La Liga,2526,75fff438,2025-11-30,Girona,Real Madrid,1.0,1.0
ESP-La Liga,2526,6c83e558,2025-11-30,Real Sociedad,Villarreal,2.0,3.0
ESP-La Liga,2526,1c4c6f80,2025-11-30,Sevilla,Real Betis,0.0,2.0
ESP-La Liga,2526,535d6763,2025-12-01,Rayo Vallecano,Valencia,1.0,1.0
ESP-La Liga,2526,d2ff2a0d,2025-12-02,Barcelona,Atlético Madrid,3.0,1.0
ESP-La Liga,2526,261d9c63,2025-12-03,Athletic Club,Real Madrid,0.0,3.0
ESP-La Liga,2526,be7240d9,2025-12-05,Oviedo,Mallorca,0.0,0.0
ESP-La Liga,2526,4b29d003,2025-12-06,Alavés,Real Sociedad,1.0,0.0
ESP-La Liga,2526,b724cfc7,2025-12-06,Athletic Club,Atlético Madrid,1.0,0.0
ESP-La Liga,2526,2e731a54,2025-12-06,Real Betis,Barcelona,3.0,5.0
ESP-La Liga,2526,36bcaf17,2025-12-06,Villarreal,Getafe,2.0,0.0
ESP-La Liga,2526,24f37536,2025-12-07,Elche,Girona,3.0,0.0
ESP-La Liga,2526,cb17eccc,2025-12-07,Espanyol,Rayo Vallecano,1.0,0.0
ESP-La Liga,2526,2a8f1453,2025-12-07,Real Madrid,Celta Vigo,0.0,2.0
ESP-La Liga,2526,8a1ed565,2025-12-07,Valencia,Sevilla,1.0,1.0
ESP-La Liga,2526,e56ae673,2025-12-08,Osasuna,Levante,2.0,0.0
ESP-La Liga,2526,a2938790,2025-12-12,Real Sociedad,Girona,1.0,2.0
ESP-La Liga,2526,2744cb5b,2025-12-13,Atlético Madrid,Valencia,2.0,1.0
ESP-La Liga,2526,dd618b82,2025-12-13,Barcelona,Osasuna,2.0,0.0
ESP-La Liga,2526,78417ae4,2025-12-13,Getafe,Espanyol,0.0,1.0
ESP-La Liga,2526,7cd52946,2025-12-13,Mallorca,Elche,3.0,1.0
ESP-La Liga,2526,f5294ef5,2025-12-14,Alavés,Real Madrid,1.0,2.0
ESP-La Liga,2526,098fddb7,2025-12-14,Celta Vigo,Athletic Club,2.0,0.0
ESP-La Liga,2526,7e399aad,2025-12-14,Sevilla,Oviedo,4.0,0.0
ESP-La Liga,2526,af082fd0,2025-12-15,Rayo Vallecano,Real Betis,0.0,0.0
ESP-La Liga,2526,0c24b268,2025-12-19,Valencia,Mallorca,1.0,1.0
ESP-La Liga,2526,9fb36339,2025-12-20,Levante,Real Sociedad,1.0,1.0
ESP-La Liga,2526,a267efba,2025-12-20,Osasuna,Alavés,3.0,0.0
ESP-La Liga,2526,f9d5b454,2025-12-20,Oviedo,Celta Vigo,0.0,0.0
ESP-La Liga,2526,2e44168b,2025-12-20,Real Madrid,Sevilla,2.0,0.0
ESP-La Liga,2526,7e000b67,2025-12-21,Elche,Rayo Vallecano,4.0,0.0
ESP-La Liga,2526,107980d3,2025-12-21,Girona,Atlético Madrid,0.0,3.0
ESP-La Liga,2526,052a17ae,2025-12-21,Real Betis,Getafe,4.0,0.0
ESP-La Liga,2526,2b07e944,2025-12-21,Villarreal,Barcelona,0.0,2.0
ESP-La Liga,2526,78eae4db,2025-12-22,Athletic Club,Espanyol,1.0,2.0
ESP-La Liga,2526,e679147a,2026-01-02,Rayo Vallecano,Getafe,1.0,1.0
ESP-La Liga,2526,1aac2e25,2026-01-03,Celta Vigo,Valencia,4.0,1.0
ESP-La Liga,2526,e3b1caec,2026-01-03,Elche,Villarreal,1.0,3.0
ESP-La Liga,2526,905c7a29,2026-01-03,Espanyol,Barcelona,0.0,2.0
ESP-La Liga,2526,4bdc73dd,2026-01-03,Osasuna,Athletic Club,1.0,1.0
ESP-La Liga,2526,b2af51a7,2026-01-04,Alavés,Oviedo,1.0,1.0
ESP-La Liga,2526,0093cff8,2026-01-04,Mallorca,Girona,1.0,2.0
ESP-La Liga,2526,27659606,2026-01-04,Real Madrid,Real Betis,5.0,1.0
ESP-La Liga,2526,d4ef475a,2026-01-04,Real Sociedad,Atlético Madrid,1.0,1.0
ESP-La Liga,2526,99b10eae,2026-01-04,Sevilla,Levante,0.0,3.0
ESP-La Liga,2526,ca7f8a07,2026-01-09,Getafe,Real Sociedad,1.0,2.0
ESP-La Liga,2526,f4ba3335,2026-01-10,Girona,Osasuna,1.0,0.0
ESP-La Liga,2526,7c6bf253,2026-01-10,Oviedo,Real Betis,1.0,1.0
ESP-La Liga,2526,704dd1be,2026-01-10,Valencia,Elche,1.0,1.0
ESP-La Liga,2526,99579a13,2026-01-10,Villarreal,Alavés,3.0,1.0
ESP-La Liga,2526,2da88b43,2026-01-11,Levante,Espanyol,1.0,1.0
ESP-La Liga,2526,97d0f402,2026-01-11,Rayo Vallecano,Mallorca,2.0,1.0
ESP-La Liga,2526,175c4130,2026-01-12,Sevilla,Celta Vigo,0.0,1.0
ESP-La Liga,2526,d395ad33,2026-01-16,Espanyol,Girona,0.0,2.0
ESP-La Liga,2526,052f5c5d,2026-01-17,Mallorca,Athletic Club,3.0,2.0
ESP-La Liga,2526,b8e4550a,2026-01-17,Osasuna,Oviedo,3.0,2.0
ESP-La Liga,2526,906a23d9,2026-01-17,Real Betis,Villarreal,2.0,0.0
ESP-La Liga,2526,b54b4c6c,2026-01-17,Real Madrid,Levante,2.0,0.0
ESP-La Liga,2526,667037c9,2026-01-18,Atlético Madrid,Alavés,1.0,0.0
ESP-La Liga,2526,d35fb08d,2026-01-18,Celta Vigo,Rayo Vallecano,3.0,0.0
ESP-La Liga,2526,50598d50,2026-01-18,Getafe,Valencia,0.0,1.0
ESP-La Liga,2526,28cbb635,2026-01-18,Real Sociedad,Barcelona,2.0,1.0
ESP-La Liga,2526,15a2365f,2026-01-19,Elche,Sevilla,2.0,2.0
ESP-La Liga,2526,4aa76113,2026-01-23,Levante,Elche,3.0,2.0
ESP-La Liga,2526,5a39f5d7,2026-01-24,Rayo Vallecano,Osasuna,1.0,3.0
ESP-La Liga,2526,60ee2023,2026-01-24,Sevilla,Athletic Club,2.0,1.0
ESP-La Liga,2526,2f7d361a,2026-01-24,Valencia,Espanyol,3.0,2.0
ESP-La Liga,2526,4639daf6,2026-01-24,Villarreal,Real Madrid,0.0,2.0
ESP-La Liga,2526,ce8f4b16,2026-01-25,Alavés,Real Betis,2.0,1.0
ESP-La Liga,2526,53039537,2026-01-25,Atlético Madrid,Mallorca,3.0,0.0
ESP-La Liga,2526,819fe48c,2026-01-25,Barcelona,Oviedo,3.0,0.0
ESP-La Liga,2526,b552e723,2026-01-25,Real Sociedad,Celta Vigo,3.0,1.0
ESP-La Liga,2526,f459caf9,2026-01-26,Girona,Getafe,1.0,1.0
ESP-La Liga,2526,0e981a51,2026-01-30,Espanyol,Alavés,1.0,2.0
ESP-La Liga,2526,a73e6fc2,2026-01-31,Elche,Barcelona,1.0,3.0
ESP-La Liga,2526,f96f4ab3,2026-01-31,Levante,Atlético Madrid,0.0,0.0
ESP-La Liga,2526,a15e151d,2026-01-31,Osasuna,Villarreal,2.0,2.0
ESP-La Liga,2526,04795268,2026-01-31,Oviedo,Girona,1.0,0.0
ESP-La Liga,2526,c4df0c3b,2026-02-01,Athletic Club,Real Sociedad,1.0,1.0
ESP-La Liga,2526,a1157162,2026-02-01,Getafe,Celta Vigo,0.0,0.0
ESP-La Liga,2526,5c46f430,2026-02-01,Real Betis,Valencia,2.0,1.0
ESP-La Liga,2526,cc262b94,2026-02-01,Real Madrid,Rayo Vallecano,2.0,1.0
ESP-La Liga,2526,48e782c1,2026-02-02,Mallorca,Sevilla,4.0,1.0
ESP-La Liga,2526,ca97efae,2026-02-06,Celta Vigo,Osasuna,1.0,2.0
ESP-La Liga,2526,04706eae,2026-02-07,Barcelona,Mallorca,3.0,0.0
ESP-La Liga,2526,c5463fad,2026-02-07,Real Sociedad,Elche,3.0,1.0
ESP-La Liga,2526,3e680935,2026-02-08,Alavés,Getafe,0.0,2.0
ESP-La Liga,2526,a35fdae6,2026-02-08,Athletic Club,Levante,4.0,2.0
ESP-La Liga,2526,0f65b152,2026-02-08,Atlético Madrid,Real Betis,0.0,1.0
ESP-La Liga,2526,ff2e73d6,2026-02-08,Sevilla,Girona,1.0,1.0
ESP-La Liga,2526,ffdedf0a,2026-02-08,Valencia,Real Madrid,0.0,2.0
ESP-La Liga,2526,1e384c1c,2026-02-09,Villarreal,Espanyol,4.0,1.0
ESP-La Liga,2526,48d796de,2026-02-13,Elche,Osasuna,0.0,0.0
ESP-La Liga,2526,bd182d65,2026-02-14,Espanyol,Celta Vigo,2.0,2.0
ESP-La Liga,2526,eb0544f2,2026-02-14,Getafe,Villarreal,2.0,1.0
ESP-La Liga,2526,f3034312,2026-02-14,Real Madrid,Real Sociedad,4.0,1.0
ESP-La Liga,2526,a779da4b,2026-02-14,Sevilla,Alavés,1.0,1.0
ESP-La Liga,2526,35e6f897,2026-02-15,Levante,Valencia,0.0,2.0
ESP-La Liga,2526,e7384ebf,2026-02-15,Mallorca,Real Betis,1.0,2.0
ESP-La Liga,2526,86dd084c,2026-02-15,Oviedo,Athletic Club,1.0,2.0
ESP-La Liga,2526,682cd577,2026-02-15,Rayo Vallecano,Atlético Madrid,3.0,0.0
ESP-La Liga,2526,391b385c,2026-02-16,Girona,Barcelona,2.0,1.0
ESP-La Liga,2526,b7555696,2026-02-18,Levante,Villarreal,0.0,1.0
ESP-La Liga,2526,622dd83f,2026-02-20,Athletic Club,Elche,2.0,1.0
ESP-La Liga,2526,71e45c13,2026-02-21,Atlético Madrid,Espanyol,4.0,2.0
ESP-La Liga,2526,f202755e,2026-02-21,Osasuna,Real Madrid,2.0,1.0
ESP-La Liga,2526,f806c6e2,2026-02-21,Real Betis,Rayo Vallecano,1.0,1.0
ESP-La Liga,2526,75b38e57,2026-02-21,Real Sociedad,Oviedo,3.0,3.0
ESP-La Liga,2526,619f8a5a,2026-02-22,Barcelona,Levante,3.0,0.0
ESP-La Liga,2526,45ed4d3c,2026-02-22,Celta Vigo,Mallorca,2.0,0.0
ESP-La Liga,2526,d9f56d27,2026-02-22,Getafe,Sevilla,0.0,1.0
ESP-La Liga,2526,a0bfe088,2026-02-22,Villarreal,Valencia,2.0,1.0
ESP-La Liga,2526,dc97e1b4,2026-02-23,Alavés,Girona,2.0,2.0
ESP-La Liga,2526,46e07c43,2026-02-27,Levante,Alavés,2.0,0.0
ESP-La Liga,2526,66717e3c,2026-02-28,Barcelona,Villarreal,4.0,1.0
ESP-La Liga,2526,f0390344,2026-02-28,Mallorca,Real Sociedad,0.0,1.0
ESP-La Liga,2526,89e947f9,2026-02-28,Oviedo,Atlético Madrid,0.0,1.0
ESP-La Liga,2526,ac9d40b6,2026-02-28,Rayo Vallecano,Athletic Club,1.0,1.0
ESP-La Liga,2526,6652b916,2026-03-01,Elche,Espanyol,2.0,2.0
ESP-La Liga,2526,4f8f99a3,2026-03-01,Girona,Celta Vigo,1.0,2.0
ESP-La Liga,2526,22608d42,2026-03-01,Real Betis,Sevilla,2.0,2.0
ESP-La Liga,2526,341fe064,2026-03-01,Valencia,Osasuna,1.0,0.0
ESP-La Liga,2526,15da5f9f,2026-03-02,Real Madrid,Getafe,0.0,1.0
ESP-La Liga,2526,4940a8c3,2026-03-04,Rayo Vallecano,Oviedo,3.0,0.0
ESP-La Liga,2526,6caf22fc,2026-03-06,Celta Vigo,Real Madrid,1.0,2.0
ESP-La Liga,2526,89db00ad,2026-03-07,Athletic Club,Barcelona,0.0,1.0
ESP-La Liga,2526,2fb5060f,2026-03-07,Atlético Madrid,Real Sociedad,3.0,2.0
ESP-La Liga,2526,e26beaf2,2026-03-07,Levante,Girona,1.0,1.0
ESP-La Liga,2526,8a0fe1b1,2026-03-07,Osasuna,Mallorca,2.0,2.0
ESP-La Liga,2526,abad9e33,2026-03-08,Getafe,Real Betis,2.0,0.0
ESP-La Liga,2526,15b6c566,2026-03-08,Sevilla,Rayo Vallecano,1.0,1.0
ESP-La Liga,2526,27642d53,2026-03-08,Valencia,Alavés,3.0,2.0
ESP-La Liga,2526,1692ebc4,2026-03-08,Villarreal,Elche,2.0,1.0
ESP-La Liga,2526,508947b7,2026-03-09,Espanyol,Oviedo,1.0,1.0
ESP-La Liga,2526,cfec4ce6,2026-03-13,Alavés,Villarreal,1.0,1.0
ESP-La Liga,2526,d848e074,2026-03-14,Atlético Madrid,Getafe,1.0,0.0
ESP-La Liga,2526,054d3a67,2026-03-14,Girona,Athletic Club,3.0,0.0
ESP-La Liga,2526,85f57cb7,2026-03-14,Oviedo,Valencia,1.0,0.0
ESP-La Liga,2526,98afde50,2026-03-14,Real Madrid,Elche,4.0,1.0
ESP-La Liga,2526,4ed77d62,2026-03-15,Barcelona,Sevilla,5.0,2.0
ESP-La Liga,2526,77ccf852,2026-03-15,Mallorca,Espanyol,2.0,1.0
ESP-La Liga,2526,22591657,2026-03-15,Real Betis,Celta Vigo,1.0,1.0
ESP-La Liga,2526,9f5478e8,2026-03-15,Real Sociedad,Osasuna,3.0,1.0
ESP-La Liga,2526,70a4de2b,2026-03-16,Rayo Vallecano,Levante,1.0,1.0
ESP-La Liga,2526,a79be191,2026-03-20,Villarreal,Real Sociedad,3.0,1.0
ESP-La Liga,2526,e52df2e7,2026-03-21,Elche,Mallorca,2.0,1.0
ESP-La Liga,2526,a4fc4f50,2026-03-21,Espanyol,Getafe,1.0,2.0
ESP-La Liga,2526,174565ef,2026-03-21,Levante,Oviedo,4.0,2.0
ESP-La Liga,2526,1f885c16,2026-03-21,Osasuna,Girona,1.0,0.0
ESP-La Liga,2526,65e69b64,2026-03-21,Sevilla,Valencia,0.0,2.0
ESP-La Liga,2526,4e1e973e,2026-03-22,Athletic Club,Real Betis,2.0,1.0
ESP-La Liga,2526,ce2526b2,2026-03-22,Barcelona,Rayo Vallecano,1.0,0.0
ESP-La Liga,2526,ffb25ea7,2026-03-22,Celta Vigo,Alavés,3.0,4.0
ESP-La Liga,2526,4b960a20,2026-03-22,Real Madrid,Atlético Madrid,3.0,2.0
ESP-La Liga,2526,9a31dbc6,2026-04-03,Rayo Vallecano,Elche,1.0,0.0
ESP-La Liga,2526,e41accf6,2026-04-04,Atlético Madrid,Barcelona,1.0,2.0
ESP-La Liga,2526,862aad27,2026-04-04,Mallorca,Real Madrid,2.0,1.0
ESP-La Liga,2526,abd62ed7,2026-04-04,Real Betis,Espanyol,0.0,0.0
ESP-La Liga,2526,284cada3,2026-04-04,Real Sociedad,Levante,2.0,0.0
ESP-La Liga,2526,c1267e1a,2026-04-05,Alavés,Osasuna,2.0,2.0
ESP-La Liga,2526,0e745e21,2026-04-05,Getafe,Athletic Club,2.0,0.0
ESP-La Liga,2526,cfd87324,2026-04-05,Oviedo,Sevilla,1.0,0.0
ESP-La Liga,2526,251a0b31,2026-04-05,Valencia,Celta Vigo,2.0,3.0
ESP-La Liga,2526,6f1ba2f6,2026-04-06,Girona,Villarreal,1.0,0.0
ESP-La Liga,2526,f641ba38,2026-04-10,Real Madrid,Girona,1.0,1.0
ESP-La Liga,2526,753b5a78,2026-04-11,Barcelona,Espanyol,4.0,1.0
ESP-La Liga,2526,ca49cc9a,2026-04-11,Elche,Valencia,1.0,0.0
ESP-La Liga,2526,1cf840d3,2026-04-11,Real Sociedad,Alavés,3.0,3.0
ESP-La Liga,2526,56d1e46c,2026-04-11,Sevilla,Atlético Madrid,2.0,1.0
ESP-La Liga,2526,adeeac6d,2026-04-12,Athletic Club,Villarreal,1.0,2.0
ESP-La Liga,2526,fd7f5fab,2026-04-12,Celta Vigo,Oviedo,0.0,3.0
ESP-La Liga,2526,a5fe8512,2026-04-12,Mallorca,Rayo Vallecano,3.0,0.0
ESP-La Liga,2526,8bb026b9,2026-04-12,Osasuna,Real Betis,1.0,1.0
ESP-La Liga,2526,095422a7,2026-04-13,Levante,Getafe,1.0,0.0
ESP-La Liga,2526,627657b9,2026-04-21,Athletic Club,Osasuna,1.0,0.0
ESP-La Liga,2526,f5f8bff0,2026-04-21,Girona,Real Betis,2.0,3.0
ESP-La Liga,2526,b47954cc,2026-04-21,Mallorca,Valencia,1.0,1.0
ESP-La Liga,2526,f5cb2ddd,2026-04-21,Real Madrid,Alavés,2.0,1.0
ESP-La Liga,2526,58ec3ce3,2026-04-22,Barcelona,Celta Vigo,1.0,0.0
ESP-La Liga,2526,9c53ad20,2026-04-22,Elche,Atlético Madrid,3.0,2.0
ESP-La Liga,2526,b2e39af9,2026-04-22,Real Sociedad,Getafe,0.0,1.0
ESP-La Liga,2526,61543255,2026-04-23,Levante,Sevilla,2.0,0.0
ESP-La Liga,2526,68515f08,2026-04-23,Oviedo,Villarreal,1.0,1.0
ESP-La Liga,2526,0d39f76f,2026-04-23,Rayo Vallecano,Espanyol,1.0,0.0
ESP-La Liga,2526,3268a7e6,2026-04-24,Real Betis,Real Madrid,1.0,1.0
ESP-La Liga,2526,65c869de,2026-04-25,Alavés,Mallorca,2.0,1.0
ESP-La Liga,2526,c1389599,2026-04-25,Atlético Madrid,Athletic Club,3.0,2.0
ESP-La Liga,2526,c0e00ffa,2026-04-25,Getafe,Barcelona,0.0,2.0
ESP-La Liga,2526,9d0c2969,2026-04-25,Valencia,Girona,2.0,1.0
ESP-La Liga,2526,2578af96,2026-04-26,Osasuna,Sevilla,2.0,1.0
ESP-La Liga,2526,fe1d7b98,2026-04-26,Oviedo,Elche,1.0,2.0
ESP-La Liga,2526,8702e129,2026-04-26,Rayo Vallecano,Real Sociedad,3.0,3.0
ESP-La Liga,2526,1ce5eb94,2026-04-26,Villarreal,Celta Vigo,2.0,1.0
ESP-La Liga,2526,4b032961,2026-04-27,Espanyol,Levante,0.0,0.0
ESP-La Liga,2526,b72d064e,2026-05-01,Girona,Mallorca,0.0,1.0
ESP-La Liga,2526,3b033682,2026-05-02,Alavés,Athletic Club,2.0,4.0
ESP-La Liga,2526,c57964ef,2026-05-02,Osasuna,Barcelona,1.0,2.0
ESP-La Liga,2526,323943c6,2026-05-02,Valencia,Atlético Madrid,0.0,2.0
ESP-La Liga,2526,aad3211d,2026-05-02,Villarreal,Levante,5.0,1.0
ESP-La Liga,2526,bf5b680a,2026-05-03,Celta Vigo,Elche,3.0,1.0
ESP-La Liga,2526,0b3f6b6c,2026-05-03,Espanyol,Real Madrid,0.0,2.0
ESP-La Liga,2526,fcc50907,2026-05-03,Getafe,Rayo Vallecano,0.0,2.0
ESP-La Liga,2526,6d1ed192,2026-05-03,Real Betis,Oviedo,3.0,0.0
ESP-La Liga,2526,7ce5c61a,2026-05-04,Sevilla,Real Sociedad,1.0,0.0
ESP-La Liga,2526,c01873d3,2026-05-08,Levante,Osasuna,3.0,2.0
ESP-La Liga,2526,af2e0c55,2026-05-09,Atlético Madrid,Celta Vigo,0.0,1.0
ESP-La Liga,2526,af13fa54,2026-05-09,Elche,Alavés,1.0,1.0
ESP-La Liga,2526,b98c1f56,2026-05-09,Real Sociedad,Real Betis,2.0,2.0
ESP-La Liga,2526,7169c3fc,2026-05-09,Sevilla,Espanyol,2.0,1.0
ESP-La Liga,2526,46163dfc,2026-05-10,Athletic Club,Valencia,0.0,1.0
ESP-La Liga,2526,3019c4d3,2026-05-10,Barcelona,Real Madrid,2.0,0.0
ESP-La Liga,2526,f7021d67,2026-05-10,Mallorca,Villarreal,1.0,1.0
ESP-La Liga,2526,17c1af39,2026-05-10,Oviedo,Getafe,0.0,0.0
ESP-La Liga,2526,0e0a2829,2026-05-11,Rayo Vallecano,Girona,1.0,1.0
ESP-La Liga,2526,51b62190,2026-05-12,Celta Vigo,Levante,2.0,3.0
ESP-La Liga,2526,5d809024,2026-05-12,Osasuna,Atlético Madrid,1.0,2.0
ESP-La Liga,2526,ce78c241,2026-05-12,Real Betis,Elche,2.0,1.0
ESP-La Liga,2526,ab2c2ec9,2026-05-13,Alavés,Barcelona,1.0,0.0
ESP-La Liga,2526,75abef8b,2026-05-13,Espanyol,Athletic Club,2.0,0.0
ESP-La Liga,2526,fc224d96,2026-05-13,Getafe,Mallorca,3.0,1.0
ESP-La Liga,2526,23736fda,2026-05-13,Villarreal,Sevilla,2.0,3.0
ESP-La Liga,2526,54c69361,2026-05-14,Girona,Real Sociedad,1.0,1.0
ESP-La Liga,2526,46718a22,2026-05-14,Real Madrid,Oviedo,2.0,0.0
ESP-La Liga,2526,3360d7c2,2026-05-14,Valencia,Rayo Vallecano,1.0,1.0
ESP-La Liga,2526,3f8bde84,2026-05-17,Athletic Club,Celta Vigo,1.0,1.0
ESP-La Liga,2526,7906d647,2026-05-17,Atlético Madrid,Girona,1.0,0.0
ESP-La Liga,2526,4c979ba0,2026-05-17,Barcelona,Real Betis,3.0,1.0
ESP-La Liga,2526,202f039e,2026-05-17,Elche,Getafe,1.0,0.0
ESP-La Liga,2526,cb0e6194,2026-05-17,Levante,Mallorca,2.0,0.0
ESP-La Liga,2526,78e100e8,2026-05-17,Osasuna,Espanyol,1.0,2.0
ESP-La Liga,2526,48f2c7fb,2026-05-17,Oviedo,Alavés,0.0,1.0
ESP-La Liga,2526,4e488415,2026-05-17,Rayo Vallecano,Villarreal,2.0,0.0
ESP-La Liga,2526,3ac12d3b,2026-05-17,Real Sociedad,Valencia,3.0,4.0
ESP-La Liga,2526,39383d24,2026-05-17,Sevilla,Real Madrid,0.0,1.0
ESP-La Liga,2526,c7966c7f,2026-05-23,Alavés,Rayo Vallecano,1.0,2.0
ESP-La Liga,2526,81fa1877,2026-05-23,Celta Vigo,Sevilla,1.0,0.0
ESP-La Liga,2526,04bfec59,2026-05-23,Espanyol,Real Sociedad,1.0,1.0
ESP-La Liga,2526,88df3190,2026-05-23,Getafe,Osasuna,1.0,0.0
ESP-La Liga,2526,2f28300e,2026-05-23,Girona,Elche,1.0,1.0
ESP-La Liga,2526,1fa11eba,2026-05-23,Mallorca,Oviedo,3.0,0.0
ESP-La Liga,2526,333cd761,2026-05-23,Real Betis,Levante,2.0,1.0
ESP-La Liga,2526,989dbbbf,2026-05-23,Real Madrid,Athletic Club,4.0,2.0
ESP-La Liga,2526,c42c1676,2026-05-23,Valencia,Barcelona,3.0,1.0
ESP-La Liga,2526,fb22806a,2026-05-24,Villarreal,Atlético Madrid,5.0,1.0
ESP-La Liga,2627,6fa3d51e,2026-08-15,Alavés,Getafe,3.0,0.0
ESP-La Liga,2627,912b06e9,2026-08-15,Sevilla,Rayo Vallecano,2.0,1.0
ESP-La Liga,2627,3225dfa1,2026-08-16,Espanyol,Levante,3.0,0.0
ESP-La Liga,2627,2ee849a2,2026-08-16,Racing Sant,Villarreal,2.0,2.0
ESP-La Liga,2627,8981ae47,2026-08-17,Dep. A Coruña,Elche,1.0,1.0
FRA-Ligue 1,2122,5a71bd1f,2021-08-06,Monaco,Nantes,1.0,1.0
FRA-Ligue 1,2122,22f9fbae,2021-08-07,Lyon,Brest,1.0,1.0
FRA-Ligue 1,2122,081fcc93,2021-08-07,Troyes,PSG,1.0,2.0
FRA-Ligue 1,2122,3bd58e2c,2021-08-08,Bordeaux,Clermont Foot,0.0,2.0
FRA-Ligue 1,2122,95922902,2021-08-08,Metz,Lille,3.0,3.0
FRA-Ligue 1,2122,2aa88717,2021-08-08,Montpellier,Marseille,2.0,3.0
FRA-Ligue 1,2122,ed6f883d,2021-08-08,Nice,Reims,0.0,0.0
FRA-Ligue 1,2122,efa9bd32,2021-08-08,Rennes,Lens,1.0,1.0
FRA-Ligue 1,2122,ffb00ebc,2021-08-08,Saint-Étienne,Lorient,1.0,1.0
FRA-Ligue 1,2122,d5c51de9,2021-08-08,Strasbourg,Angers,0.0,2.0
FRA-Ligue 1,2122,6fa57b43,2021-08-13,Lorient,Monaco,1.0,0.0
FRA-Ligue 1,2122,61344945,2021-08-14,Lille,Nice,0.0,4.0
FRA-Ligue 1,2122,f49163bf,2021-08-14,PSG,Strasbourg,4.0,2.0
FRA-Ligue 1,2122,90346ee2,2021-08-15,Angers,Lyon,3.0,0.0
FRA-Ligue 1,2122,9f9b393f,2021-08-15,Brest,Rennes,1.0,1.0
FRA-Ligue 1,2122,1d01bf2a,2021-08-15,Clermont Foot,Troyes,2.0,0.0
FRA-Ligue 1,2122,3143e787,2021-08-15,Lens,Saint-Étienne,2.0,2.0
FRA-Ligue 1,2122,552186af,2021-08-15,Marseille,Bordeaux,2.0,2.0
FRA-Ligue 1,2122,a7086303,2021-08-15,Nantes,Metz,2.0,0.0
FRA-Ligue 1,2122,f16c06c7,2021-08-15,Reims,Montpellier,3.0,3.0
FRA-Ligue 1,2122,4f44b84a,2021-08-20,Brest,PSG,2.0,4.0
FRA-Ligue 1,2122,1cff74e1,2021-08-21,Monaco,Lens,0.0,2.0
FRA-Ligue 1,2122,0be209c9,2021-08-21,Saint-Étienne,Lille,1.0,1.0
FRA-Ligue 1,2122,c738e7e8,2021-08-22,Bordeaux,Angers,1.0,1.0
FRA-Ligue 1,2122,6cf6252f,2021-08-22,Lyon,Clermont Foot,3.0,3.0
FRA-Ligue 1,2122,8a48654f,2021-08-22,Metz,Reims,1.0,1.0
FRA-Ligue 1,2122,8f1d58b5,2021-08-22,Montpellier,Lorient,3.0,1.0
FRA-Ligue 1,2122,07e663ba,2021-08-22,Rennes,Nantes,1.0,0.0
FRA-Ligue 1,2122,52adf64e,2021-08-22,Strasbourg,Troyes,1.0,1.0
FRA-Ligue 1,2122,3215e7eb,2021-08-27,Nantes,Lyon,0.0,1.0
FRA-Ligue 1,2122,35ab15f5,2021-08-28,Marseille,Saint-Étienne,3.0,1.0
FRA-Ligue 1,2122,b43eb4eb,2021-08-28,Nice,Bordeaux,4.0,0.0
FRA-Ligue 1,2122,36a6ccd9,2021-08-29,Angers,Rennes,2.0,0.0
FRA-Ligue 1,2122,77e3fedd,2021-08-29,Clermont Foot,Metz,2.0,2.0
FRA-Ligue 1,2122,65d88a74,2021-08-29,Lens,Lorient,2.0,2.0
FRA-Ligue 1,2122,2c5d987b,2021-08-29,Lille,Montpellier,2.0,1.0
FRA-Ligue 1,2122,c7e820e1,2021-08-29,Reims,PSG,0.0,2.0
FRA-Ligue 1,2122,1a1bbbcb,2021-08-29,Strasbourg,Brest,3.0,1.0
FRA-Ligue 1,2122,fb82404e,2021-08-29,Troyes,Monaco,1.0,2.0
FRA-Ligue 1,2122,93c6e3ef,2021-09-10,Lorient,Lille,2.0,1.0
FRA-Ligue 1,2122,ea1d5dc3,2021-09-11,Monaco,Marseille,0.0,2.0
FRA-Ligue 1,2122,c736ceaf,2021-09-11,PSG,Clermont Foot,4.0,0.0
FRA-Ligue 1,2122,985dfc7d,2021-09-12,Bordeaux,Lens,2.0,3.0
FRA-Ligue 1,2122,b526eae6,2021-09-12,Brest,Angers,1.0,1.0
FRA-Ligue 1,2122,aae0c87a,2021-09-12,Lyon,Strasbourg,3.0,1.0
FRA-Ligue 1,2122,d32536c5,2021-09-12,Metz,Troyes,0.0,2.0
FRA-Ligue 1,2122,85dc6801,2021-09-12,Montpellier,Saint-Étienne,2.0,0.0
FRA-Ligue 1,2122,3b874209,2021-09-12,Nantes,Nice,0.0,2.0
FRA-Ligue 1,2122,5daca06a,2021-09-12,Rennes,Reims,0.0,2.0
FRA-Ligue 1,2122,80a77175,2021-09-17,Strasbourg,Metz,3.0,0.0
FRA-Ligue 1,2122,2cbdb5a0,2021-09-18,Lens,Lille,1.0,0.0
FRA-Ligue 1,2122,aa237faf,2021-09-18,Saint-Étienne,Bordeaux,1.0,2.0
FRA-Ligue 1,2122,cd8fca3e,2021-09-19,Angers,Nantes,1.0,4.0
FRA-Ligue 1,2122,7d34920d,2021-09-19,Clermont Foot,Brest,1.0,1.0
FRA-Ligue 1,2122,5f984a37,2021-09-19,Marseille,Rennes,2.0,0.0
FRA-Ligue 1,2122,78ba609d,2021-09-19,Nice,Monaco,2.0,2.0
FRA-Ligue 1,2122,94943e52,2021-09-19,PSG,Lyon,2.0,1.0
FRA-Ligue 1,2122,983887bf,2021-09-19,Reims,Lorient,0.0,0.0
FRA-Ligue 1,2122,101ceba3,2021-09-19,Troyes,Montpellier,1.0,1.0
FRA-Ligue 1,2122,b84f284c,2021-09-22,Angers,Marseille,0.0,0.0
FRA-Ligue 1,2122,324e5654,2021-09-22,Lens,Strasbourg,0.0,1.0
FRA-Ligue 1,2122,68eb42e9,2021-09-22,Lille,Reims,2.0,1.0
FRA-Ligue 1,2122,37914a88,2021-09-22,Lorient,Nice,1.0,0.0
FRA-Ligue 1,2122,2c536cdf,2021-09-22,Lyon,Troyes,3.0,1.0
FRA-Ligue 1,2122,f8d5fe10,2021-09-22,Metz,PSG,1.0,2.0
FRA-Ligue 1,2122,d6815d53,2021-09-22,Monaco,Saint-Étienne,3.0,1.0
FRA-Ligue 1,2122,92307265,2021-09-22,Montpellier,Bordeaux,3.0,3.0
FRA-Ligue 1,2122,40f5f89b,2021-09-22,Nantes,Brest,3.0,1.0
FRA-Ligue 1,2122,25d9e8ea,2021-09-22,Rennes,Clermont Foot,6.0,0.0
FRA-Ligue 1,2122,730af461,2021-09-25,Lyon,Lorient,1.0,1.0
FRA-Ligue 1,2122,3f15eb2f,2021-09-25,PSG,Montpellier,2.0,0.0
FRA-Ligue 1,2122,e7b921ad,2021-09-25,Saint-Étienne,Nice,0.0,3.0
FRA-Ligue 1,2122,2dd1ea46,2021-09-25,Strasbourg,Lille,1.0,2.0
FRA-Ligue 1,2122,1b58b9b5,2021-09-26,Bordeaux,Rennes,1.0,1.0
FRA-Ligue 1,2122,a1132450,2021-09-26,Brest,Metz,1.0,2.0
FRA-Ligue 1,2122,75955ab8,2021-09-26,Clermont Foot,Monaco,1.0,3.0
FRA-Ligue 1,2122,1c2a81ba,2021-09-26,Marseille,Lens,2.0,3.0
FRA-Ligue 1,2122,ac08f1fa,2021-09-26,Reims,Nantes,3.0,1.0
FRA-Ligue 1,2122,83a8647a,2021-09-26,Troyes,Angers,1.0,1.0
FRA-Ligue 1,2122,81fd928c,2021-10-01,Lens,Reims,2.0,0.0
FRA-Ligue 1,2122,0acc7165,2021-10-02,Montpellier,Strasbourg,1.0,1.0
FRA-Ligue 1,2122,9bcf3129,2021-10-02,Nice,Brest,2.0,1.0
FRA-Ligue 1,2122,9d1f922b,2021-10-03,Angers,Metz,3.0,2.0
FRA-Ligue 1,2122,021c2c80,2021-10-03,Lille,Marseille,2.0,0.0
FRA-Ligue 1,2122,179aea63,2021-10-03,Lorient,Clermont Foot,1.0,1.0
FRA-Ligue 1,2122,761cb32f,2021-10-03,Monaco,Bordeaux,3.0,0.0
FRA-Ligue 1,2122,f3a556f0,2021-10-03,Nantes,Troyes,2.0,0.0
FRA-Ligue 1,2122,7bb9ac98,2021-10-03,Rennes,PSG,2.0,0.0
FRA-Ligue 1,2122,2571b712,2021-10-03,Saint-Étienne,Lyon,1.0,1.0
FRA-Ligue 1,2122,16bac038,2021-10-15,PSG,Angers,2.0,1.0
FRA-Ligue 1,2122,fa3768ae,2021-10-16,Clermont Foot,Lille,1.0,0.0
FRA-Ligue 1,2122,eeaa4aeb,2021-10-16,Lyon,Monaco,2.0,0.0
FRA-Ligue 1,2122,b4f8c222,2021-10-17,Bordeaux,Nantes,1.0,1.0
FRA-Ligue 1,2122,6f187b6a,2021-10-17,Brest,Reims,1.0,1.0
FRA-Ligue 1,2122,094d7030,2021-10-17,Marseille,Lorient,4.0,1.0
FRA-Ligue 1,2122,b87a661c,2021-10-17,Metz,Rennes,0.0,3.0
FRA-Ligue 1,2122,fb148288,2021-10-17,Montpellier,Lens,1.0,0.0
FRA-Ligue 1,2122,e4fb14d6,2021-10-17,Strasbourg,Saint-Étienne,5.0,1.0
FRA-Ligue 1,2122,37e45dd5,2021-10-17,Troyes,Nice,1.0,0.0
FRA-Ligue 1,2122,5219c830,2021-10-22,Saint-Étienne,Angers,2.0,2.0
FRA-Ligue 1,2122,22d0a008,2021-10-23,Lille,Brest,1.0,1.0
FRA-Ligue 1,2122,f1dea62c,2021-10-23,Nantes,Clermont Foot,2.0,1.0
FRA-Ligue 1,2122,b8942f6c,2021-10-24,Lens,Metz,4.0,1.0
FRA-Ligue 1,2122,e54e6f7e,2021-10-24,Lorient,Bordeaux,1.0,1.0
FRA-Ligue 1,2122,97e1dd85,2021-10-24,Marseille,PSG,0.0,0.0
FRA-Ligue 1,2122,603d1f36,2021-10-24,Monaco,Montpellier,3.0,1.0
FRA-Ligue 1,2122,de07278f,2021-10-24,Nice,Lyon,3.0,2.0
FRA-Ligue 1,2122,ee9df9d3,2021-10-24,Reims,Troyes,1.0,2.0
FRA-Ligue 1,2122,77b12999,2021-10-24,Rennes,Strasbourg,1.0,0.0
FRA-Ligue 1,2122,cc1c0429,2021-10-27,Nice,Marseille,1.0,1.0
FRA-Ligue 1,2122,cb80602d,2021-10-29,PSG,Lille,2.0,1.0
FRA-Ligue 1,2122,65b26678,2021-10-30,Lyon,Lens,2.0,1.0
FRA-Ligue 1,2122,7fef7c0f,2021-10-30,Metz,Saint-Étienne,1.0,1.0
FRA-Ligue 1,2122,aeffeb83,2021-10-31,Angers,Nice,1.0,2.0
FRA-Ligue 1,2122,1a00ccde,2021-10-31,Bordeaux,Reims,3.0,2.0
FRA-Ligue 1,2122,7cf2cb9c,2021-10-31,Brest,Monaco,2.0,0.0
FRA-Ligue 1,2122,cc275fe8,2021-10-31,Clermont Foot,Marseille,0.0,1.0
FRA-Ligue 1,2122,9ebf3222,2021-10-31,Montpellier,Nantes,2.0,0.0
FRA-Ligue 1,2122,9eecde07,2021-10-31,Strasbourg,Lorient,4.0,0.0
FRA-Ligue 1,2122,4edcd54f,2021-10-31,Troyes,Rennes,2.0,2.0
FRA-Ligue 1,2122,ccd2f699,2021-11-05,Lens,Troyes,4.0,0.0
FRA-Ligue 1,2122,57be0a1e,2021-11-06,Bordeaux,PSG,2.0,3.0
FRA-Ligue 1,2122,2ce63df8,2021-11-06,Lille,Angers,1.0,1.0
FRA-Ligue 1,2122,b7dd94e9,2021-11-07,Lorient,Brest,1.0,2.0
FRA-Ligue 1,2122,e9786bf2,2021-11-07,Marseille,Metz,0.0,0.0
FRA-Ligue 1,2122,e1e018be,2021-11-07,Nantes,Strasbourg,2.0,2.0
FRA-Ligue 1,2122,b1d925e7,2021-11-07,Nice,Montpellier,0.0,1.0
FRA-Ligue 1,2122,e15efd48,2021-11-07,Reims,Monaco,0.0,0.0
FRA-Ligue 1,2122,a23ac869,2021-11-07,Rennes,Lyon,4.0,1.0
FRA-Ligue 1,2122,03a4e65c,2021-11-07,Saint-Étienne,Clermont Foot,3.0,2.0
FRA-Ligue 1,2122,87c3349f,2021-11-19,Monaco,Lille,2.0,2.0
FRA-Ligue 1,2122,01aabfc9,2021-11-20,PSG,Nantes,3.0,1.0
FRA-Ligue 1,2122,578a2f34,2021-11-20,Rennes,Montpellier,2.0,0.0
FRA-Ligue 1,2122,3ae8da5d,2021-11-21,Angers,Lorient,1.0,0.0
FRA-Ligue 1,2122,f6b45a58,2021-11-21,Brest,Lens,4.0,0.0
FRA-Ligue 1,2122,70097d4d,2021-11-21,Clermont Foot,Nice,1.0,2.0
FRA-Ligue 1,2122,1a60dcac,2021-11-21,Metz,Bordeaux,3.0,3.0
FRA-Ligue 1,2122,fd4a1380,2021-11-21,Strasbourg,Reims,1.0,1.0
FRA-Ligue 1,2122,aedaa852,2021-11-21,Troyes,Saint-Étienne,0.0,1.0
FRA-Ligue 1,2122,1ff453f6,2021-11-26,Lens,Angers,2.0,2.0
FRA-Ligue 1,2122,1d8f75fc,2021-11-27,Lille,Nantes,1.0,1.0
FRA-Ligue 1,2122,e520b4ee,2021-11-27,Nice,Metz,0.0,1.0
FRA-Ligue 1,2122,bb1eb461,2021-11-28,Bordeaux,Brest,1.0,2.0
FRA-Ligue 1,2122,79a91177,2021-11-28,Lorient,Rennes,0.0,2.0
FRA-Ligue 1,2122,b413f36e,2021-11-28,Marseille,Troyes,1.0,0.0
FRA-Ligue 1,2122,e2659de8,2021-11-28,Monaco,Strasbourg,1.0,1.0
FRA-Ligue 1,2122,e9963024,2021-11-28,Montpellier,Lyon,0.0,1.0
FRA-Ligue 1,2122,4eafcabf,2021-11-28,Reims,Clermont Foot,1.0,0.0
FRA-Ligue 1,2122,294daefd,2021-11-28,Saint-Étienne,PSG,1.0,3.0
FRA-Ligue 1,2122,5ddbea04,2021-12-01,Angers,Monaco,1.0,3.0
FRA-Ligue 1,2122,ef9c5e2c,2021-12-01,Brest,Saint-Étienne,1.0,0.0
FRA-Ligue 1,2122,a9a44cc1,2021-12-01,Clermont Foot,Lens,2.0,2.0
FRA-Ligue 1,2122,84b0b5ca,2021-12-01,Lyon,Reims,1.0,2.0
FRA-Ligue 1,2122,faef1211,2021-12-01,Metz,Montpellier,1.0,3.0
FRA-Ligue 1,2122,54d75c09,2021-12-01,Nantes,Marseille,0.0,1.0
FRA-Ligue 1,2122,636450c5,2021-12-01,PSG,Nice,0.0,0.0
FRA-Ligue 1,2122,1c6a1122,2021-12-01,Rennes,Lille,1.0,2.0
FRA-Ligue 1,2122,b4b82708,2021-12-01,Strasbourg,Bordeaux,5.0,2.0
FRA-Ligue 1,2122,6699cd8f,2021-12-01,Troyes,Lorient,2.0,0.0
FRA-Ligue 1,2122,85fc2ecf,2021-12-04,Lens,PSG,1.0,1.0
FRA-Ligue 1,2122,e0e7bef1,2021-12-04,Lille,Troyes,2.0,1.0
FRA-Ligue 1,2122,8a54dda9,2021-12-04,Marseille,Brest,1.0,2.0
FRA-Ligue 1,2122,d70037d0,2021-12-05,Bordeaux,Lyon,2.0,2.0
FRA-Ligue 1,2122,f45060fd,2021-12-05,Lorient,Nantes,0.0,1.0
FRA-Ligue 1,2122,7aa0c082,2021-12-05,Monaco,Metz,4.0,0.0
FRA-Ligue 1,2122,1c8d80e8,2021-12-05,Montpellier,Clermont Foot,1.0,0.0
FRA-Ligue 1,2122,d6ab1a82,2021-12-05,Nice,Strasbourg,0.0,3.0
FRA-Ligue 1,2122,871a19d9,2021-12-05,Reims,Angers,1.0,2.0
FRA-Ligue 1,2122,a084351b,2021-12-05,Saint-Étienne,Rennes,0.0,5.0
FRA-Ligue 1,2122,8f4bfed3,2021-12-10,Nantes,Lens,3.0,2.0
FRA-Ligue 1,2122,cc87b9bb,2021-12-11,Brest,Montpellier,0.0,4.0
FRA-Ligue 1,2122,32ef0d92,2021-12-11,Reims,Saint-Étienne,2.0,0.0
FRA-Ligue 1,2122,38310cc0,2021-12-12,Angers,Clermont Foot,0.0,1.0
FRA-Ligue 1,2122,25176193,2021-12-12,Lille,Lyon,0.0,0.0
FRA-Ligue 1,2122,f1832b2a,2021-12-12,Metz,Lorient,4.0,1.0
FRA-Ligue 1,2122,acd226cc,2021-12-12,PSG,Monaco,2.0,0.0
FRA-Ligue 1,2122,44415bbe,2021-12-12,Rennes,Nice,1.0,2.0
FRA-Ligue 1,2122,1794160a,2021-12-12,Strasbourg,Marseille,0.0,2.0
FRA-Ligue 1,2122,47d68168,2021-12-12,Troyes,Bordeaux,1.0,2.0
FRA-Ligue 1,2122,ed70d70c,2021-12-22,Bordeaux,Lille,2.0,3.0
FRA-Ligue 1,2122,4903c5a0,2021-12-22,Lorient,PSG,1.0,1.0
FRA-Ligue 1,2122,37520dd6,2021-12-22,Lyon,Metz,1.0,1.0
FRA-Ligue 1,2122,b7d65ab0,2021-12-22,Marseille,Reims,1.0,1.0
FRA-Ligue 1,2122,95bb1fa2,2021-12-22,Monaco,Rennes,2.0,1.0
FRA-Ligue 1,2122,cb051ac1,2021-12-22,Montpellier,Angers,4.0,1.0
FRA-Ligue 1,2122,52998b49,2021-12-22,Nice,Lens,2.0,1.0
FRA-Ligue 1,2122,473b4135,2021-12-22,Saint-Étienne,Nantes,0.0,1.0
FRA-Ligue 1,2122,d8a26fb1,2021-12-22,Troyes,Brest,1.0,1.0
FRA-Ligue 1,2122,7b2aecd3,2022-01-07,Bordeaux,Marseille,0.0,1.0
FRA-Ligue 1,2122,1dddee96,2022-01-08,Lens,Rennes,1.0,0.0
FRA-Ligue 1,2122,a2185a5d,2022-01-09,Brest,Nice,0.0,3.0
FRA-Ligue 1,2122,fbfe9b16,2022-01-09,Clermont Foot,Reims,0.0,0.0
FRA-Ligue 1,2122,2e7d6e6e,2022-01-09,Lyon,PSG,1.0,1.0
FRA-Ligue 1,2122,37f93a36,2022-01-09,Metz,Strasbourg,0.0,2.0
FRA-Ligue 1,2122,47a7cb1e,2022-01-09,Nantes,Monaco,0.0,0.0
FRA-Ligue 1,2122,dd56b142,2022-01-14,Nice,Nantes,2.0,1.0
FRA-Ligue 1,2122,f0466360,2022-01-15,PSG,Brest,2.0,0.0
FRA-Ligue 1,2122,0a82217e,2022-01-15,Saint-Étienne,Lens,1.0,2.0
FRA-Ligue 1,2122,d5ac4de3,2022-01-16,Lorient,Angers,0.0,0.0
FRA-Ligue 1,2122,355532f1,2022-01-16,Marseille,Lille,1.0,1.0
FRA-Ligue 1,2122,ae3b0353,2022-01-16,Monaco,Clermont Foot,4.0,0.0
FRA-Ligue 1,2122,4302e229,2022-01-16,Reims,Metz,0.0,1.0
FRA-Ligue 1,2122,5680ee6e,2022-01-16,Rennes,Bordeaux,6.0,0.0
FRA-Ligue 1,2122,f58be674,2022-01-16,Strasbourg,Montpellier,3.0,1.0
FRA-Ligue 1,2122,bd430885,2022-01-16,Troyes,Lyon,0.0,1.0
FRA-Ligue 1,2122,6e84fb7e,2022-01-19,Clermont Foot,Strasbourg,0.0,2.0
FRA-Ligue 1,2122,b4d032a8,2022-01-19,Lille,Lorient,3.0,1.0
FRA-Ligue 1,2122,6a07521d,2022-01-19,Montpellier,Troyes,0.0,1.0
FRA-Ligue 1,2122,f47b4718,2022-01-21,Lyon,Saint-Étienne,1.0,0.0
FRA-Ligue 1,2122,ee9690a6,2022-01-22,Brest,Lille,2.0,0.0
FRA-Ligue 1,2122,b1b57c9b,2022-01-22,Lens,Marseille,0.0,2.0
FRA-Ligue 1,2122,741f6124,2022-01-23,Angers,Troyes,2.0,1.0
FRA-Ligue 1,2122,ba3ea94a,2022-01-23,Bordeaux,Strasbourg,4.0,3.0
FRA-Ligue 1,2122,010a6519,2022-01-23,Clermont Foot,Rennes,2.0,1.0
FRA-Ligue 1,2122,cd3b4009,2022-01-23,Metz,Nice,0.0,2.0
FRA-Ligue 1,2122,f388639f,2022-01-23,Montpellier,Monaco,3.0,2.0
FRA-Ligue 1,2122,2d35bc9e,2022-01-23,Nantes,Lorient,4.0,2.0
FRA-Ligue 1,2122,f51fef59,2022-01-23,PSG,Reims,4.0,0.0
FRA-Ligue 1,2122,6dbaff07,2022-01-26,Angers,Saint-Étienne,0.0,1.0
FRA-Ligue 1,2122,7e9d01e8,2022-02-01,Lyon,Marseille,2.0,1.0
FRA-Ligue 1,2122,bbec940d,2022-02-04,Marseille,Angers,5.0,2.0
FRA-Ligue 1,2122,56f50bf8,2022-02-05,Monaco,Lyon,2.0,0.0
FRA-Ligue 1,2122,95c02ffd,2022-02-05,Saint-Étienne,Montpellier,3.0,1.0
FRA-Ligue 1,2122,3e64c5ae,2022-02-06,Lille,PSG,1.0,5.0
FRA-Ligue 1,2122,129795ba,2022-02-06,Lorient,Lens,2.0,0.0
FRA-Ligue 1,2122,bfd7e554,2022-02-06,Nice,Clermont Foot,0.0,1.0
FRA-Ligue 1,2122,abd3490f,2022-02-06,Reims,Bordeaux,5.0,0.0
FRA-Ligue 1,2122,35326f05,2022-02-06,Rennes,Brest,2.0,0.0
FRA-Ligue 1,2122,fd15ca55,2022-02-06,Strasbourg,Nantes,1.0,0.0
FRA-Ligue 1,2122,edb9cc13,2022-02-06,Troyes,Metz,0.0,0.0
FRA-Ligue 1,2122,9c7908f1,2022-02-11,PSG,Rennes,1.0,0.0
FRA-Ligue 1,2122,f7f2d88a,2022-02-12,Lyon,Nice,2.0,0.0
FRA-Ligue 1,2122,02f8a7d5,2022-02-12,Montpellier,Lille,0.0,1.0
FRA-Ligue 1,2122,38cd64c3,2022-02-13,Angers,Strasbourg,0.0,1.0
FRA-Ligue 1,2122,733d6293,2022-02-13,Brest,Troyes,5.0,1.0
FRA-Ligue 1,2122,fb7a7909,2022-02-13,Clermont Foot,Saint-Étienne,1.0,2.0
FRA-Ligue 1,2122,d59de593,2022-02-13,Lens,Bordeaux,3.0,2.0
FRA-Ligue 1,2122,109454dd,2022-02-13,Metz,Marseille,1.0,2.0
FRA-Ligue 1,2122,58d554dd,2022-02-13,Monaco,Lorient,0.0,0.0
FRA-Ligue 1,2122,7395c15f,2022-02-13,Nantes,Reims,1.0,0.0
FRA-Ligue 1,2122,87fd9dbd,2022-02-18,Lille,Metz,0.0,0.0
FRA-Ligue 1,2122,e108cf94,2022-02-19,Lens,Lyon,1.0,1.0
FRA-Ligue 1,2122,09a54e8e,2022-02-19,Nantes,PSG,3.0,1.0
FRA-Ligue 1,2122,29177005,2022-02-20,Bordeaux,Monaco,1.0,1.0
FRA-Ligue 1,2122,b8f099a8,2022-02-20,Lorient,Montpellier,0.0,1.0
FRA-Ligue 1,2122,fed140ea,2022-02-20,Marseille,Clermont Foot,0.0,2.0
FRA-Ligue 1,2122,39e879ae,2022-02-20,Nice,Angers,1.0,0.0
FRA-Ligue 1,2122,4e2e3254,2022-02-20,Reims,Brest,1.0,1.0
FRA-Ligue 1,2122,8477212c,2022-02-20,Rennes,Troyes,4.0,1.0
FRA-Ligue 1,2122,039f3446,2022-02-20,Saint-Étienne,Strasbourg,2.0,2.0
FRA-Ligue 1,2122,49f95737,2022-02-25,Montpellier,Rennes,2.0,4.0
FRA-Ligue 1,2122,94dda5bc,2022-02-26,PSG,Saint-Étienne,3.0,1.0
FRA-Ligue 1,2122,a5f8af05,2022-02-26,Strasbourg,Nice,0.0,0.0
FRA-Ligue 1,2122,04ced06c,2022-02-27,Angers,Lens,1.0,2.0
FRA-Ligue 1,2122,fbe23489,2022-02-27,Brest,Lorient,0.0,1.0
FRA-Ligue 1,2122,f0372b60,2022-02-27,Clermont Foot,Bordeaux,1.0,1.0
FRA-Ligue 1,2122,33fa2793,2022-02-27,Lyon,Lille,0.0,1.0
FRA-Ligue 1,2122,a1958e65,2022-02-27,Metz,Nantes,0.0,0.0
FRA-Ligue 1,2122,343ecc4d,2022-02-27,Monaco,Reims,1.0,2.0
FRA-Ligue 1,2122,14d51e3d,2022-02-27,Troyes,Marseille,1.0,1.0
FRA-Ligue 1,2122,47cc9c6e,2022-03-04,Lorient,Lyon,1.0,4.0
FRA-Ligue 1,2122,77e50e46,2022-03-05,Lens,Brest,0.0,1.0
FRA-Ligue 1,2122,a6cb24e9,2022-03-05,Nice,PSG,1.0,0.0
FRA-Ligue 1,2122,ff76f8cf,2022-03-06,Bordeaux,Troyes,0.0,2.0
FRA-Ligue 1,2122,5d629dc2,2022-03-06,Lille,Clermont Foot,4.0,0.0
FRA-Ligue 1,2122,1ae7d5b8,2022-03-06,Marseille,Monaco,0.0,1.0
FRA-Ligue 1,2122,0e74a3f5,2022-03-06,Nantes,Montpellier,2.0,0.0
FRA-Ligue 1,2122,67e0902f,2022-03-06,Reims,Strasbourg,1.0,1.0
FRA-Ligue 1,2122,e01c1b2b,2022-03-06,Rennes,Angers,2.0,0.0
FRA-Ligue 1,2122,c9c202d3,2022-03-06,Saint-Étienne,Metz,1.0,0.0
FRA-Ligue 1,2122,87db113d,2022-03-11,Lille,Saint-Étienne,0.0,0.0
FRA-Ligue 1,2122,536dcdbf,2022-03-12,Montpellier,Nice,0.0,0.0
FRA-Ligue 1,2122,f864411d,2022-03-12,Troyes,Nantes,1.0,0.0
FRA-Ligue 1,2122,e7b41c4d,2022-03-13,Angers,Reims,0.0,1.0
FRA-Ligue 1,2122,80720d17,2022-03-13,Brest,Marseille,1.0,4.0
FRA-Ligue 1,2122,338e8a6e,2022-03-13,Clermont Foot,Lorient,0.0,2.0
FRA-Ligue 1,2122,75064b2e,2022-03-13,Lyon,Rennes,2.0,4.0
FRA-Ligue 1,2122,7788e610,2022-03-13,Metz,Lens,0.0,0.0
FRA-Ligue 1,2122,6af73895,2022-03-13,PSG,Bordeaux,3.0,0.0
FRA-Ligue 1,2122,2419637e,2022-03-13,Strasbourg,Monaco,1.0,0.0
FRA-Ligue 1,2122,c2b9ad56,2022-03-18,Saint-Étienne,Troyes,1.0,1.0
FRA-Ligue 1,2122,54704427,2022-03-19,Lens,Clermont Foot,3.0,1.0
FRA-Ligue 1,2122,413fef50,2022-03-19,Nantes,Lille,0.0,1.0
FRA-Ligue 1,2122,0ef91ca0,2022-03-20,Angers,Brest,1.0,0.0
FRA-Ligue 1,2122,7cd8bd02,2022-03-20,Bordeaux,Montpellier,0.0,2.0
FRA-Ligue 1,2122,c2ccef61,2022-03-20,Lorient,Strasbourg,0.0,0.0
FRA-Ligue 1,2122,803531fb,2022-03-20,Marseille,Nice,2.0,1.0
FRA-Ligue 1,2122,a7c9eff0,2022-03-20,Monaco,PSG,3.0,0.0
FRA-Ligue 1,2122,2ac1412f,2022-03-20,Reims,Lyon,0.0,0.0
FRA-Ligue 1,2122,58ba254c,2022-03-20,Rennes,Metz,6.0,1.0
FRA-Ligue 1,2122,52343407,2022-04-02,Lille,Bordeaux,0.0,0.0
FRA-Ligue 1,2122,9db058b4,2022-04-02,Nice,Rennes,1.0,1.0
FRA-Ligue 1,2122,9bd36df7,2022-04-03,Clermont Foot,Nantes,2.0,3.0
FRA-Ligue 1,2122,439f40a0,2022-04-03,Lyon,Angers,3.0,2.0
FRA-Ligue 1,2122,1961dd04,2022-04-03,Metz,Monaco,1.0,2.0
FRA-Ligue 1,2122,83471b83,2022-04-03,Montpellier,Brest,1.0,2.0
FRA-Ligue 1,2122,d5fd03e9,2022-04-03,PSG,Lorient,5.0,1.0
FRA-Ligue 1,2122,414e7ec5,2022-04-03,Saint-Étienne,Marseille,2.0,4.0
FRA-Ligue 1,2122,b149bf4c,2022-04-03,Strasbourg,Lens,1.0,0.0
FRA-Ligue 1,2122,4cd80185,2022-04-03,Troyes,Reims,1.0,0.0
FRA-Ligue 1,2122,f3506ad4,2022-04-08,Lorient,Saint-Étienne,6.0,2.0
FRA-Ligue 1,2122,8504d09a,2022-04-09,Clermont Foot,PSG,1.0,6.0
FRA-Ligue 1,2122,4c35c9da,2022-04-09,Reims,Rennes,2.0,3.0
FRA-Ligue 1,2122,7e0e06e5,2022-04-10,Angers,Lille,1.0,1.0
FRA-Ligue 1,2122,acd1b22a,2022-04-10,Bordeaux,Metz,3.0,1.0
FRA-Ligue 1,2122,d0ea3312,2022-04-10,Brest,Nantes,1.0,1.0
FRA-Ligue 1,2122,96a51ad6,2022-04-10,Lens,Nice,3.0,0.0
FRA-Ligue 1,2122,021e8099,2022-04-10,Marseille,Montpellier,2.0,0.0
FRA-Ligue 1,2122,761126a0,2022-04-10,Monaco,Troyes,2.0,1.0
FRA-Ligue 1,2122,110ba550,2022-04-10,Strasbourg,Lyon,1.0,1.0
FRA-Ligue 1,2122,94887a9b,2022-04-15,Rennes,Monaco,2.0,3.0
FRA-Ligue 1,2122,b06cd259,2022-04-16,Lille,Lens,1.0,2.0
FRA-Ligue 1,2122,8397b04e,2022-04-16,Saint-Étienne,Brest,2.0,1.0
FRA-Ligue 1,2122,1e35ffea,2022-04-17,Lyon,Bordeaux,6.0,1.0
FRA-Ligue 1,2122,7b5f36f9,2022-04-17,Metz,Clermont Foot,1.0,1.0
FRA-Ligue 1,2122,f1b4e563,2022-04-17,Montpellier,Reims,0.0,0.0
FRA-Ligue 1,2122,4c50e1ea,2022-04-17,Nantes,Angers,1.0,1.0
FRA-Ligue 1,2122,78d842a6,2022-04-17,Nice,Lorient,2.0,1.0
FRA-Ligue 1,2122,ae1f7eb7,2022-04-17,PSG,Marseille,2.0,1.0
FRA-Ligue 1,2122,ff157711,2022-04-17,Troyes,Strasbourg,1.0,1.0
FRA-Ligue 1,2122,09cbc27c,2022-04-20,Angers,PSG,0.0,3.0
FRA-Ligue 1,2122,3edb738f,2022-04-20,Bordeaux,Saint-Étienne,2.0,2.0
FRA-Ligue 1,2122,9c0bbee4,2022-04-20,Brest,Lyon,2.0,1.0
FRA-Ligue 1,2122,81abceaf,2022-04-20,Lens,Montpellier,2.0,0.0
FRA-Ligue 1,2122,65639d4c,2022-04-20,Lorient,Metz,1.0,0.0
FRA-Ligue 1,2122,e9a82393,2022-04-20,Marseille,Nantes,3.0,2.0
FRA-Ligue 1,2122,355291f8,2022-04-20,Monaco,Nice,1.0,0.0
FRA-Ligue 1,2122,13b03462,2022-04-20,Reims,Lille,2.0,1.0
FRA-Ligue 1,2122,31bee4ea,2022-04-20,Strasbourg,Rennes,2.0,1.0
FRA-Ligue 1,2122,e1f2777e,2022-04-20,Troyes,Clermont Foot,0.0,1.0
FRA-Ligue 1,2122,884d8529,2022-04-23,Lyon,Montpellier,5.0,2.0
FRA-Ligue 1,2122,79950a77,2022-04-23,PSG,Lens,1.0,1.0
FRA-Ligue 1,2122,0ea8b790,2022-04-23,Saint-Étienne,Monaco,1.0,4.0
FRA-Ligue 1,2122,e2a1be58,2022-04-24,Clermont Foot,Angers,2.0,2.0
FRA-Ligue 1,2122,bfe2a825,2022-04-24,Lille,Strasbourg,1.0,0.0
FRA-Ligue 1,2122,3e4c3c7a,2022-04-24,Metz,Brest,0.0,1.0
FRA-Ligue 1,2122,404027fc,2022-04-24,Nantes,Bordeaux,5.0,3.0
FRA-Ligue 1,2122,67b449a8,2022-04-24,Nice,Troyes,1.0,0.0
FRA-Ligue 1,2122,6e980607,2022-04-24,Reims,Marseille,0.0,1.0
FRA-Ligue 1,2122,60f480a7,2022-04-24,Rennes,Lorient,5.0,0.0
FRA-Ligue 1,2122,1557010e,2022-04-29,Strasbourg,PSG,3.0,3.0
FRA-Ligue 1,2122,48af41e4,2022-04-30,Lens,Nantes,2.0,2.0
FRA-Ligue 1,2122,ff7ff97f,2022-04-30,Rennes,Saint-Étienne,2.0,0.0
FRA-Ligue 1,2122,4d183a47,2022-05-01,Bordeaux,Nice,0.0,1.0
FRA-Ligue 1,2122,5cfc1a26,2022-05-01,Brest,Clermont Foot,2.0,0.0
FRA-Ligue 1,2122,ec6c5c2d,2022-05-01,Lorient,Reims,1.0,2.0
FRA-Ligue 1,2122,d2d724d2,2022-05-01,Marseille,Lyon,0.0,3.0
FRA-Ligue 1,2122,b1c88ea2,2022-05-01,Monaco,Angers,2.0,0.0
FRA-Ligue 1,2122,e4082206,2022-05-01,Montpellier,Metz,2.0,2.0
FRA-Ligue 1,2122,65cbaf82,2022-05-01,Troyes,Lille,3.0,0.0
FRA-Ligue 1,2122,4f3165e4,2022-05-06,Lille,Monaco,1.0,2.0
FRA-Ligue 1,2122,42e0e8e5,2022-05-07,Brest,Strasbourg,0.0,1.0
FRA-Ligue 1,2122,0f64084b,2022-05-08,Angers,Bordeaux,4.0,1.0
FRA-Ligue 1,2122,034f4f3e,2022-05-08,Clermont Foot,Montpellier,2.0,1.0
FRA-Ligue 1,2122,e355f0ea,2022-05-08,Lorient,Marseille,0.0,3.0
FRA-Ligue 1,2122,c3bc42d9,2022-05-08,Metz,Lyon,3.0,2.0
FRA-Ligue 1,2122,ed983cb9,2022-05-08,PSG,Troyes,2.0,2.0
FRA-Ligue 1,2122,39ec0235,2022-05-08,Reims,Lens,1.0,2.0
FRA-Ligue 1,2122,fdabee0f,2022-05-11,Nantes,Rennes,2.0,1.0
FRA-Ligue 1,2122,d6064bba,2022-05-11,Nice,Saint-Étienne,4.0,2.0
FRA-Ligue 1,2122,2d094951,2022-05-14,Bordeaux,Lorient,0.0,0.0
FRA-Ligue 1,2122,de833d3e,2022-05-14,Lyon,Nantes,3.0,2.0
FRA-Ligue 1,2122,a3d178bd,2022-05-14,Metz,Angers,1.0,0.0
FRA-Ligue 1,2122,5c51fa36,2022-05-14,Monaco,Brest,4.0,2.0
FRA-Ligue 1,2122,4aab403f,2022-05-14,Montpellier,PSG,0.0,4.0
FRA-Ligue 1,2122,0c22e3b5,2022-05-14,Nice,Lille,1.0,3.0
FRA-Ligue 1,2122,4ea15816,2022-05-14,Rennes,Marseille,2.0,0.0
FRA-Ligue 1,2122,e8d3d781,2022-05-14,Saint-Étienne,Reims,1.0,2.0
FRA-Ligue 1,2122,85f2905a,2022-05-14,Strasbourg,Clermont Foot,1.0,0.0
FRA-Ligue 1,2122,6e43dc75,2022-05-14,Troyes,Lens,1.0,3.0
FRA-Ligue 1,2122,a3e31576,2022-05-21,Angers,Montpellier,2.0,0.0
FRA-Ligue 1,2122,421186be,2022-05-21,Brest,Bordeaux,2.0,4.0
FRA-Ligue 1,2122,55529e56,2022-05-21,Clermont Foot,Lyon,1.0,2.0
FRA-Ligue 1,2122,f790cbf8,2022-05-21,Lens,Monaco,2.0,2.0
FRA-Ligue 1,2122,021ffc0c,2022-05-21,Lille,Rennes,2.0,2.0
FRA-Ligue 1,2122,aad2b799,2022-05-21,Lorient,Troyes,1.0,1.0
FRA-Ligue 1,2122,e8335e4c,2022-05-21,Marseille,Strasbourg,4.0,0.0
FRA-Ligue 1,2122,4633aec1,2022-05-21,Nantes,Saint-Étienne,1.0,1.0
FRA-Ligue 1,2122,d59305e1,2022-05-21,PSG,Metz,5.0,0.0
FRA-Ligue 1,2122,de5e5dc7,2022-05-21,Reims,Nice,2.0,3.0
FRA-Ligue 1,2122,f1560d55,2022-05-26,Auxerre,Saint-Étienne,1.0,1.0
FRA-Ligue 1,2223,47ab569b,2022-08-05,Lyon,Ajaccio,2.0,1.0
FRA-Ligue 1,2223,d99d9161,2022-08-06,Clermont Foot,PSG,0.0,5.0
FRA-Ligue 1,2223,b9e7f94c,2022-08-06,Strasbourg,Monaco,1.0,2.0
FRA-Ligue 1,2223,136d5cbe,2022-08-07,Angers,Nantes,0.0,0.0
FRA-Ligue 1,2223,058c83eb,2022-08-07,Lens,Brest,3.0,2.0
FRA-Ligue 1,2223,cbdc95fe,2022-08-07,Lille,Auxerre,4.0,1.0
FRA-Ligue 1,2223,534ab8ff,2022-08-07,Marseille,Reims,4.0,1.0
FRA-Ligue 1,2223,e3e9b9b5,2022-08-07,Montpellier,Troyes,3.0,2.0
FRA-Ligue 1,2223,8ff3f9dd,2022-08-07,Rennes,Lorient,0.0,1.0
FRA-Ligue 1,2223,8f2f241b,2022-08-07,Toulouse,Nice,1.0,1.0
FRA-Ligue 1,2223,00173ae0,2022-08-12,Nantes,Lille,1.0,1.0
FRA-Ligue 1,2223,86562a7e,2022-08-13,Monaco,Rennes,1.0,1.0
FRA-Ligue 1,2223,63a572a1,2022-08-13,PSG,Montpellier,5.0,2.0
FRA-Ligue 1,2223,8b559e8f,2022-08-14,Ajaccio,Lens,0.0,0.0
FRA-Ligue 1,2223,f5a2eb8d,2022-08-14,Auxerre,Angers,2.0,2.0
FRA-Ligue 1,2223,4a5a2571,2022-08-14,Brest,Marseille,1.0,1.0
FRA-Ligue 1,2223,d1bb8afd,2022-08-14,Nice,Strasbourg,1.0,1.0
FRA-Ligue 1,2223,ed6b4245,2022-08-14,Reims,Clermont Foot,2.0,4.0
FRA-Ligue 1,2223,f60d97c0,2022-08-14,Troyes,Toulouse,0.0,3.0
FRA-Ligue 1,2223,a1baf3a5,2022-08-19,Lyon,Troyes,4.0,1.0
FRA-Ligue 1,2223,44e18f81,2022-08-20,Marseille,Nantes,2.0,1.0
FRA-Ligue 1,2223,579dbb9f,2022-08-20,Monaco,Lens,1.0,4.0
FRA-Ligue 1,2223,2bc4aa01,2022-08-21,Angers,Brest,1.0,3.0
FRA-Ligue 1,2223,197f9381,2022-08-21,Clermont Foot,Nice,1.0,0.0
FRA-Ligue 1,2223,a5ba0018,2022-08-21,Lille,PSG,1.0,7.0
FRA-Ligue 1,2223,05d493df,2022-08-21,Montpellier,Auxerre,1.0,2.0
FRA-Ligue 1,2223,9befca9a,2022-08-21,Rennes,Ajaccio,2.0,1.0
FRA-Ligue 1,2223,be90ec61,2022-08-21,Strasbourg,Reims,1.0,1.0
FRA-Ligue 1,2223,8fd476c8,2022-08-21,Toulouse,Lorient,2.0,2.0
FRA-Ligue 1,2223,d8aa49d4,2022-08-26,Ajaccio,Lille,1.0,3.0
FRA-Ligue 1,2223,0bd45b22,2022-08-27,Auxerre,Strasbourg,1.0,0.0
FRA-Ligue 1,2223,a46ef768,2022-08-27,Lens,Rennes,2.0,1.0
FRA-Ligue 1,2223,1c7d2241,2022-08-28,Brest,Montpellier,0.0,7.0
FRA-Ligue 1,2223,04e1e416,2022-08-28,Lorient,Clermont Foot,2.0,1.0
FRA-Ligue 1,2223,211a8d64,2022-08-28,Nantes,Toulouse,3.0,1.0
FRA-Ligue 1,2223,89258f8f,2022-08-28,Nice,Marseille,0.0,3.0
FRA-Ligue 1,2223,6113a2a2,2022-08-28,PSG,Monaco,1.0,1.0
FRA-Ligue 1,2223,daa723a9,2022-08-28,Reims,Lyon,1.0,1.0
FRA-Ligue 1,2223,ccccf547,2022-08-28,Troyes,Angers,3.0,1.0
FRA-Ligue 1,2223,d94a7d75,2022-08-31,Angers,Reims,2.0,4.0
FRA-Ligue 1,2223,e81a5c4f,2022-08-31,Lens,Lorient,5.0,2.0
FRA-Ligue 1,2223,6f55425d,2022-08-31,Lille,Nice,1.0,2.0
FRA-Ligue 1,2223,d4cde1d6,2022-08-31,Lyon,Auxerre,2.0,1.0
FRA-Ligue 1,2223,e703a3d2,2022-08-31,Marseille,Clermont Foot,1.0,0.0
FRA-Ligue 1,2223,8b21a4d4,2022-08-31,Monaco,Troyes,2.0,4.0
FRA-Ligue 1,2223,f80ee3a3,2022-08-31,Montpellier,Ajaccio,2.0,0.0
FRA-Ligue 1,2223,b9bd2221,2022-08-31,Rennes,Brest,3.0,1.0
FRA-Ligue 1,2223,6a2fc46c,2022-08-31,Strasbourg,Nantes,1.0,1.0
FRA-Ligue 1,2223,63fb1427,2022-08-31,Toulouse,PSG,0.0,3.0
FRA-Ligue 1,2223,d9b1158b,2022-09-03,Auxerre,Marseille,0.0,2.0
FRA-Ligue 1,2223,fb645562,2022-09-03,Lyon,Angers,5.0,0.0
FRA-Ligue 1,2223,368a55f1,2022-09-03,Nantes,PSG,0.0,3.0
FRA-Ligue 1,2223,ae60a120,2022-09-04,Ajaccio,Lorient,0.0,1.0
FRA-Ligue 1,2223,a4f51170,2022-09-04,Brest,Strasbourg,1.0,1.0
FRA-Ligue 1,2223,20d46d25,2022-09-04,Clermont Foot,Toulouse,2.0,0.0
FRA-Ligue 1,2223,d61a03a9,2022-09-04,Montpellier,Lille,1.0,3.0
FRA-Ligue 1,2223,cd865a2a,2022-09-04,Nice,Monaco,0.0,1.0
FRA-Ligue 1,2223,21e5d4df,2022-09-04,Reims,Lens,1.0,1.0
FRA-Ligue 1,2223,e174ad85,2022-09-04,Troyes,Rennes,1.0,1.0
FRA-Ligue 1,2223,9bb1f204,2022-09-07,Lorient,Lyon,3.0,1.0
FRA-Ligue 1,2223,953fed3d,2022-09-09,Lens,Troyes,1.0,0.0
FRA-Ligue 1,2223,762fd170,2022-09-10,Marseille,Lille,2.0,1.0
FRA-Ligue 1,2223,7e83ffa9,2022-09-10,PSG,Brest,1.0,0.0
FRA-Ligue 1,2223,e7c831c2,2022-09-11,Ajaccio,Nice,0.0,1.0
FRA-Ligue 1,2223,37884357,2022-09-11,Angers,Montpellier,2.0,1.0
FRA-Ligue 1,2223,782c4dff,2022-09-11,Lorient,Nantes,3.0,2.0
FRA-Ligue 1,2223,425472f5,2022-09-11,Monaco,Lyon,2.0,1.0
FRA-Ligue 1,2223,16d3a368,2022-09-11,Rennes,Auxerre,5.0,0.0
FRA-Ligue 1,2223,198f2034,2022-09-11,Strasbourg,Clermont Foot,0.0,0.0
FRA-Ligue 1,2223,9f57e775,2022-09-11,Toulouse,Reims,1.0,0.0
FRA-Ligue 1,2223,49bc23eb,2022-09-16,Auxerre,Lorient,1.0,3.0
FRA-Ligue 1,2223,00795804,2022-09-17,Lille,Toulouse,2.0,1.0
FRA-Ligue 1,2223,ea79c10f,2022-09-17,Montpellier,Strasbourg,2.0,1.0
FRA-Ligue 1,2223,1051ac4c,2022-09-18,Brest,Ajaccio,0.0,1.0
FRA-Ligue 1,2223,4724678c,2022-09-18,Clermont Foot,Troyes,1.0,3.0
FRA-Ligue 1,2223,57d4d43d,2022-09-18,Lyon,PSG,0.0,1.0
FRA-Ligue 1,2223,abf90423,2022-09-18,Marseille,Rennes,1.0,1.0
FRA-Ligue 1,2223,7f6d507f,2022-09-18,Nantes,Lens,0.0,0.0
FRA-Ligue 1,2223,58f908b1,2022-09-18,Nice,Angers,0.0,1.0
FRA-Ligue 1,2223,c6dee225,2022-09-18,Reims,Monaco,0.0,3.0
FRA-Ligue 1,2223,3c6ebbba,2022-09-30,Angers,Marseille,0.0,3.0
FRA-Ligue 1,2223,36ac65e1,2022-10-01,PSG,Nice,2.0,1.0
FRA-Ligue 1,2223,304c5e6e,2022-10-01,Strasbourg,Rennes,1.0,3.0
FRA-Ligue 1,2223,eaedf3ff,2022-10-02,Ajaccio,Clermont Foot,1.0,3.0
FRA-Ligue 1,2223,0992c452,2022-10-02,Auxerre,Brest,1.0,1.0
FRA-Ligue 1,2223,ea3fd79a,2022-10-02,Lens,Lyon,1.0,0.0
FRA-Ligue 1,2223,16686466,2022-10-02,Lorient,Lille,2.0,1.0
FRA-Ligue 1,2223,3f3b16cf,2022-10-02,Monaco,Nantes,4.0,1.0
FRA-Ligue 1,2223,b53830d8,2022-10-02,Toulouse,Montpellier,4.0,2.0
FRA-Ligue 1,2223,1cbd26d0,2022-10-02,Troyes,Reims,2.0,2.0
FRA-Ligue 1,2223,3e063ecd,2022-10-07,Lyon,Toulouse,1.0,1.0
FRA-Ligue 1,2223,98ad4323,2022-10-08,Marseille,Ajaccio,1.0,2.0
FRA-Ligue 1,2223,71ccb83f,2022-10-08,Reims,PSG,0.0,0.0
FRA-Ligue 1,2223,bc649871,2022-10-09,Angers,Strasbourg,2.0,3.0
FRA-Ligue 1,2223,173aef86,2022-10-09,Brest,Lorient,1.0,2.0
FRA-Ligue 1,2223,d6cfdf2e,2022-10-09,Clermont Foot,Auxerre,2.0,1.0
FRA-Ligue 1,2223,080e6d11,2022-10-09,Lille,Lens,1.0,0.0
FRA-Ligue 1,2223,1edc7eb2,2022-10-09,Montpellier,Monaco,0.0,2.0
FRA-Ligue 1,2223,d77bb56e,2022-10-09,Nice,Troyes,3.0,2.0
FRA-Ligue 1,2223,c2be4bef,2022-10-09,Rennes,Nantes,3.0,0.0
FRA-Ligue 1,2223,5004b998,2022-10-14,Strasbourg,Lille,0.0,3.0
FRA-Ligue 1,2223,7e2d7c1e,2022-10-15,Lens,Montpellier,1.0,0.0
FRA-Ligue 1,2223,4fe522a8,2022-10-15,Lorient,Reims,0.0,0.0
FRA-Ligue 1,2223,a9ffc8fd,2022-10-16,Auxerre,Nice,1.0,1.0
FRA-Ligue 1,2223,5e7b10f8,2022-10-16,Monaco,Clermont Foot,1.0,1.0
FRA-Ligue 1,2223,d8787f23,2022-10-16,Nantes,Brest,4.0,1.0
FRA-Ligue 1,2223,818de37e,2022-10-16,PSG,Marseille,1.0,0.0
FRA-Ligue 1,2223,62b68f87,2022-10-16,Rennes,Lyon,3.0,2.0
FRA-Ligue 1,2223,4b81fd1f,2022-10-16,Toulouse,Angers,3.0,2.0
FRA-Ligue 1,2223,6ad88cc9,2022-10-16,Troyes,Ajaccio,1.0,1.0
FRA-Ligue 1,2223,492d0e7a,2022-10-21,Ajaccio,PSG,0.0,3.0
FRA-Ligue 1,2223,bad2cbdd,2022-10-22,Marseille,Lens,0.0,1.0
FRA-Ligue 1,2223,cc602d55,2022-10-22,Montpellier,Lyon,1.0,2.0
FRA-Ligue 1,2223,c9d3fd4b,2022-10-23,Angers,Rennes,1.0,2.0
FRA-Ligue 1,2223,75c3d20d,2022-10-23,Clermont Foot,Brest,1.0,3.0
FRA-Ligue 1,2223,e49e31dd,2022-10-23,Lille,Monaco,4.0,3.0
FRA-Ligue 1,2223,034ab90e,2022-10-23,Nice,Nantes,1.0,1.0
FRA-Ligue 1,2223,c6b10aeb,2022-10-23,Reims,Auxerre,2.0,1.0
FRA-Ligue 1,2223,ef6dff8d,2022-10-23,Toulouse,Strasbourg,2.0,2.0
FRA-Ligue 1,2223,58eb4a20,2022-10-23,Troyes,Lorient,2.0,2.0
FRA-Ligue 1,2223,95ff5e13,2022-10-28,Lens,Toulouse,3.0,0.0
FRA-Ligue 1,2223,0706f45a,2022-10-29,PSG,Troyes,4.0,3.0
FRA-Ligue 1,2223,be8af29c,2022-10-29,Strasbourg,Marseille,2.0,2.0
FRA-Ligue 1,2223,37f73b7b,2022-10-30,Auxerre,Ajaccio,1.0,0.0
FRA-Ligue 1,2223,9547c75b,2022-10-30,Brest,Reims,0.0,0.0
FRA-Ligue 1,2223,b3909991,2022-10-30,Lorient,Nice,1.0,2.0
FRA-Ligue 1,2223,55897a3f,2022-10-30,Lyon,Lille,1.0,0.0
FRA-Ligue 1,2223,6d8a6a22,2022-10-30,Monaco,Angers,2.0,0.0
FRA-Ligue 1,2223,d73b5aa4,2022-10-30,Nantes,Clermont Foot,1.0,1.0
FRA-Ligue 1,2223,5a0894db,2022-10-30,Rennes,Montpellier,3.0,0.0
FRA-Ligue 1,2223,c138eba8,2022-11-04,Troyes,Auxerre,1.0,1.0
FRA-Ligue 1,2223,ce07c8bb,2022-11-05,Ajaccio,Strasbourg,4.0,2.0
FRA-Ligue 1,2223,75388a68,2022-11-05,Angers,Lens,1.0,2.0
FRA-Ligue 1,2223,ce3a7987,2022-11-06,Clermont Foot,Montpellier,1.0,1.0
FRA-Ligue 1,2223,004b284e,2022-11-06,Lille,Rennes,1.0,1.0
FRA-Ligue 1,2223,62986726,2022-11-06,Lorient,PSG,1.0,2.0
FRA-Ligue 1,2223,bfdebdac,2022-11-06,Marseille,Lyon,1.0,0.0
FRA-Ligue 1,2223,cbe2fdcb,2022-11-06,Nice,Brest,1.0,0.0
FRA-Ligue 1,2223,b3aecb40,2022-11-06,Reims,Nantes,1.0,0.0
FRA-Ligue 1,2223,4c62ed91,2022-11-06,Toulouse,Monaco,0.0,2.0
FRA-Ligue 1,2223,e805986b,2022-11-11,Lyon,Nice,1.0,1.0
FRA-Ligue 1,2223,8d98626e,2022-11-12,Lens,Clermont Foot,2.0,1.0
FRA-Ligue 1,2223,f352bc06,2022-11-12,Rennes,Toulouse,2.0,1.0
FRA-Ligue 1,2223,8067e5e7,2022-11-13,Brest,Troyes,2.0,1.0
FRA-Ligue 1,2223,6055a18c,2022-11-13,Lille,Angers,1.0,0.0
FRA-Ligue 1,2223,d1097736,2022-11-13,Monaco,Marseille,2.0,3.0
FRA-Ligue 1,2223,7927c5f9,2022-11-13,Montpellier,Reims,1.0,1.0
FRA-Ligue 1,2223,e2a7c160,2022-11-13,Nantes,Ajaccio,2.0,2.0
FRA-Ligue 1,2223,86e55266,2022-11-13,PSG,Auxerre,5.0,0.0
FRA-Ligue 1,2223,d02cfa28,2022-11-13,Strasbourg,Lorient,1.0,1.0
FRA-Ligue 1,2223,095e292f,2022-12-28,Ajaccio,Angers,1.0,0.0
FRA-Ligue 1,2223,d5b35d85,2022-12-28,Auxerre,Monaco,2.0,3.0
FRA-Ligue 1,2223,244b3b09,2022-12-28,Brest,Lyon,2.0,4.0
FRA-Ligue 1,2223,6a0bd1ac,2022-12-28,Clermont Foot,Lille,0.0,2.0
FRA-Ligue 1,2223,c4b9d773,2022-12-28,PSG,Strasbourg,2.0,1.0
FRA-Ligue 1,2223,8501cd5a,2022-12-28,Troyes,Nantes,0.0,0.0
FRA-Ligue 1,2223,3f005cc1,2022-12-29,Lorient,Montpellier,0.0,2.0
FRA-Ligue 1,2223,34caf658,2022-12-29,Marseille,Toulouse,6.0,1.0
FRA-Ligue 1,2223,9c606d65,2022-12-29,Nice,Lens,0.0,0.0
FRA-Ligue 1,2223,ae3fb1a3,2022-12-29,Reims,Rennes,3.0,1.0
FRA-Ligue 1,2223,cff615b4,2023-01-01,Angers,Lorient,1.0,2.0
FRA-Ligue 1,2223,41b38f59,2023-01-01,Lens,PSG,3.0,1.0
FRA-Ligue 1,2223,1e8f7f51,2023-01-01,Lyon,Clermont Foot,0.0,1.0
FRA-Ligue 1,2223,4cec22bb,2023-01-01,Monaco,Brest,1.0,0.0
FRA-Ligue 1,2223,eb1f454d,2023-01-01,Nantes,Auxerre,1.0,0.0
FRA-Ligue 1,2223,0e22e8ba,2023-01-01,Toulouse,Ajaccio,2.0,0.0
FRA-Ligue 1,2223,cbf86c77,2023-01-02,Lille,Reims,1.0,1.0
FRA-Ligue 1,2223,1083eac4,2023-01-02,Montpellier,Marseille,1.0,2.0
FRA-Ligue 1,2223,4d3e283f,2023-01-02,Rennes,Nice,2.0,1.0
FRA-Ligue 1,2223,f8182d7b,2023-01-02,Strasbourg,Troyes,2.0,3.0
FRA-Ligue 1,2223,656ef1c0,2023-01-11,Ajaccio,Reims,0.0,1.0
FRA-Ligue 1,2223,7037273e,2023-01-11,Auxerre,Toulouse,0.0,5.0
FRA-Ligue 1,2223,86d6c372,2023-01-11,Brest,Lille,0.0,0.0
FRA-Ligue 1,2223,560bb258,2023-01-11,Clermont Foot,Rennes,2.0,1.0
FRA-Ligue 1,2223,a1b8e89a,2023-01-11,Lorient,Monaco,2.0,2.0
FRA-Ligue 1,2223,b34687b5,2023-01-11,Nantes,Lyon,0.0,0.0
FRA-Ligue 1,2223,45abc300,2023-01-11,Nice,Montpellier,6.0,1.0
FRA-Ligue 1,2223,76db6078,2023-01-11,PSG,Angers,2.0,0.0
FRA-Ligue 1,2223,e91d3b16,2023-01-11,Strasbourg,Lens,2.0,2.0
FRA-Ligue 1,2223,18500cfa,2023-01-11,Troyes,Marseille,0.0,2.0
FRA-Ligue 1,2223,767c1b25,2023-01-14,Lens,Auxerre,1.0,0.0
FRA-Ligue 1,2223,6016edce,2023-01-14,Lyon,Strasbourg,1.0,2.0
FRA-Ligue 1,2223,d95f972f,2023-01-14,Marseille,Lorient,3.0,1.0
FRA-Ligue 1,2223,d21b1750,2023-01-15,Angers,Clermont Foot,1.0,2.0
FRA-Ligue 1,2223,50911140,2023-01-15,Lille,Troyes,5.0,1.0
FRA-Ligue 1,2223,74dc1c48,2023-01-15,Monaco,Ajaccio,7.0,1.0
FRA-Ligue 1,2223,5bf93a40,2023-01-15,Montpellier,Nantes,0.0,3.0
FRA-Ligue 1,2223,c5adac5b,2023-01-15,Reims,Nice,0.0,0.0
FRA-Ligue 1,2223,a1cfed8d,2023-01-15,Rennes,PSG,1.0,0.0
FRA-Ligue 1,2223,10ac929c,2023-01-15,Toulouse,Brest,1.0,1.0
FRA-Ligue 1,2223,b1b646a8,2023-01-27,Lorient,Rennes,2.0,1.0
FRA-Ligue 1,2223,15d42ad7,2023-01-28,Marseille,Monaco,1.0,1.0
FRA-Ligue 1,2223,bf2e3c05,2023-01-28,Troyes,Lens,1.0,1.0
FRA-Ligue 1,2223,3b0e34f6,2023-01-29,Ajaccio,Lyon,0.0,2.0
FRA-Ligue 1,2223,73d5a2c8,2023-01-29,Auxerre,Montpellier,0.0,2.0
FRA-Ligue 1,2223,6bd8ad94,2023-01-29,Brest,Angers,4.0,0.0
FRA-Ligue 1,2223,524e5116,2023-01-29,Clermont Foot,Nantes,0.0,0.0
FRA-Ligue 1,2223,b83c2528,2023-01-29,Nice,Lille,1.0,0.0
FRA-Ligue 1,2223,ac8ffacd,2023-01-29,PSG,Reims,1.0,1.0
FRA-Ligue 1,2223,a2c720b1,2023-01-29,Strasbourg,Toulouse,1.0,2.0
FRA-Ligue 1,2223,671cbd4f,2023-02-01,Angers,Ajaccio,1.0,2.0
FRA-Ligue 1,2223,b6c7f232,2023-02-01,Lens,Nice,0.0,1.0
FRA-Ligue 1,2223,359a0f8f,2023-02-01,Lille,Clermont Foot,0.0,0.0
FRA-Ligue 1,2223,0f1e8f16,2023-02-01,Lyon,Brest,0.0,0.0
FRA-Ligue 1,2223,7bb26754,2023-02-01,Monaco,Auxerre,3.0,2.0
FRA-Ligue 1,2223,8fea202b,2023-02-01,Montpellier,PSG,1.0,3.0
FRA-Ligue 1,2223,4bca4e32,2023-02-01,Nantes,Marseille,0.0,2.0
FRA-Ligue 1,2223,e7ec4d4b,2023-02-01,Reims,Lorient,4.0,2.0
FRA-Ligue 1,2223,cdc46e1d,2023-02-01,Rennes,Strasbourg,3.0,0.0
FRA-Ligue 1,2223,6226baab,2023-02-01,Toulouse,Troyes,4.0,1.0
FRA-Ligue 1,2223,20d2d2e9,2023-02-04,PSG,Toulouse,2.0,1.0
FRA-Ligue 1,2223,b405d94b,2023-02-04,Rennes,Lille,1.0,3.0
FRA-Ligue 1,2223,774a8b12,2023-02-04,Troyes,Lyon,1.0,3.0
FRA-Ligue 1,2223,1d0998d1,2023-02-05,Ajaccio,Nantes,0.0,2.0
FRA-Ligue 1,2223,384b2fcb,2023-02-05,Auxerre,Reims,0.0,0.0
FRA-Ligue 1,2223,7a42156f,2023-02-05,Brest,Lens,1.0,1.0
FRA-Ligue 1,2223,46fb274a,2023-02-05,Clermont Foot,Monaco,0.0,2.0
FRA-Ligue 1,2223,4f77b00e,2023-02-05,Lorient,Angers,0.0,0.0
FRA-Ligue 1,2223,f901aa76,2023-02-05,Marseille,Nice,1.0,3.0
FRA-Ligue 1,2223,1b074cd2,2023-02-05,Strasbourg,Montpellier,2.0,0.0
FRA-Ligue 1,2223,1ca21463,2023-02-10,Nice,Ajaccio,3.0,0.0
FRA-Ligue 1,2223,695a7394,2023-02-11,Clermont Foot,Marseille,0.0,2.0
FRA-Ligue 1,2223,72eb59cf,2023-02-11,Monaco,PSG,3.0,1.0
FRA-Ligue 1,2223,079e4a90,2023-02-12,Angers,Auxerre,1.0,1.0
FRA-Ligue 1,2223,5bcb2b4d,2023-02-12,Lille,Strasbourg,2.0,0.0
FRA-Ligue 1,2223,eb88e263,2023-02-12,Lyon,Lens,2.0,1.0
FRA-Ligue 1,2223,90388019,2023-02-12,Montpellier,Brest,3.0,0.0
FRA-Ligue 1,2223,f9f4ca12,2023-02-12,Nantes,Lorient,1.0,0.0
FRA-Ligue 1,2223,b1ac1305,2023-02-12,Reims,Troyes,4.0,0.0
FRA-Ligue 1,2223,65d07eec,2023-02-12,Toulouse,Rennes,3.0,1.0
FRA-Ligue 1,2223,ab3c5cc9,2023-02-17,Auxerre,Lyon,2.0,1.0
FRA-Ligue 1,2223,e2d5f3b0,2023-02-18,Nice,Reims,0.0,0.0
FRA-Ligue 1,2223,7981e432,2023-02-18,Strasbourg,Angers,2.0,1.0
FRA-Ligue 1,2223,dc325f14,2023-02-19,Brest,Monaco,1.0,2.0
FRA-Ligue 1,2223,09d42df5,2023-02-19,Lens,Nantes,3.0,1.0
FRA-Ligue 1,2223,9a73c114,2023-02-19,Lorient,Ajaccio,3.0,0.0
FRA-Ligue 1,2223,0354132b,2023-02-19,PSG,Lille,4.0,3.0
FRA-Ligue 1,2223,e1b735e0,2023-02-19,Rennes,Clermont Foot,2.0,0.0
FRA-Ligue 1,2223,9d43f831,2023-02-19,Toulouse,Marseille,2.0,3.0
FRA-Ligue 1,2223,27b0ea20,2023-02-19,Troyes,Montpellier,0.0,1.0
FRA-Ligue 1,2223,4b068238,2023-02-24,Lille,Brest,2.0,1.0
FRA-Ligue 1,2223,ed761c34,2023-02-25,Angers,Lyon,1.0,3.0
FRA-Ligue 1,2223,c423b431,2023-02-25,Montpellier,Lens,1.0,1.0
FRA-Ligue 1,2223,78ba7c57,2023-02-26,Ajaccio,Troyes,2.0,1.0
FRA-Ligue 1,2223,3c41bf64,2023-02-26,Clermont Foot,Strasbourg,1.0,1.0
FRA-Ligue 1,2223,f9f72ca1,2023-02-26,Lorient,Auxerre,0.0,1.0
FRA-Ligue 1,2223,fe1e33e5,2023-02-26,Marseille,PSG,0.0,3.0
FRA-Ligue 1,2223,e8389ab5,2023-02-26,Monaco,Nice,0.0,3.0
FRA-Ligue 1,2223,faf5f698,2023-02-26,Nantes,Rennes,0.0,1.0
FRA-Ligue 1,2223,bf387fea,2023-02-26,Reims,Toulouse,3.0,0.0
FRA-Ligue 1,2223,ab7003b3,2023-03-03,Nice,Auxerre,1.0,1.0
FRA-Ligue 1,2223,368b5f43,2023-03-04,Lens,Lille,1.0,1.0
FRA-Ligue 1,2223,322f46e4,2023-03-04,PSG,Nantes,4.0,2.0
FRA-Ligue 1,2223,1eadec4f,2023-03-05,Lyon,Lorient,0.0,0.0
FRA-Ligue 1,2223,05267653,2023-03-05,Montpellier,Angers,5.0,0.0
FRA-Ligue 1,2223,b317ed7d,2023-03-05,Reims,Ajaccio,1.0,0.0
FRA-Ligue 1,2223,723f16d0,2023-03-05,Rennes,Marseille,0.0,1.0
FRA-Ligue 1,2223,9971c1e8,2023-03-05,Strasbourg,Brest,0.0,1.0
FRA-Ligue 1,2223,332295d4,2023-03-05,Toulouse,Clermont Foot,0.0,1.0
FRA-Ligue 1,2223,ae83643a,2023-03-05,Troyes,Monaco,2.0,2.0
FRA-Ligue 1,2223,2ec831ba,2023-03-10,Lille,Lyon,3.0,3.0
FRA-Ligue 1,2223,edf3e1c0,2023-03-11,Auxerre,Rennes,0.0,0.0
FRA-Ligue 1,2223,8acaf948,2023-03-11,Brest,PSG,1.0,2.0
FRA-Ligue 1,2223,4d877fad,2023-03-12,Ajaccio,Montpellier,0.0,1.0
FRA-Ligue 1,2223,7bf37201,2023-03-12,Angers,Toulouse,0.0,2.0
FRA-Ligue 1,2223,1c7fbfe3,2023-03-12,Clermont Foot,Lens,0.0,4.0
FRA-Ligue 1,2223,11eab67b,2023-03-12,Lorient,Troyes,2.0,0.0
FRA-Ligue 1,2223,5bd3872f,2023-03-12,Marseille,Strasbourg,2.0,2.0
FRA-Ligue 1,2223,65c9aaa1,2023-03-12,Monaco,Reims,0.0,1.0
FRA-Ligue 1,2223,6f639a55,2023-03-12,Nantes,Nice,2.0,2.0
FRA-Ligue 1,2223,e42d16ce,2023-03-17,Lyon,Nantes,1.0,1.0
FRA-Ligue 1,2223,9481e88d,2023-03-18,Lens,Angers,3.0,0.0
FRA-Ligue 1,2223,0659aa2f,2023-03-18,Toulouse,Lille,0.0,2.0
FRA-Ligue 1,2223,9a21157d,2023-03-19,Ajaccio,Monaco,0.0,2.0
FRA-Ligue 1,2223,fa420272,2023-03-19,Montpellier,Clermont Foot,2.0,1.0
FRA-Ligue 1,2223,76197bfd,2023-03-19,Nice,Lorient,1.0,1.0
FRA-Ligue 1,2223,9acfad51,2023-03-19,PSG,Rennes,0.0,2.0
FRA-Ligue 1,2223,0161e53d,2023-03-19,Reims,Marseille,1.0,2.0
FRA-Ligue 1,2223,8c7d3708,2023-03-19,Strasbourg,Auxerre,2.0,0.0
FRA-Ligue 1,2223,a67700d0,2023-03-19,Troyes,Brest,2.0,2.0
FRA-Ligue 1,2223,0dd080e8,2023-03-31,Marseille,Montpellier,1.0,1.0
FRA-Ligue 1,2223,fd495836,2023-04-01,Auxerre,Troyes,1.0,0.0
FRA-Ligue 1,2223,1130a1b6,2023-04-01,Rennes,Lens,0.0,1.0
FRA-Ligue 1,2223,3ee2de5c,2023-04-02,Angers,Nice,1.0,1.0
FRA-Ligue 1,2223,1b47ccce,2023-04-02,Brest,Toulouse,3.0,1.0
FRA-Ligue 1,2223,758ff2c2,2023-04-02,Clermont Foot,Ajaccio,2.0,1.0
FRA-Ligue 1,2223,e3ec27ec,2023-04-02,Lille,Lorient,3.0,1.0
FRA-Ligue 1,2223,87a8aadf,2023-04-02,Monaco,Strasbourg,4.0,3.0
FRA-Ligue 1,2223,766e9598,2023-04-02,Nantes,Reims,0.0,3.0
FRA-Ligue 1,2223,37a61135,2023-04-02,PSG,Lyon,0.0,1.0
FRA-Ligue 1,2223,c64ab24a,2023-04-07,Lens,Strasbourg,2.0,1.0
FRA-Ligue 1,2223,5b23ad99,2023-04-08,Angers,Lille,1.0,0.0
FRA-Ligue 1,2223,2b92011d,2023-04-08,Nice,PSG,0.0,2.0
FRA-Ligue 1,2223,4afdc8cb,2023-04-09,Ajaccio,Auxerre,0.0,3.0
FRA-Ligue 1,2223,ae59b2e1,2023-04-09,Lorient,Marseille,0.0,0.0
FRA-Ligue 1,2223,f258dab1,2023-04-09,Lyon,Rennes,3.0,1.0
FRA-Ligue 1,2223,444918ba,2023-04-09,Montpellier,Toulouse,1.0,2.0
FRA-Ligue 1,2223,ac1324cc,2023-04-09,Nantes,Monaco,2.0,2.0
FRA-Ligue 1,2223,4ee67cda,2023-04-09,Reims,Brest,1.0,1.0
FRA-Ligue 1,2223,ef3427f3,2023-04-09,Troyes,Clermont Foot,0.0,2.0
FRA-Ligue 1,2223,fbcb2095,2023-04-14,Toulouse,Lyon,1.0,2.0
FRA-Ligue 1,2223,268e5460,2023-04-15,PSG,Lens,3.0,1.0
FRA-Ligue 1,2223,46c859a1,2023-04-15,Rennes,Reims,3.0,0.0
FRA-Ligue 1,2223,35b40c4d,2023-04-16,Auxerre,Nantes,2.0,1.0
FRA-Ligue 1,2223,efe07084,2023-04-16,Brest,Nice,1.0,0.0
FRA-Ligue 1,2223,f254960b,2023-04-16,Clermont Foot,Angers,2.0,1.0
FRA-Ligue 1,2223,bb2cf3ad,2023-04-16,Lille,Montpellier,2.0,1.0
FRA-Ligue 1,2223,51ec8961,2023-04-16,Marseille,Troyes,3.0,1.0
FRA-Ligue 1,2223,fbddfac1,2023-04-16,Monaco,Lorient,3.0,1.0
FRA-Ligue 1,2223,c4b417d4,2023-04-16,Strasbourg,Ajaccio,3.0,1.0
FRA-Ligue 1,2223,e7e8dc1c,2023-04-21,Angers,PSG,1.0,2.0
FRA-Ligue 1,2223,3d446dbd,2023-04-22,Auxerre,Lille,1.0,1.0
FRA-Ligue 1,2223,0095e758,2023-04-22,Lens,Monaco,3.0,0.0
FRA-Ligue 1,2223,42abcfc9,2023-04-23,Ajaccio,Brest,0.0,0.0
FRA-Ligue 1,2223,b1552b3c,2023-04-23,Lorient,Toulouse,0.0,1.0
FRA-Ligue 1,2223,7408c40b,2023-04-23,Lyon,Marseille,1.0,2.0
FRA-Ligue 1,2223,f605cc42,2023-04-23,Montpellier,Rennes,1.0,0.0
FRA-Ligue 1,2223,1bc2b939,2023-04-23,Nantes,Troyes,2.0,2.0
FRA-Ligue 1,2223,270414fb,2023-04-23,Nice,Clermont Foot,1.0,2.0
FRA-Ligue 1,2223,bd272f62,2023-04-23,Reims,Strasbourg,0.0,2.0
FRA-Ligue 1,2223,7102beec,2023-04-28,Strasbourg,Lyon,1.0,2.0
FRA-Ligue 1,2223,1213d047,2023-04-29,Lille,Ajaccio,3.0,0.0
FRA-Ligue 1,2223,4cdd261a,2023-04-30,Clermont Foot,Reims,1.0,0.0
FRA-Ligue 1,2223,fbb41c2a,2023-04-30,Marseille,Auxerre,2.0,1.0
FRA-Ligue 1,2223,ae23a815,2023-04-30,Monaco,Montpellier,0.0,4.0
FRA-Ligue 1,2223,ca98474e,2023-04-30,PSG,Lorient,1.0,3.0
FRA-Ligue 1,2223,8a1bae48,2023-04-30,Rennes,Angers,4.0,2.0
FRA-Ligue 1,2223,26c78eaa,2023-04-30,Troyes,Nice,0.0,1.0
FRA-Ligue 1,2223,b5e2c075,2023-05-02,Toulouse,Lens,0.0,1.0
FRA-Ligue 1,2223,1063973e,2023-05-03,Brest,Nantes,2.0,0.0
FRA-Ligue 1,2223,4ef6a978,2023-05-06,Lens,Marseille,2.0,1.0
FRA-Ligue 1,2223,7892fd01,2023-05-06,Nice,Rennes,2.0,1.0
FRA-Ligue 1,2223,f281e140,2023-05-06,Reims,Lille,1.0,0.0
FRA-Ligue 1,2223,504a857a,2023-05-07,Ajaccio,Toulouse,0.0,0.0
FRA-Ligue 1,2223,353a0635,2023-05-07,Angers,Monaco,1.0,2.0
FRA-Ligue 1,2223,eca941ec,2023-05-07,Auxerre,Clermont Foot,1.0,1.0
FRA-Ligue 1,2223,676c3a0e,2023-05-07,Lorient,Brest,2.0,1.0
FRA-Ligue 1,2223,f3f1adae,2023-05-07,Lyon,Montpellier,5.0,4.0
FRA-Ligue 1,2223,8411b267,2023-05-07,Nantes,Strasbourg,0.0,2.0
FRA-Ligue 1,2223,f9e55cdf,2023-05-07,Troyes,PSG,1.0,3.0
FRA-Ligue 1,2223,7e1c8564,2023-05-12,Lens,Reims,2.0,1.0
FRA-Ligue 1,2223,fdd73200,2023-05-13,PSG,Ajaccio,5.0,0.0
FRA-Ligue 1,2223,c505aa59,2023-05-13,Strasbourg,Nice,2.0,0.0
FRA-Ligue 1,2223,7039d1ce,2023-05-14,Brest,Auxerre,1.0,0.0
FRA-Ligue 1,2223,a5b3557c,2023-05-14,Clermont Foot,Lyon,2.0,1.0
FRA-Ligue 1,2223,01b6ff4d,2023-05-14,Marseille,Angers,3.0,1.0
FRA-Ligue 1,2223,1609eed7,2023-05-14,Monaco,Lille,0.0,0.0
FRA-Ligue 1,2223,1df43c24,2023-05-14,Montpellier,Lorient,1.0,1.0
FRA-Ligue 1,2223,ed2523e7,2023-05-14,Rennes,Troyes,4.0,0.0
FRA-Ligue 1,2223,52ee44a2,2023-05-14,Toulouse,Nantes,0.0,0.0
FRA-Ligue 1,2223,364d3262,2023-05-19,Lyon,Monaco,3.0,1.0
FRA-Ligue 1,2223,a4506b32,2023-05-20,Lille,Marseille,2.0,1.0
FRA-Ligue 1,2223,1ed26dbe,2023-05-20,Nantes,Montpellier,0.0,3.0
FRA-Ligue 1,2223,3f140dc2,2023-05-21,Ajaccio,Rennes,0.0,5.0
FRA-Ligue 1,2223,bd6c4cac,2023-05-21,Auxerre,PSG,1.0,2.0
FRA-Ligue 1,2223,903f7001,2023-05-21,Brest,Clermont Foot,2.0,1.0
FRA-Ligue 1,2223,123cfb3a,2023-05-21,Lorient,Lens,1.0,3.0
FRA-Ligue 1,2223,9250f89a,2023-05-21,Nice,Toulouse,0.0,0.0
FRA-Ligue 1,2223,908507af,2023-05-21,Reims,Angers,2.0,2.0
FRA-Ligue 1,2223,bfbeee1e,2023-05-21,Troyes,Strasbourg,1.0,1.0
FRA-Ligue 1,2223,567eeb7c,2023-05-27,Angers,Troyes,2.0,1.0
FRA-Ligue 1,2223,970c061a,2023-05-27,Clermont Foot,Lorient,2.0,0.0
FRA-Ligue 1,2223,5eceb234,2023-05-27,Lens,Ajaccio,3.0,0.0
FRA-Ligue 1,2223,1b4970df,2023-05-27,Lille,Nantes,2.0,1.0
FRA-Ligue 1,2223,27815d03,2023-05-27,Lyon,Reims,3.0,0.0
FRA-Ligue 1,2223,f8507c38,2023-05-27,Marseille,Brest,1.0,2.0
FRA-Ligue 1,2223,7d2f2a67,2023-05-27,Montpellier,Nice,2.0,3.0
FRA-Ligue 1,2223,25f4ccfb,2023-05-27,Rennes,Monaco,2.0,0.0
FRA-Ligue 1,2223,b78590c5,2023-05-27,Strasbourg,PSG,1.0,1.0
FRA-Ligue 1,2223,e117776e,2023-05-27,Toulouse,Auxerre,1.0,1.0
FRA-Ligue 1,2223,2ca0b377,2023-06-03,Ajaccio,Marseille,1.0,0.0
FRA-Ligue 1,2223,a44cfa36,2023-06-03,Auxerre,Lens,1.0,3.0
FRA-Ligue 1,2223,e9d9bb82,2023-06-03,Brest,Rennes,1.0,2.0
FRA-Ligue 1,2223,a744a9bd,2023-06-03,Lorient,Strasbourg,2.0,1.0
FRA-Ligue 1,2223,206cb494,2023-06-03,Monaco,Toulouse,1.0,2.0
FRA-Ligue 1,2223,54a0b007,2023-06-03,Nantes,Angers,1.0,0.0
FRA-Ligue 1,2223,7cb0ddb9,2023-06-03,Nice,Lyon,3.0,1.0
FRA-Ligue 1,2223,1b47e9eb,2023-06-03,PSG,Clermont Foot,2.0,3.0
FRA-Ligue 1,2223,3dc2cde4,2023-06-03,Reims,Montpellier,1.0,3.0
FRA-Ligue 1,2223,a00583c3,2023-06-03,Troyes,Lille,1.0,1.0
FRA-Ligue 1,2324,ff59d311,2023-08-11,Nice,Lille,1.0,1.0
FRA-Ligue 1,2324,fdbcc9e3,2023-08-12,Marseille,Reims,2.0,1.0
FRA-Ligue 1,2324,2e85b460,2023-08-12,PSG,Lorient,0.0,0.0
FRA-Ligue 1,2324,6e29d5a3,2023-08-13,Brest,Lens,3.0,2.0
FRA-Ligue 1,2324,68752280,2023-08-13,Clermont Foot,Monaco,2.0,4.0
FRA-Ligue 1,2324,ca893ead,2023-08-13,Montpellier,Le Havre,2.0,2.0
FRA-Ligue 1,2324,1e12937d,2023-08-13,Nantes,Toulouse,1.0,2.0
FRA-Ligue 1,2324,e0073aaf,2023-08-13,Rennes,Metz,5.0,1.0
FRA-Ligue 1,2324,9f7c605e,2023-08-13,Strasbourg,Lyon,2.0,1.0
FRA-Ligue 1,2324,02c81085,2023-08-18,Metz,Marseille,2.0,2.0
FRA-Ligue 1,2324,39ad4054,2023-08-19,Lyon,Montpellier,1.0,4.0
FRA-Ligue 1,2324,fad8e14d,2023-08-19,Toulouse,PSG,1.0,1.0
FRA-Ligue 1,2324,680c6c1d,2023-08-20,Le Havre,Brest,1.0,2.0
FRA-Ligue 1,2324,283d8d62,2023-08-20,Lens,Rennes,1.0,1.0
FRA-Ligue 1,2324,31fe99c8,2023-08-20,Lille,Nantes,2.0,0.0
FRA-Ligue 1,2324,f6d67175,2023-08-20,Lorient,Nice,1.0,1.0
FRA-Ligue 1,2324,f06d0bce,2023-08-20,Monaco,Strasbourg,3.0,0.0
FRA-Ligue 1,2324,4b9f0040,2023-08-20,Reims,Clermont Foot,2.0,0.0
FRA-Ligue 1,2324,ea724bc0,2023-08-25,Nantes,Monaco,3.0,3.0
FRA-Ligue 1,2324,b9c29ee4,2023-08-26,Marseille,Brest,2.0,0.0
FRA-Ligue 1,2324,d3db871d,2023-08-26,PSG,Lens,3.0,1.0
FRA-Ligue 1,2324,344b05de,2023-08-27,Clermont Foot,Metz,0.0,1.0
FRA-Ligue 1,2324,eb2c366f,2023-08-27,Lorient,Lille,4.0,1.0
FRA-Ligue 1,2324,4d6e6c68,2023-08-27,Montpellier,Reims,1.0,3.0
FRA-Ligue 1,2324,067a73e7,2023-08-27,Nice,Lyon,0.0,0.0
FRA-Ligue 1,2324,505ba995,2023-08-27,Rennes,Le Havre,2.0,2.0
FRA-Ligue 1,2324,0b508695,2023-08-27,Strasbourg,Toulouse,2.0,0.0
FRA-Ligue 1,2324,6eca98c7,2023-09-01,Nantes,Marseille,1.0,1.0
FRA-Ligue 1,2324,38572486,2023-09-02,Brest,Rennes,0.0,0.0
FRA-Ligue 1,2324,7a2f8122,2023-09-02,Monaco,Lens,3.0,0.0
FRA-Ligue 1,2324,4519a333,2023-09-03,Le Havre,Lorient,3.0,0.0
FRA-Ligue 1,2324,26cacbb5,2023-09-03,Lille,Montpellier,1.0,0.0
FRA-Ligue 1,2324,cd3d8319,2023-09-03,Lyon,PSG,1.0,4.0
FRA-Ligue 1,2324,678bad42,2023-09-03,Metz,Reims,2.0,2.0
FRA-Ligue 1,2324,17e9722e,2023-09-03,Nice,Strasbourg,2.0,0.0
FRA-Ligue 1,2324,12bf8242,2023-09-03,Toulouse,Clermont Foot,2.0,2.0
FRA-Ligue 1,2324,f0478368,2023-09-15,PSG,Nice,2.0,3.0
FRA-Ligue 1,2324,40754c32,2023-09-16,Lens,Metz,0.0,1.0
FRA-Ligue 1,2324,d419c313,2023-09-16,Rennes,Lille,2.0,2.0
FRA-Ligue 1,2324,6a2c2932,2023-09-17,Clermont Foot,Nantes,0.0,1.0
FRA-Ligue 1,2324,2cbf9481,2023-09-17,Lorient,Monaco,2.0,2.0
FRA-Ligue 1,2324,18b82351,2023-09-17,Lyon,Le Havre,0.0,0.0
FRA-Ligue 1,2324,195b7636,2023-09-17,Marseille,Toulouse,0.0,0.0
FRA-Ligue 1,2324,f12c7a9a,2023-09-17,Reims,Brest,1.0,2.0
FRA-Ligue 1,2324,b04003c3,2023-09-17,Strasbourg,Montpellier,2.0,2.0
FRA-Ligue 1,2324,74e4b97c,2023-09-22,Monaco,Nice,0.0,1.0
FRA-Ligue 1,2324,7ae5c7ed,2023-09-23,Brest,Lyon,1.0,0.0
FRA-Ligue 1,2324,4f5c9313,2023-09-23,Nantes,Lorient,5.0,3.0
FRA-Ligue 1,2324,941106cf,2023-09-24,Le Havre,Clermont Foot,2.0,1.0
FRA-Ligue 1,2324,2e47fd82,2023-09-24,Lens,Toulouse,2.0,1.0
FRA-Ligue 1,2324,a5037d9e,2023-09-24,Metz,Strasbourg,0.0,1.0
FRA-Ligue 1,2324,fd6b554c,2023-09-24,Montpellier,Rennes,0.0,0.0
FRA-Ligue 1,2324,405fa974,2023-09-24,PSG,Marseille,4.0,0.0
FRA-Ligue 1,2324,b1ae9dc3,2023-09-26,Lille,Reims,1.0,2.0
FRA-Ligue 1,2324,0730708e,2023-09-29,Strasbourg,Lens,0.0,1.0
FRA-Ligue 1,2324,f443185b,2023-09-30,Clermont Foot,PSG,0.0,0.0
FRA-Ligue 1,2324,680c833b,2023-09-30,Monaco,Marseille,3.0,2.0
FRA-Ligue 1,2324,f2fb61f7,2023-10-01,Le Havre,Lille,0.0,2.0
FRA-Ligue 1,2324,fd60231d,2023-10-01,Lorient,Montpellier,0.0,3.0
FRA-Ligue 1,2324,49bbb3f4,2023-10-01,Nice,Brest,0.0,0.0
FRA-Ligue 1,2324,cfb7f6ea,2023-10-01,Reims,Lyon,2.0,0.0
FRA-Ligue 1,2324,94204a39,2023-10-01,Rennes,Nantes,3.0,1.0
FRA-Ligue 1,2324,9baac3cb,2023-10-01,Toulouse,Metz,3.0,0.0
FRA-Ligue 1,2324,ac3cd65a,2023-10-06,Strasbourg,Nantes,1.0,2.0
FRA-Ligue 1,2324,a77842d5,2023-10-07,Metz,Nice,0.0,1.0
FRA-Ligue 1,2324,8abe55a4,2023-10-07,Reims,Monaco,1.0,3.0
FRA-Ligue 1,2324,f41980c3,2023-10-08,Brest,Toulouse,1.0,1.0
FRA-Ligue 1,2324,b044385d,2023-10-08,Lens,Lille,1.0,1.0
FRA-Ligue 1,2324,43cc2649,2023-10-08,Lyon,Lorient,3.0,3.0
FRA-Ligue 1,2324,4df09039,2023-10-08,Marseille,Le Havre,3.0,0.0
FRA-Ligue 1,2324,484e237a,2023-10-08,Rennes,PSG,1.0,3.0
FRA-Ligue 1,2324,437ba0cb,2023-10-20,Le Havre,Lens,0.0,0.0
FRA-Ligue 1,2324,494deaba,2023-10-21,Nice,Marseille,1.0,0.0
FRA-Ligue 1,2324,28f09198,2023-10-21,PSG,Strasbourg,3.0,0.0
FRA-Ligue 1,2324,de708e26,2023-10-22,Lille,Brest,1.0,0.0
FRA-Ligue 1,2324,08e896d5,2023-10-22,Lorient,Rennes,2.0,1.0
FRA-Ligue 1,2324,847c54fa,2023-10-22,Lyon,Clermont Foot,1.0,2.0
FRA-Ligue 1,2324,b33c484a,2023-10-22,Monaco,Metz,2.0,1.0
FRA-Ligue 1,2324,398e7ed6,2023-10-22,Nantes,Montpellier,2.0,0.0
FRA-Ligue 1,2324,f0a8c67d,2023-10-22,Toulouse,Reims,1.0,1.0
FRA-Ligue 1,2324,1c297781,2023-10-27,Clermont Foot,Nice,0.0,1.0
FRA-Ligue 1,2324,271f272f,2023-10-28,Lens,Nantes,4.0,0.0
FRA-Ligue 1,2324,5c8bc6ef,2023-10-28,Reims,Lorient,1.0,0.0
FRA-Ligue 1,2324,3fc4e3ce,2023-10-29,Brest,PSG,2.0,3.0
FRA-Ligue 1,2324,e4ed3318,2023-10-29,Lille,Monaco,2.0,0.0
FRA-Ligue 1,2324,6d743853,2023-10-29,Metz,Le Havre,0.0,0.0
FRA-Ligue 1,2324,c7788081,2023-10-29,Montpellier,Toulouse,3.0,0.0
FRA-Ligue 1,2324,b35db4c8,2023-10-29,Rennes,Strasbourg,1.0,1.0
FRA-Ligue 1,2324,4f44d7fc,2023-11-03,PSG,Montpellier,3.0,0.0
FRA-Ligue 1,2324,001326cc,2023-11-04,Lorient,Lens,0.0,0.0
FRA-Ligue 1,2324,d8243ab9,2023-11-04,Marseille,Lille,0.0,0.0
FRA-Ligue 1,2324,eadb1375,2023-11-05,Lyon,Metz,1.0,1.0
FRA-Ligue 1,2324,ef59a003,2023-11-05,Monaco,Brest,2.0,0.0
FRA-Ligue 1,2324,96b3374a,2023-11-05,Nantes,Reims,0.0,1.0
FRA-Ligue 1,2324,fad89d7b,2023-11-05,Nice,Rennes,2.0,0.0
FRA-Ligue 1,2324,957c6924,2023-11-05,Strasbourg,Clermont Foot,0.0,0.0
FRA-Ligue 1,2324,f7d3c634,2023-11-05,Toulouse,Le Havre,1.0,2.0
FRA-Ligue 1,2324,5bdc7c32,2023-11-10,Montpellier,Nice,0.0,0.0
FRA-Ligue 1,2324,8bb49483,2023-11-11,Le Havre,Monaco,0.0,0.0
FRA-Ligue 1,2324,61d9e0d0,2023-11-11,Reims,PSG,0.0,3.0
FRA-Ligue 1,2324,e0aea3a9,2023-11-12,Clermont Foot,Lorient,1.0,0.0
FRA-Ligue 1,2324,fe8096da,2023-11-12,Lens,Marseille,1.0,0.0
FRA-Ligue 1,2324,f0f7d5b7,2023-11-12,Lille,Toulouse,1.0,1.0
FRA-Ligue 1,2324,594dba4e,2023-11-12,Metz,Nantes,3.0,1.0
FRA-Ligue 1,2324,16251ab0,2023-11-12,Rennes,Lyon,0.0,1.0
FRA-Ligue 1,2324,6f11a93d,2023-11-24,PSG,Monaco,5.0,2.0
FRA-Ligue 1,2324,4cf8ae40,2023-11-25,Clermont Foot,Lens,0.0,3.0
FRA-Ligue 1,2324,3d1a3c81,2023-11-25,Strasbourg,Marseille,1.0,1.0
FRA-Ligue 1,2324,685f0592,2023-11-26,Lorient,Metz,2.0,3.0
FRA-Ligue 1,2324,3835384c,2023-11-26,Lyon,Lille,0.0,2.0
FRA-Ligue 1,2324,e4cca984,2023-11-26,Montpellier,Brest,1.0,3.0
FRA-Ligue 1,2324,ec8cdc57,2023-11-26,Nantes,Le Havre,0.0,0.0
FRA-Ligue 1,2324,69ee1012,2023-11-26,Nice,Toulouse,1.0,0.0
FRA-Ligue 1,2324,068718ca,2023-11-26,Rennes,Reims,3.0,1.0
FRA-Ligue 1,2324,341877cf,2023-11-29,Montpellier,Clermont Foot,1.0,1.0
FRA-Ligue 1,2324,ad372452,2023-12-01,Reims,Strasbourg,2.0,1.0
FRA-Ligue 1,2324,66f5f256,2023-12-02,Lens,Lyon,3.0,2.0
FRA-Ligue 1,2324,b0ae3622,2023-12-02,Nantes,Nice,1.0,0.0
FRA-Ligue 1,2324,9f17a676,2023-12-03,Brest,Clermont Foot,3.0,0.0
FRA-Ligue 1,2324,b6e6fdfe,2023-12-03,Le Havre,PSG,0.0,2.0
FRA-Ligue 1,2324,1edcab1f,2023-12-03,Lille,Metz,2.0,0.0
FRA-Ligue 1,2324,caadf3f7,2023-12-03,Marseille,Rennes,2.0,0.0
FRA-Ligue 1,2324,0d5e1575,2023-12-03,Monaco,Montpellier,2.0,0.0
FRA-Ligue 1,2324,50bf0584,2023-12-03,Toulouse,Lorient,1.0,1.0
FRA-Ligue 1,2324,dfac144f,2023-12-06,Marseille,Lyon,3.0,0.0
FRA-Ligue 1,2324,52a1fcfd,2023-12-07,Brest,Strasbourg,1.0,1.0
FRA-Ligue 1,2324,ad238285,2023-12-08,Montpellier,Lens,0.0,0.0
FRA-Ligue 1,2324,2582af0c,2023-12-09,PSG,Nantes,2.0,1.0
FRA-Ligue 1,2324,fdd2c923,2023-12-09,Rennes,Monaco,1.0,2.0
FRA-Ligue 1,2324,b6281098,2023-12-10,Clermont Foot,Lille,0.0,0.0
FRA-Ligue 1,2324,5443d1b1,2023-12-10,Lorient,Marseille,2.0,4.0
FRA-Ligue 1,2324,015e7632,2023-12-10,Lyon,Toulouse,3.0,0.0
FRA-Ligue 1,2324,e1a3d53e,2023-12-10,Metz,Brest,0.0,1.0
FRA-Ligue 1,2324,22646ca5,2023-12-10,Nice,Reims,2.0,1.0
FRA-Ligue 1,2324,d15b44c5,2023-12-10,Strasbourg,Le Havre,2.0,1.0
FRA-Ligue 1,2324,f66124b8,2023-12-15,Monaco,Lyon,0.0,1.0
FRA-Ligue 1,2324,8fd0b0fe,2023-12-16,Le Havre,Nice,3.0,1.0
FRA-Ligue 1,2324,331c82fc,2023-12-16,Lens,Reims,2.0,0.0
FRA-Ligue 1,2324,204a77b5,2023-12-17,Lille,PSG,1.0,1.0
FRA-Ligue 1,2324,f3cfe34d,2023-12-17,Lorient,Strasbourg,1.0,2.0
FRA-Ligue 1,2324,a92291bc,2023-12-17,Marseille,Clermont Foot,2.0,1.0
FRA-Ligue 1,2324,eb4084eb,2023-12-17,Metz,Montpellier,0.0,1.0
FRA-Ligue 1,2324,17503b00,2023-12-17,Nantes,Brest,0.0,2.0
FRA-Ligue 1,2324,8197fd69,2023-12-17,Toulouse,Rennes,0.0,0.0
FRA-Ligue 1,2324,0f7c086f,2023-12-20,Brest,Lorient,4.0,0.0
FRA-Ligue 1,2324,16bc4ea4,2023-12-20,Clermont Foot,Rennes,1.0,3.0
FRA-Ligue 1,2324,1b327b86,2023-12-20,Lyon,Nantes,1.0,0.0
FRA-Ligue 1,2324,b8e581d1,2023-12-20,Montpellier,Marseille,1.0,1.0
FRA-Ligue 1,2324,267500aa,2023-12-20,Nice,Lens,2.0,0.0
FRA-Ligue 1,2324,fb56b3c2,2023-12-20,PSG,Metz,3.0,1.0
FRA-Ligue 1,2324,4e667758,2023-12-20,Reims,Le Havre,1.0,0.0
FRA-Ligue 1,2324,df32fbe8,2023-12-20,Strasbourg,Lille,2.0,1.0
FRA-Ligue 1,2324,81c83fe9,2023-12-20,Toulouse,Monaco,1.0,2.0
FRA-Ligue 1,2324,2a8b7749,2024-01-12,Marseille,Strasbourg,1.0,1.0
FRA-Ligue 1,2324,7f2cdeb6,2024-01-13,Monaco,Reims,1.0,3.0
FRA-Ligue 1,2324,6cc45497,2024-01-13,Rennes,Nice,2.0,0.0
FRA-Ligue 1,2324,82c3efb7,2024-01-14,Brest,Montpellier,2.0,0.0
FRA-Ligue 1,2324,a8be717d,2024-01-14,Le Havre,Lyon,3.0,1.0
FRA-Ligue 1,2324,0682fa55,2024-01-14,Lens,PSG,0.0,2.0
FRA-Ligue 1,2324,24f7d86b,2024-01-14,Lille,Lorient,3.0,0.0
FRA-Ligue 1,2324,926b0a14,2024-01-14,Metz,Toulouse,0.0,1.0
FRA-Ligue 1,2324,d2738fb8,2024-01-14,Nantes,Clermont Foot,1.0,2.0
FRA-Ligue 1,2324,952686b7,2024-01-26,Lyon,Rennes,2.0,3.0
FRA-Ligue 1,2324,039fae0f,2024-01-27,Marseille,Monaco,2.0,2.0
FRA-Ligue 1,2324,69267ef1,2024-01-27,Nice,Metz,1.0,0.0
FRA-Ligue 1,2324,21b6f226,2024-01-28,Clermont Foot,Strasbourg,1.0,1.0
FRA-Ligue 1,2324,9bdf343f,2024-01-28,Lorient,Le Havre,3.0,3.0
FRA-Ligue 1,2324,8308b478,2024-01-28,Montpellier,Lille,0.0,0.0
FRA-Ligue 1,2324,8e2d796d,2024-01-28,PSG,Brest,2.0,2.0
FRA-Ligue 1,2324,f3522f33,2024-01-28,Reims,Nantes,0.0,0.0
FRA-Ligue 1,2324,678c2976,2024-01-28,Toulouse,Lens,0.0,2.0
FRA-Ligue 1,2324,c0fbd8fa,2024-02-02,Strasbourg,PSG,1.0,2.0
FRA-Ligue 1,2324,f7e99caf,2024-02-03,Nantes,Lens,0.0,1.0
FRA-Ligue 1,2324,f3ce3488,2024-02-03,Rennes,Montpellier,2.0,1.0
FRA-Ligue 1,2324,19dfaa21,2024-02-04,Brest,Nice,0.0,0.0
FRA-Ligue 1,2324,90c40e1c,2024-02-04,Lille,Clermont Foot,4.0,0.0
FRA-Ligue 1,2324,2e98ccf9,2024-02-04,Lyon,Marseille,1.0,0.0
FRA-Ligue 1,2324,2e802ba3,2024-02-04,Metz,Lorient,1.0,2.0
FRA-Ligue 1,2324,6b4f65e7,2024-02-04,Monaco,Le Havre,1.0,1.0
FRA-Ligue 1,2324,25718ab1,2024-02-04,Reims,Toulouse,2.0,3.0
FRA-Ligue 1,2324,70c7d433,2024-02-09,Marseille,Metz,1.0,1.0
FRA-Ligue 1,2324,9635699e,2024-02-10,Lens,Strasbourg,3.0,1.0
FRA-Ligue 1,2324,fb49d66d,2024-02-10,PSG,Lille,3.0,1.0
FRA-Ligue 1,2324,33d0b78a,2024-02-11,Clermont Foot,Brest,1.0,1.0
FRA-Ligue 1,2324,4472d29d,2024-02-11,Le Havre,Rennes,0.0,1.0
FRA-Ligue 1,2324,99f9cba1,2024-02-11,Lorient,Reims,2.0,0.0
FRA-Ligue 1,2324,014cd5b7,2024-02-11,Montpellier,Lyon,1.0,2.0
FRA-Ligue 1,2324,a2cab916,2024-02-11,Nice,Monaco,2.0,3.0
FRA-Ligue 1,2324,e6caf939,2024-02-11,Toulouse,Nantes,1.0,2.0
FRA-Ligue 1,2324,205468df,2024-02-16,Lyon,Nice,1.0,0.0
FRA-Ligue 1,2324,9e482487,2024-02-17,Lille,Le Havre,3.0,0.0
FRA-Ligue 1,2324,56629c17,2024-02-17,Nantes,PSG,0.0,2.0
FRA-Ligue 1,2324,56d7c531,2024-02-18,Brest,Marseille,1.0,0.0
FRA-Ligue 1,2324,57c599f6,2024-02-18,Monaco,Toulouse,1.0,2.0
FRA-Ligue 1,2324,4e939d4c,2024-02-18,Montpellier,Metz,3.0,0.0
FRA-Ligue 1,2324,825ef1ef,2024-02-18,Reims,Lens,1.0,1.0
FRA-Ligue 1,2324,93f25522,2024-02-18,Rennes,Clermont Foot,3.0,1.0
FRA-Ligue 1,2324,ec531c24,2024-02-18,Strasbourg,Lorient,1.0,3.0
FRA-Ligue 1,2324,f2778def,2024-02-23,Metz,Lyon,1.0,2.0
FRA-Ligue 1,2324,53742b6f,2024-02-24,Lorient,Nantes,0.0,1.0
FRA-Ligue 1,2324,9c2847ab,2024-02-24,Strasbourg,Brest,0.0,3.0
FRA-Ligue 1,2324,f2b72da5,2024-02-25,Le Havre,Reims,1.0,2.0
FRA-Ligue 1,2324,7b54b025,2024-02-25,Lens,Monaco,2.0,3.0
FRA-Ligue 1,2324,7b5136c2,2024-02-25,Marseille,Montpellier,4.0,1.0
FRA-Ligue 1,2324,d4ce6789,2024-02-25,Nice,Clermont Foot,0.0,0.0
FRA-Ligue 1,2324,6b8934e3,2024-02-25,PSG,Rennes,1.0,1.0
FRA-Ligue 1,2324,a07309bd,2024-02-25,Toulouse,Lille,3.0,1.0
FRA-Ligue 1,2324,4be6a76c,2024-03-01,Monaco,PSG,0.0,0.0
FRA-Ligue 1,2324,c2c8e29e,2024-03-02,Clermont Foot,Marseille,1.0,5.0
FRA-Ligue 1,2324,92da3973,2024-03-02,Reims,Lille,0.0,1.0
FRA-Ligue 1,2324,51912b7d,2024-03-03,Brest,Le Havre,1.0,0.0
FRA-Ligue 1,2324,736f94f0,2024-03-03,Lyon,Lens,0.0,3.0
FRA-Ligue 1,2324,e020afbf,2024-03-03,Montpellier,Strasbourg,2.0,2.0
FRA-Ligue 1,2324,9cd454f2,2024-03-03,Nantes,Metz,0.0,2.0
FRA-Ligue 1,2324,a3ae2f49,2024-03-03,Rennes,Lorient,1.0,2.0
FRA-Ligue 1,2324,2269add3,2024-03-03,Toulouse,Nice,2.0,1.0
FRA-Ligue 1,2324,d631a829,2024-03-08,Nice,Montpellier,1.0,2.0
FRA-Ligue 1,2324,54c25242,2024-03-09,Lens,Brest,1.0,0.0
FRA-Ligue 1,2324,5ea578e0,2024-03-09,Lorient,Lyon,0.0,2.0
FRA-Ligue 1,2324,3957eebd,2024-03-10,Le Havre,Toulouse,1.0,0.0
FRA-Ligue 1,2324,67041fa5,2024-03-10,Lille,Rennes,2.0,2.0
FRA-Ligue 1,2324,b696acad,2024-03-10,Marseille,Nantes,2.0,0.0
FRA-Ligue 1,2324,f7db6990,2024-03-10,Metz,Clermont Foot,1.0,0.0
FRA-Ligue 1,2324,d1422003,2024-03-10,PSG,Reims,2.0,2.0
FRA-Ligue 1,2324,9a8c884c,2024-03-10,Strasbourg,Monaco,0.0,1.0
FRA-Ligue 1,2324,863ee181,2024-03-15,Toulouse,Lyon,2.0,3.0
FRA-Ligue 1,2324,7b5edccd,2024-03-16,Lens,Nice,1.0,3.0
FRA-Ligue 1,2324,9e18cf79,2024-03-16,Nantes,Strasbourg,1.0,3.0
FRA-Ligue 1,2324,cdf13a58,2024-03-17,Brest,Lille,1.0,1.0
FRA-Ligue 1,2324,f7f8d2b1,2024-03-17,Clermont Foot,Le Havre,2.0,1.0
FRA-Ligue 1,2324,5494c9d6,2024-03-17,Monaco,Lorient,2.0,2.0
FRA-Ligue 1,2324,f850eea5,2024-03-17,Montpellier,PSG,2.0,6.0
FRA-Ligue 1,2324,d840de58,2024-03-17,Reims,Metz,2.0,1.0
FRA-Ligue 1,2324,8cc36332,2024-03-17,Rennes,Marseille,2.0,0.0
FRA-Ligue 1,2324,1488d812,2024-03-29,Lille,Lens,2.0,1.0
FRA-Ligue 1,2324,6b21872e,2024-03-30,Lyon,Reims,1.0,1.0
FRA-Ligue 1,2324,ec35ab5c,2024-03-30,Metz,Monaco,2.0,5.0
FRA-Ligue 1,2324,bfe740ac,2024-03-31,Clermont Foot,Toulouse,0.0,3.0
FRA-Ligue 1,2324,84ed0867,2024-03-31,Le Havre,Montpellier,0.0,2.0
FRA-Ligue 1,2324,605ef273,2024-03-31,Lorient,Brest,0.0,1.0
FRA-Ligue 1,2324,4b3924f8,2024-03-31,Marseille,PSG,0.0,2.0
FRA-Ligue 1,2324,d3388c96,2024-03-31,Nice,Nantes,1.0,2.0
FRA-Ligue 1,2324,789f3720,2024-03-31,Strasbourg,Rennes,2.0,0.0
FRA-Ligue 1,2324,b0aa88a4,2024-04-05,Lille,Marseille,3.0,1.0
FRA-Ligue 1,2324,a4636c9d,2024-04-06,Lens,Le Havre,1.0,1.0
FRA-Ligue 1,2324,a0e24fef,2024-04-06,PSG,Clermont Foot,1.0,1.0
FRA-Ligue 1,2324,f6f76317,2024-04-07,Brest,Metz,4.0,3.0
FRA-Ligue 1,2324,c0e30df7,2024-04-07,Monaco,Rennes,1.0,0.0
FRA-Ligue 1,2324,95bdd121,2024-04-07,Montpellier,Lorient,2.0,0.0
FRA-Ligue 1,2324,7457568d,2024-04-07,Nantes,Lyon,1.0,3.0
FRA-Ligue 1,2324,4c072743,2024-04-07,Reims,Nice,0.0,0.0
FRA-Ligue 1,2324,919e3eb7,2024-04-07,Toulouse,Strasbourg,0.0,0.0
FRA-Ligue 1,2324,eac47cb2,2024-04-12,Metz,Lens,2.0,1.0
FRA-Ligue 1,2324,6eba535c,2024-04-13,Rennes,Toulouse,1.0,2.0
FRA-Ligue 1,2324,7b92b3c7,2024-04-13,Strasbourg,Reims,3.0,1.0
FRA-Ligue 1,2324,9b9d6335,2024-04-14,Clermont Foot,Montpellier,1.0,1.0
FRA-Ligue 1,2324,2e9cdf18,2024-04-14,Le Havre,Nantes,0.0,1.0
FRA-Ligue 1,2324,c832a039,2024-04-14,Lyon,Brest,4.0,3.0
FRA-Ligue 1,2324,05fcaf04,2024-04-19,Nice,Lorient,3.0,0.0
FRA-Ligue 1,2324,811884b5,2024-04-20,Lens,Clermont Foot,1.0,0.0
FRA-Ligue 1,2324,69006962,2024-04-20,Nantes,Rennes,0.0,3.0
FRA-Ligue 1,2324,8f8b95f8,2024-04-21,Brest,Monaco,0.0,2.0
FRA-Ligue 1,2324,488e12d3,2024-04-21,Le Havre,Metz,0.0,1.0
FRA-Ligue 1,2324,9511f4ab,2024-04-21,Lille,Strasbourg,1.0,0.0
FRA-Ligue 1,2324,33d8918a,2024-04-21,PSG,Lyon,4.0,1.0
FRA-Ligue 1,2324,ec3fcd38,2024-04-21,Reims,Montpellier,1.0,2.0
FRA-Ligue 1,2324,05f7968b,2024-04-21,Toulouse,Marseille,2.0,2.0
FRA-Ligue 1,2324,12fd3a4c,2024-04-24,Lorient,PSG,1.0,4.0
FRA-Ligue 1,2324,0727529c,2024-04-24,Marseille,Nice,2.0,2.0
FRA-Ligue 1,2324,88182e5f,2024-04-24,Monaco,Lille,1.0,0.0
FRA-Ligue 1,2324,b0c1736a,2024-04-26,Montpellier,Nantes,1.0,1.0
FRA-Ligue 1,2324,c28df007,2024-04-27,PSG,Le Havre,3.0,3.0
FRA-Ligue 1,2324,b85a0106,2024-04-28,Clermont Foot,Reims,4.0,1.0
FRA-Ligue 1,2324,666bdb51,2024-04-28,Lorient,Toulouse,1.0,2.0
FRA-Ligue 1,2324,16e39992,2024-04-28,Lyon,Monaco,3.0,2.0
FRA-Ligue 1,2324,13780c18,2024-04-28,Marseille,Lens,2.0,1.0
FRA-Ligue 1,2324,316c5fa3,2024-04-28,Metz,Lille,1.0,2.0
FRA-Ligue 1,2324,1865787f,2024-04-28,Rennes,Brest,4.0,5.0
FRA-Ligue 1,2324,a7951b3a,2024-04-28,Strasbourg,Nice,1.0,3.0
FRA-Ligue 1,2324,e7684537,2024-05-03,Lens,Lorient,2.0,0.0
FRA-Ligue 1,2324,33eeaf12,2024-05-03,Toulouse,Montpellier,1.0,2.0
FRA-Ligue 1,2324,8e6a7aaa,2024-05-04,Brest,Nantes,0.0,0.0
FRA-Ligue 1,2324,024a71c6,2024-05-04,Le Havre,Strasbourg,3.0,1.0
FRA-Ligue 1,2324,a299adab,2024-05-04,Metz,Rennes,2.0,3.0
FRA-Ligue 1,2324,a7f56ab4,2024-05-04,Monaco,Clermont Foot,4.0,1.0
FRA-Ligue 1,2324,9a72e466,2024-05-06,Lille,Lyon,3.0,4.0
FRA-Ligue 1,2324,87d4c432,2024-05-10,Brest,Reims,1.0,1.0
FRA-Ligue 1,2324,73e73f70,2024-05-10,Nice,Le Havre,1.0,0.0
FRA-Ligue 1,2324,e6afe6a2,2024-05-12,Clermont Foot,Lyon,0.0,1.0
FRA-Ligue 1,2324,acbbdff5,2024-05-12,Marseille,Lorient,3.0,1.0
FRA-Ligue 1,2324,9f62b1ef,2024-05-12,Montpellier,Monaco,0.0,2.0
FRA-Ligue 1,2324,8f8532aa,2024-05-12,Nantes,Lille,1.0,2.0
FRA-Ligue 1,2324,e8fcc39b,2024-05-12,PSG,Toulouse,1.0,3.0
FRA-Ligue 1,2324,c55b179e,2024-05-12,Rennes,Lens,1.0,1.0
FRA-Ligue 1,2324,2301c78f,2024-05-12,Strasbourg,Metz,2.0,1.0
FRA-Ligue 1,2324,25e694fc,2024-05-15,Nice,PSG,1.0,2.0
FRA-Ligue 1,2324,5a6454f2,2024-05-15,Reims,Marseille,1.0,0.0
FRA-Ligue 1,2324,3fa1da40,2024-05-19,Le Havre,Marseille,1.0,2.0
FRA-Ligue 1,2324,ac107595,2024-05-19,Lens,Montpellier,2.0,2.0
FRA-Ligue 1,2324,df360311,2024-05-19,Lille,Nice,2.0,2.0
FRA-Ligue 1,2324,aed44d7a,2024-05-19,Lorient,Clermont Foot,5.0,0.0
FRA-Ligue 1,2324,9576a537,2024-05-19,Lyon,Strasbourg,2.0,1.0
FRA-Ligue 1,2324,8dac35ed,2024-05-19,Metz,PSG,0.0,2.0
FRA-Ligue 1,2324,ba001914,2024-05-19,Monaco,Nantes,4.0,0.0
FRA-Ligue 1,2324,94b311ad,2024-05-19,Reims,Rennes,2.0,1.0
FRA-Ligue 1,2324,0c59eeac,2024-05-19,Toulouse,Brest,0.0,3.0
FRA-Ligue 1,2324,febd4e01,2024-05-30,Saint-Étienne,Metz,2.0,1.0
FRA-Ligue 1,2324,7f01f697,2024-06-02,Metz,Saint-Étienne,2.0,2.0
FRA-Ligue 1,2425,a6b98e33,2024-08-16,Le Havre,PSG,1.0,4.0
FRA-Ligue 1,2425,35c1995a,2024-08-17,Brest,Marseille,1.0,5.0
FRA-Ligue 1,2425,f84bb85e,2024-08-17,Monaco,Saint-Étienne,1.0,0.0
FRA-Ligue 1,2425,06aa495e,2024-08-17,Reims,Lille,0.0,2.0
FRA-Ligue 1,2425,cabadc94,2024-08-18,Angers,Lens,0.0,1.0
FRA-Ligue 1,2425,18a24a50,2024-08-18,Auxerre,Nice,2.0,1.0
FRA-Ligue 1,2425,652abd24,2024-08-18,Montpellier,Strasbourg,1.0,1.0
FRA-Ligue 1,2425,bc46a367,2024-08-18,Rennes,Lyon,3.0,0.0
FRA-Ligue 1,2425,67b3b54c,2024-08-18,Toulouse,Nantes,0.0,0.0
FRA-Ligue 1,2425,910be353,2024-08-23,PSG,Montpellier,6.0,0.0
FRA-Ligue 1,2425,70fdbb5a,2024-08-24,Lille,Angers,2.0,0.0
FRA-Ligue 1,2425,1041ac42,2024-08-24,Lyon,Monaco,0.0,2.0
FRA-Ligue 1,2425,fd677aba,2024-08-24,Saint-Étienne,Le Havre,0.0,2.0
FRA-Ligue 1,2425,7fe11a31,2024-08-25,Lens,Brest,2.0,0.0
FRA-Ligue 1,2425,3a93bc8b,2024-08-25,Marseille,Reims,2.0,2.0
FRA-Ligue 1,2425,57fe0d50,2024-08-25,Nantes,Auxerre,2.0,0.0
FRA-Ligue 1,2425,33b61302,2024-08-25,Nice,Toulouse,1.0,1.0
FRA-Ligue 1,2425,efa54e4b,2024-08-25,Strasbourg,Rennes,3.0,1.0
FRA-Ligue 1,2425,2c5ec7aa,2024-08-30,Lyon,Strasbourg,4.0,3.0
FRA-Ligue 1,2425,82c19aa6,2024-08-31,Brest,Saint-Étienne,4.0,0.0
FRA-Ligue 1,2425,5b8c614c,2024-08-31,Montpellier,Nantes,1.0,3.0
FRA-Ligue 1,2425,ebbcbe63,2024-08-31,Toulouse,Marseille,1.0,3.0
FRA-Ligue 1,2425,97e962bb,2024-09-01,Angers,Nice,1.0,4.0
FRA-Ligue 1,2425,3bc2668a,2024-09-01,Le Havre,Auxerre,3.0,1.0
FRA-Ligue 1,2425,49234140,2024-09-01,Lille,PSG,1.0,3.0
FRA-Ligue 1,2425,a93b08ff,2024-09-01,Monaco,Lens,1.0,1.0
FRA-Ligue 1,2425,4abb133c,2024-09-01,Reims,Rennes,2.0,1.0
FRA-Ligue 1,2425,47e23fb5,2024-09-13,Saint-Étienne,Lille,1.0,0.0
FRA-Ligue 1,2425,b4fb60b5,2024-09-14,Auxerre,Monaco,0.0,3.0
FRA-Ligue 1,2425,2034c29c,2024-09-14,Marseille,Nice,2.0,0.0
FRA-Ligue 1,2425,f22a7db0,2024-09-14,PSG,Brest,3.0,1.0
FRA-Ligue 1,2425,6f7e5cde,2024-09-15,Lens,Lyon,0.0,0.0
FRA-Ligue 1,2425,1411fc56,2024-09-15,Nantes,Reims,1.0,2.0
FRA-Ligue 1,2425,984e7243,2024-09-15,Rennes,Montpellier,3.0,0.0
FRA-Ligue 1,2425,06ecf73c,2024-09-15,Strasbourg,Angers,1.0,1.0
FRA-Ligue 1,2425,f4982a54,2024-09-15,Toulouse,Le Havre,2.0,0.0
FRA-Ligue 1,2425,85495c0d,2024-09-20,Nice,Saint-Étienne,8.0,0.0
FRA-Ligue 1,2425,2bff6ebd,2024-09-21,Lille,Strasbourg,3.0,3.0
FRA-Ligue 1,2425,7274e9a5,2024-09-21,Reims,PSG,1.0,1.0
FRA-Ligue 1,2425,73dc5828,2024-09-21,Rennes,Lens,1.0,1.0
FRA-Ligue 1,2425,601ddfc9,2024-09-22,Angers,Nantes,1.0,1.0
FRA-Ligue 1,2425,7cbba12e,2024-09-22,Brest,Toulouse,2.0,0.0
FRA-Ligue 1,2425,35b20e2f,2024-09-22,Lyon,Marseille,2.0,3.0
FRA-Ligue 1,2425,017d7a9d,2024-09-22,Monaco,Le Havre,3.0,1.0
FRA-Ligue 1,2425,ac95cb33,2024-09-22,Montpellier,Auxerre,3.0,2.0
FRA-Ligue 1,2425,8c59509d,2024-09-27,Auxerre,Brest,3.0,0.0
FRA-Ligue 1,2425,ab0643c6,2024-09-27,PSG,Rennes,3.0,1.0
FRA-Ligue 1,2425,e08ccde6,2024-09-28,Le Havre,Lille,0.0,3.0
FRA-Ligue 1,2425,340afccd,2024-09-28,Lens,Nice,0.0,0.0
FRA-Ligue 1,2425,54ce742c,2024-09-28,Monaco,Montpellier,2.0,1.0
FRA-Ligue 1,2425,1ea5cb30,2024-09-29,Angers,Reims,1.0,3.0
FRA-Ligue 1,2425,38a94d90,2024-09-29,Nantes,Saint-Étienne,2.0,2.0
FRA-Ligue 1,2425,ebcd9980,2024-09-29,Strasbourg,Marseille,1.0,0.0
FRA-Ligue 1,2425,a7954dea,2024-09-29,Toulouse,Lyon,1.0,2.0
FRA-Ligue 1,2425,c2dcc859,2024-10-04,Marseille,Angers,1.0,1.0
FRA-Ligue 1,2425,8d700c3d,2024-10-05,Lille,Toulouse,2.0,1.0
FRA-Ligue 1,2425,f7072ea6,2024-10-05,Rennes,Monaco,1.0,2.0
FRA-Ligue 1,2425,752978b2,2024-10-05,Saint-Étienne,Auxerre,3.0,1.0
FRA-Ligue 1,2425,efe178e7,2024-10-06,Brest,Le Havre,2.0,0.0
FRA-Ligue 1,2425,1cefcdb4,2024-10-06,Lyon,Nantes,2.0,0.0
FRA-Ligue 1,2425,474dd950,2024-10-06,Nice,PSG,1.0,1.0
FRA-Ligue 1,2425,843fb71f,2024-10-06,Reims,Montpellier,4.0,2.0
FRA-Ligue 1,2425,219332d8,2024-10-06,Strasbourg,Lens,2.0,2.0
FRA-Ligue 1,2425,18476c11,2024-10-18,Monaco,Lille,0.0,0.0
FRA-Ligue 1,2425,e2a10c83,2024-10-19,Brest,Rennes,1.0,1.0
FRA-Ligue 1,2425,80a16e3b,2024-10-19,PSG,Strasbourg,4.0,2.0
FRA-Ligue 1,2425,0782c73c,2024-10-19,Saint-Étienne,Lens,0.0,2.0
FRA-Ligue 1,2425,5f02a541,2024-10-20,Auxerre,Reims,2.0,1.0
FRA-Ligue 1,2425,b12f8ecd,2024-10-20,Le Havre,Lyon,0.0,4.0
FRA-Ligue 1,2425,0f332030,2024-10-20,Montpellier,Marseille,0.0,5.0
FRA-Ligue 1,2425,706313e8,2024-10-20,Nantes,Nice,1.0,1.0
FRA-Ligue 1,2425,92f559ad,2024-10-20,Toulouse,Angers,1.0,1.0
FRA-Ligue 1,2425,603efa49,2024-10-25,Rennes,Le Havre,1.0,0.0
FRA-Ligue 1,2425,61752f42,2024-10-26,Angers,Saint-Étienne,4.0,2.0
FRA-Ligue 1,2425,ac39189f,2024-10-26,Lens,Lille,0.0,2.0
FRA-Ligue 1,2425,6e7b242b,2024-10-26,Reims,Brest,1.0,2.0
FRA-Ligue 1,2425,bd02e3b4,2024-10-27,Lyon,Auxerre,2.0,2.0
FRA-Ligue 1,2425,c29b0d3a,2024-10-27,Marseille,PSG,0.0,3.0
FRA-Ligue 1,2425,49e6789d,2024-10-27,Montpellier,Toulouse,0.0,3.0
FRA-Ligue 1,2425,4cbaa8c3,2024-10-27,Nice,Monaco,2.0,1.0
FRA-Ligue 1,2425,98168e71,2024-10-27,Strasbourg,Nantes,3.0,1.0
FRA-Ligue 1,2425,d592199c,2024-11-01,Lille,Lyon,1.0,1.0
FRA-Ligue 1,2425,3e5f7440,2024-11-01,Monaco,Angers,0.0,1.0
FRA-Ligue 1,2425,0fab1c2f,2024-11-02,Brest,Nice,0.0,1.0
FRA-Ligue 1,2425,51cd344b,2024-11-02,PSG,Lens,1.0,0.0
FRA-Ligue 1,2425,535bbc15,2024-11-02,Saint-Étienne,Strasbourg,2.0,0.0
FRA-Ligue 1,2425,acc30562,2024-11-03,Auxerre,Rennes,4.0,0.0
FRA-Ligue 1,2425,a537aa6e,2024-11-03,Le Havre,Montpellier,1.0,0.0
FRA-Ligue 1,2425,53893177,2024-11-03,Nantes,Marseille,1.0,2.0
FRA-Ligue 1,2425,f0237d4b,2024-11-03,Toulouse,Reims,1.0,0.0
FRA-Ligue 1,2425,4ab63460,2024-11-08,Marseille,Auxerre,1.0,3.0
FRA-Ligue 1,2425,ddf738c4,2024-11-09,Angers,PSG,2.0,4.0
FRA-Ligue 1,2425,172c33b7,2024-11-09,Lens,Nantes,3.0,2.0
FRA-Ligue 1,2425,cd41b272,2024-11-09,Strasbourg,Monaco,1.0,3.0
FRA-Ligue 1,2425,63390fe7,2024-11-10,Le Havre,Reims,0.0,3.0
FRA-Ligue 1,2425,e552596a,2024-11-10,Lyon,Saint-Étienne,1.0,0.0
FRA-Ligue 1,2425,8ab9a941,2024-11-10,Montpellier,Brest,3.0,1.0
FRA-Ligue 1,2425,e213d881,2024-11-10,Nice,Lille,2.0,2.0
FRA-Ligue 1,2425,a7965d75,2024-11-10,Rennes,Toulouse,0.0,2.0
FRA-Ligue 1,2425,48a28747,2024-11-22,Monaco,Brest,3.0,2.0
FRA-Ligue 1,2425,740dd871,2024-11-22,PSG,Toulouse,3.0,0.0
FRA-Ligue 1,2425,01446885,2024-11-23,Lens,Marseille,1.0,3.0
FRA-Ligue 1,2425,4da20576,2024-11-23,Reims,Lyon,1.0,1.0
FRA-Ligue 1,2425,90c0c091,2024-11-23,Saint-Étienne,Montpellier,1.0,0.0
FRA-Ligue 1,2425,b1dbd309,2024-11-24,Auxerre,Angers,1.0,0.0
FRA-Ligue 1,2425,240126d9,2024-11-24,Lille,Rennes,1.0,0.0
FRA-Ligue 1,2425,a27a021f,2024-11-24,Nantes,Le Havre,0.0,2.0
FRA-Ligue 1,2425,5bfe68c5,2024-11-24,Nice,Strasbourg,2.0,1.0
FRA-Ligue 1,2425,a4c0898c,2024-11-29,Reims,Lens,0.0,2.0
FRA-Ligue 1,2425,197cb3bb,2024-11-30,Brest,Strasbourg,3.0,1.0
FRA-Ligue 1,2425,b898e0fa,2024-11-30,PSG,Nantes,1.0,1.0
FRA-Ligue 1,2425,546b6937,2024-11-30,Rennes,Saint-Étienne,5.0,0.0
FRA-Ligue 1,2425,b9d2f3b2,2024-12-01,Le Havre,Angers,0.0,1.0
FRA-Ligue 1,2425,44194749,2024-12-01,Lyon,Nice,4.0,1.0
FRA-Ligue 1,2425,e90d4817,2024-12-01,Marseille,Monaco,2.0,1.0
FRA-Ligue 1,2425,76b0b7f1,2024-12-01,Montpellier,Lille,2.0,2.0
FRA-Ligue 1,2425,f81de4c6,2024-12-01,Toulouse,Auxerre,2.0,0.0
FRA-Ligue 1,2425,9139adc8,2024-12-06,Auxerre,PSG,0.0,0.0
FRA-Ligue 1,2425,5b3adec0,2024-12-06,Lille,Brest,3.0,1.0
FRA-Ligue 1,2425,8f5cb172,2024-12-07,Angers,Lyon,0.0,3.0
FRA-Ligue 1,2425,63873373,2024-12-07,Monaco,Toulouse,2.0,0.0
FRA-Ligue 1,2425,3a9f8a55,2024-12-07,Nice,Le Havre,2.0,1.0
FRA-Ligue 1,2425,bb9a5ad3,2024-12-08,Lens,Montpellier,2.0,0.0
FRA-Ligue 1,2425,f45bb195,2024-12-08,Nantes,Rennes,1.0,0.0
FRA-Ligue 1,2425,e865637d,2024-12-08,Saint-Étienne,Marseille,0.0,2.0
FRA-Ligue 1,2425,74299224,2024-12-08,Strasbourg,Reims,0.0,0.0
FRA-Ligue 1,2425,737388fc,2024-12-13,Toulouse,Saint-Étienne,2.0,1.0
FRA-Ligue 1,2425,fb7a9227,2024-12-14,Auxerre,Lens,2.0,2.0
FRA-Ligue 1,2425,5cab6dd9,2024-12-14,Marseille,Lille,1.0,1.0
FRA-Ligue 1,2425,f422e8b0,2024-12-14,Reims,Monaco,0.0,0.0
FRA-Ligue 1,2425,59e6278a,2024-12-15,Brest,Nantes,4.0,1.0
FRA-Ligue 1,2425,e1e508ce,2024-12-15,Le Havre,Strasbourg,0.0,3.0
FRA-Ligue 1,2425,479d06f8,2024-12-15,Montpellier,Nice,2.0,2.0
FRA-Ligue 1,2425,90a6f4dd,2024-12-15,PSG,Lyon,3.0,1.0
FRA-Ligue 1,2425,fae57b16,2024-12-15,Rennes,Angers,2.0,0.0
FRA-Ligue 1,2425,b7d32870,2024-12-18,Monaco,PSG,2.0,4.0
FRA-Ligue 1,2425,00eeccd9,2025-01-03,Nice,Rennes,3.0,2.0
FRA-Ligue 1,2425,185f0c34,2025-01-04,Lille,Nantes,1.0,1.0
FRA-Ligue 1,2425,6c34a34e,2025-01-04,Lyon,Montpellier,1.0,0.0
FRA-Ligue 1,2425,09e72954,2025-01-04,Saint-Étienne,Reims,3.0,1.0
FRA-Ligue 1,2425,be2eba6e,2025-01-05,Angers,Brest,2.0,0.0
FRA-Ligue 1,2425,1f09a51a,2025-01-05,Lens,Toulouse,0.0,1.0
FRA-Ligue 1,2425,312fef53,2025-01-05,Marseille,Le Havre,5.0,1.0
FRA-Ligue 1,2425,d37a723b,2025-01-05,Strasbourg,Auxerre,3.0,1.0
FRA-Ligue 1,2425,0c8ab7d6,2025-01-10,Auxerre,Lille,0.0,0.0
FRA-Ligue 1,2425,d6c61854,2025-01-10,Nantes,Monaco,2.0,2.0
FRA-Ligue 1,2425,561e5c4a,2025-01-11,Brest,Lyon,2.0,1.0
FRA-Ligue 1,2425,cdcb7386,2025-01-11,Reims,Nice,2.0,4.0
FRA-Ligue 1,2425,e23cca77,2025-01-11,Rennes,Marseille,1.0,2.0
FRA-Ligue 1,2425,63d7285c,2025-01-12,Le Havre,Lens,1.0,2.0
FRA-Ligue 1,2425,1184c4fd,2025-01-12,Montpellier,Angers,1.0,3.0
FRA-Ligue 1,2425,8d5ca778,2025-01-12,PSG,Saint-Étienne,2.0,1.0
FRA-Ligue 1,2425,eb79cf67,2025-01-12,Toulouse,Strasbourg,1.0,2.0
FRA-Ligue 1,2425,41d92573,2025-01-17,Lille,Nice,2.0,1.0
FRA-Ligue 1,2425,f1e8ac0f,2025-01-17,Montpellier,Monaco,2.0,1.0
FRA-Ligue 1,2425,f1e63652,2025-01-18,Lens,PSG,1.0,2.0
FRA-Ligue 1,2425,58a863f5,2025-01-18,Lyon,Toulouse,0.0,0.0
FRA-Ligue 1,2425,39a945d8,2025-01-18,Rennes,Brest,1.0,2.0
FRA-Ligue 1,2425,7419fbdf,2025-01-19,Angers,Auxerre,2.0,0.0
FRA-Ligue 1,2425,fb5f33dc,2025-01-19,Marseille,Strasbourg,1.0,1.0
FRA-Ligue 1,2425,7e7a280a,2025-01-19,Reims,Le Havre,1.0,1.0
FRA-Ligue 1,2425,c47f8bb5,2025-01-19,Saint-Étienne,Nantes,1.0,1.0
FRA-Ligue 1,2425,7ad35976,2025-01-24,Auxerre,Saint-Étienne,1.0,1.0
FRA-Ligue 1,2425,5cbd8070,2025-01-25,Monaco,Rennes,3.0,2.0
FRA-Ligue 1,2425,c2b062af,2025-01-25,PSG,Reims,1.0,1.0
FRA-Ligue 1,2425,f5d25d48,2025-01-25,Strasbourg,Lille,2.0,1.0
FRA-Ligue 1,2425,6f8dc12d,2025-01-26,Le Havre,Brest,0.0,1.0
FRA-Ligue 1,2425,5026986a,2025-01-26,Lens,Angers,1.0,0.0
FRA-Ligue 1,2425,b90ceb47,2025-01-26,Nantes,Lyon,1.0,1.0
FRA-Ligue 1,2425,ce373826,2025-01-26,Nice,Marseille,2.0,0.0
FRA-Ligue 1,2425,81e5185d,2025-01-26,Toulouse,Montpellier,1.0,2.0
FRA-Ligue 1,2425,3652d822,2025-01-31,Montpellier,Lens,0.0,2.0
FRA-Ligue 1,2425,c84f91ac,2025-02-01,Brest,PSG,2.0,5.0
FRA-Ligue 1,2425,41e764ae,2025-02-01,Lille,Saint-Étienne,4.0,1.0
FRA-Ligue 1,2425,e6c9fba7,2025-02-01,Monaco,Auxerre,4.0,2.0
FRA-Ligue 1,2425,dc2dc241,2025-02-02,Angers,Le Havre,1.0,1.0
FRA-Ligue 1,2425,368d6066,2025-02-02,Marseille,Lyon,3.0,2.0
FRA-Ligue 1,2425,eee9fd86,2025-02-02,Reims,Nantes,1.0,2.0
FRA-Ligue 1,2425,e9da9682,2025-02-02,Rennes,Strasbourg,1.0,0.0
FRA-Ligue 1,2425,af67aa9c,2025-02-02,Toulouse,Nice,1.0,1.0
FRA-Ligue 1,2425,606c7cad,2025-02-07,Nantes,Brest,0.0,2.0
FRA-Ligue 1,2425,c79c5813,2025-02-07,PSG,Monaco,4.0,1.0
FRA-Ligue 1,2425,8c539e02,2025-02-08,Lille,Le Havre,1.0,2.0
FRA-Ligue 1,2425,544b155b,2025-02-08,Nice,Lens,2.0,0.0
FRA-Ligue 1,2425,de805721,2025-02-08,Saint-Étienne,Rennes,0.0,2.0
FRA-Ligue 1,2425,64ab3386,2025-02-09,Angers,Marseille,0.0,2.0
FRA-Ligue 1,2425,0446e883,2025-02-09,Auxerre,Toulouse,2.0,2.0
FRA-Ligue 1,2425,48caa08f,2025-02-09,Lyon,Reims,4.0,0.0
FRA-Ligue 1,2425,0886a1bd,2025-02-09,Strasbourg,Montpellier,2.0,0.0
FRA-Ligue 1,2425,94d1ec50,2025-02-14,Brest,Auxerre,2.0,2.0
FRA-Ligue 1,2425,0a71ff58,2025-02-15,Marseille,Saint-Étienne,5.0,1.0
FRA-Ligue 1,2425,25fd86bc,2025-02-15,Monaco,Nantes,7.0,1.0
FRA-Ligue 1,2425,91e2ebf6,2025-02-15,Toulouse,PSG,0.0,1.0
FRA-Ligue 1,2425,e62361b8,2025-02-16,Le Havre,Nice,1.0,3.0
FRA-Ligue 1,2425,bdcbbf69,2025-02-16,Lens,Strasbourg,0.0,2.0
FRA-Ligue 1,2425,1a0c79f0,2025-02-16,Montpellier,Lyon,1.0,4.0
FRA-Ligue 1,2425,bc4d9e67,2025-02-16,Reims,Angers,0.0,1.0
FRA-Ligue 1,2425,f2bcec96,2025-02-16,Rennes,Lille,0.0,2.0
FRA-Ligue 1,2425,329233bd,2025-02-21,Rennes,Reims,1.0,0.0
FRA-Ligue 1,2425,f26394d7,2025-02-22,Auxerre,Marseille,3.0,0.0
FRA-Ligue 1,2425,a62e412a,2025-02-22,Lille,Monaco,2.0,1.0
FRA-Ligue 1,2425,80854674,2025-02-22,Saint-Étienne,Angers,3.0,3.0
FRA-Ligue 1,2425,8284b7f6,2025-02-23,Le Havre,Toulouse,1.0,4.0
FRA-Ligue 1,2425,3906711b,2025-02-23,Lyon,PSG,2.0,3.0
FRA-Ligue 1,2425,24e266d4,2025-02-23,Nantes,Lens,3.0,1.0
FRA-Ligue 1,2425,920fad0c,2025-02-23,Nice,Montpellier,2.0,0.0
FRA-Ligue 1,2425,585be98f,2025-02-23,Strasbourg,Brest,0.0,0.0
FRA-Ligue 1,2425,f354ea51,2025-02-28,Monaco,Reims,3.0,0.0
FRA-Ligue 1,2425,f0429a72,2025-03-01,Lens,Le Havre,3.0,4.0
FRA-Ligue 1,2425,3432f5cc,2025-03-01,PSG,Lille,4.0,1.0
FRA-Ligue 1,2425,8a209a58,2025-03-01,Saint-Étienne,Nice,1.0,3.0
FRA-Ligue 1,2425,d9b255ac,2025-03-02,Angers,Toulouse,0.0,4.0
FRA-Ligue 1,2425,370220dd,2025-03-02,Auxerre,Strasbourg,0.0,1.0
FRA-Ligue 1,2425,9e7b9e2a,2025-03-02,Lyon,Brest,2.0,1.0
FRA-Ligue 1,2425,ef2b73e7,2025-03-02,Marseille,Nantes,2.0,0.0
FRA-Ligue 1,2425,5739a5ae,2025-03-02,Montpellier,Rennes,0.0,4.0
FRA-Ligue 1,2425,807e72ae,2025-03-07,Toulouse,Monaco,1.0,1.0
FRA-Ligue 1,2425,3de20b0f,2025-03-08,Lille,Montpellier,1.0,0.0
FRA-Ligue 1,2425,e5496a7e,2025-03-08,Marseille,Lens,0.0,1.0
FRA-Ligue 1,2425,24b4e6dd,2025-03-08,Rennes,PSG,1.0,4.0
FRA-Ligue 1,2425,0723e59a,2025-03-09,Brest,Angers,2.0,0.0
FRA-Ligue 1,2425,7055dbbe,2025-03-09,Le Havre,Saint-Étienne,1.0,1.0
FRA-Ligue 1,2425,01d100ee,2025-03-09,Nantes,Strasbourg,0.0,1.0
FRA-Ligue 1,2425,29e9616d,2025-03-09,Nice,Lyon,0.0,2.0
FRA-Ligue 1,2425,5a7ff7ce,2025-03-09,Reims,Auxerre,0.0,2.0
FRA-Ligue 1,2425,e91c00b1,2025-03-14,Nice,Auxerre,1.0,1.0
FRA-Ligue 1,2425,ccd56c5d,2025-03-15,Angers,Monaco,0.0,2.0
FRA-Ligue 1,2425,e042d34f,2025-03-15,Lens,Rennes,1.0,0.0
FRA-Ligue 1,2425,e91d94ec,2025-03-15,Nantes,Lille,1.0,0.0
FRA-Ligue 1,2425,28e7c1e6,2025-03-16,Brest,Reims,0.0,0.0
FRA-Ligue 1,2425,4876084b,2025-03-16,Lyon,Le Havre,4.0,2.0
FRA-Ligue 1,2425,15ee650c,2025-03-16,Montpellier,Saint-Étienne,0.0,2.0
FRA-Ligue 1,2425,ff08b7d1,2025-03-16,PSG,Marseille,3.0,1.0
FRA-Ligue 1,2425,30de0ad9,2025-03-16,Strasbourg,Toulouse,2.0,1.0
FRA-Ligue 1,2425,e4da6424,2025-03-28,Strasbourg,Lyon,4.0,2.0
FRA-Ligue 1,2425,b5952890,2025-03-29,Monaco,Nice,2.0,1.0
FRA-Ligue 1,2425,e3656ea1,2025-03-29,Reims,Marseille,3.0,1.0
FRA-Ligue 1,2425,f44d3b12,2025-03-29,Saint-Étienne,PSG,1.0,6.0
FRA-Ligue 1,2425,ea71bfda,2025-03-30,Angers,Rennes,0.0,3.0
FRA-Ligue 1,2425,dea614ff,2025-03-30,Auxerre,Montpellier,1.0,0.0
FRA-Ligue 1,2425,a48ef3f0,2025-03-30,Le Havre,Nantes,3.0,2.0
FRA-Ligue 1,2425,64b7845b,2025-03-30,Lille,Lens,1.0,0.0
FRA-Ligue 1,2425,b33c5901,2025-03-30,Toulouse,Brest,2.0,4.0
FRA-Ligue 1,2425,3b3118ec,2025-04-04,Nice,Nantes,1.0,2.0
FRA-Ligue 1,2425,3b8a372d,2025-04-05,Brest,Monaco,2.0,1.0
FRA-Ligue 1,2425,4fbb8dea,2025-04-05,Lyon,Lille,2.0,1.0
FRA-Ligue 1,2425,85f4be0a,2025-04-05,PSG,Angers,1.0,0.0
FRA-Ligue 1,2425,859cd779,2025-04-06,Lens,Saint-Étienne,1.0,0.0
FRA-Ligue 1,2425,37a1d2be,2025-04-06,Marseille,Toulouse,3.0,2.0
FRA-Ligue 1,2425,0f9ee6ec,2025-04-06,Montpellier,Le Havre,0.0,2.0
FRA-Ligue 1,2425,44834f60,2025-04-06,Reims,Strasbourg,0.0,1.0
FRA-Ligue 1,2425,cd76c50c,2025-04-06,Rennes,Auxerre,0.0,1.0
FRA-Ligue 1,2425,1fafebba,2025-04-11,Lens,Reims,0.0,2.0
FRA-Ligue 1,2425,b1f79298,2025-04-12,Monaco,Marseille,3.0,0.0
FRA-Ligue 1,2425,55275978,2025-04-12,Strasbourg,Nice,2.0,2.0
FRA-Ligue 1,2425,0a9272f4,2025-04-12,Toulouse,Lille,1.0,2.0
FRA-Ligue 1,2425,47a1a48a,2025-04-13,Angers,Montpellier,2.0,0.0
FRA-Ligue 1,2425,bef8bbc1,2025-04-13,Auxerre,Lyon,1.0,3.0
FRA-Ligue 1,2425,9c967c61,2025-04-13,Le Havre,Rennes,1.0,5.0
FRA-Ligue 1,2425,8a453c4e,2025-04-13,Saint-Étienne,Brest,3.0,3.0
FRA-Ligue 1,2425,6dc7499b,2025-04-18,Rennes,Nantes,2.0,1.0
FRA-Ligue 1,2425,5a01308b,2025-04-19,Marseille,Montpellier,5.0,1.0
FRA-Ligue 1,2425,bdddd15d,2025-04-19,Monaco,Strasbourg,0.0,0.0
FRA-Ligue 1,2425,8e397189,2025-04-19,PSG,Le Havre,2.0,1.0
FRA-Ligue 1,2425,1e5241b4,2025-04-20,Brest,Lens,1.0,3.0
FRA-Ligue 1,2425,dfc19892,2025-04-20,Lille,Auxerre,3.0,1.0
FRA-Ligue 1,2425,44e5cf44,2025-04-20,Nice,Angers,2.0,1.0
FRA-Ligue 1,2425,86146582,2025-04-20,Reims,Toulouse,1.0,0.0
FRA-Ligue 1,2425,19228d4a,2025-04-20,Saint-Étienne,Lyon,2.0,1.0
FRA-Ligue 1,2425,170d66ea,2025-04-22,Nantes,PSG,1.0,1.0
FRA-Ligue 1,2425,ae345c9c,2025-04-25,PSG,Nice,1.0,3.0
FRA-Ligue 1,2425,6ec53da1,2025-04-26,Le Havre,Monaco,1.0,1.0
FRA-Ligue 1,2425,5f2584e1,2025-04-26,Lyon,Rennes,4.0,1.0
FRA-Ligue 1,2425,ca1e1dc1,2025-04-26,Strasbourg,Saint-Étienne,3.0,1.0
FRA-Ligue 1,2425,af631621,2025-04-27,Angers,Lille,0.0,2.0
FRA-Ligue 1,2425,0745c59f,2025-04-27,Lens,Auxerre,0.0,4.0
FRA-Ligue 1,2425,d0c58dd5,2025-04-27,Marseille,Brest,4.0,1.0
FRA-Ligue 1,2425,6ff732c6,2025-04-27,Montpellier,Reims,0.0,0.0
FRA-Ligue 1,2425,94a42dc1,2025-04-27,Nantes,Toulouse,0.0,0.0
FRA-Ligue 1,2425,2e39c335,2025-05-02,Nice,Reims,1.0,0.0
FRA-Ligue 1,2425,4e6718ec,2025-05-03,Saint-Étienne,Monaco,1.0,3.0
FRA-Ligue 1,2425,d9c56744,2025-05-03,Strasbourg,PSG,2.0,1.0
FRA-Ligue 1,2425,ffb99c84,2025-05-03,Toulouse,Rennes,2.0,1.0
FRA-Ligue 1,2425,c08af981,2025-05-04,Auxerre,Le Havre,1.0,2.0
FRA-Ligue 1,2425,14d0b54f,2025-05-04,Brest,Montpellier,1.0,0.0
FRA-Ligue 1,2425,491d68bb,2025-05-04,Lille,Marseille,1.0,1.0
FRA-Ligue 1,2425,60c53e19,2025-05-04,Lyon,Lens,1.0,2.0
FRA-Ligue 1,2425,e467e10c,2025-05-04,Nantes,Angers,0.0,1.0
FRA-Ligue 1,2425,fafe26a4,2025-05-10,Angers,Strasbourg,2.0,1.0
FRA-Ligue 1,2425,2cfd2ba4,2025-05-10,Auxerre,Nantes,1.0,1.0
FRA-Ligue 1,2425,21a8a9a9,2025-05-10,Brest,Lille,2.0,0.0
FRA-Ligue 1,2425,7064d72a,2025-05-10,Le Havre,Marseille,1.0,3.0
FRA-Ligue 1,2425,279e9cba,2025-05-10,Monaco,Lyon,2.0,0.0
FRA-Ligue 1,2425,d083b7fa,2025-05-10,Montpellier,PSG,1.0,4.0
FRA-Ligue 1,2425,e0ae4f10,2025-05-10,Reims,Saint-Étienne,0.0,2.0
FRA-Ligue 1,2425,db5269b6,2025-05-10,Rennes,Nice,2.0,0.0
FRA-Ligue 1,2425,4ef097b0,2025-05-10,Toulouse,Lens,1.0,1.0
FRA-Ligue 1,2425,d2408c01,2025-05-17,Lens,Monaco,4.0,0.0
FRA-Ligue 1,2425,788e598c,2025-05-17,Lille,Reims,2.0,1.0
FRA-Ligue 1,2425,5042cc91,2025-05-17,Lyon,Angers,2.0,0.0
FRA-Ligue 1,2425,36fee283,2025-05-17,Marseille,Rennes,4.0,2.0
FRA-Ligue 1,2425,9b0e5db4,2025-05-17,Nantes,Montpellier,3.0,0.0
FRA-Ligue 1,2425,4ff4d64e,2025-05-17,Nice,Brest,6.0,0.0
FRA-Ligue 1,2425,695f3d84,2025-05-17,PSG,Auxerre,3.0,1.0
FRA-Ligue 1,2425,2eb36838,2025-05-17,Saint-Étienne,Toulouse,2.0,3.0
FRA-Ligue 1,2425,51aaa97c,2025-05-17,Strasbourg,Le Havre,2.0,3.0
FRA-Ligue 1,2425,111651be,2025-05-21,Metz,Reims,1.0,1.0
FRA-Ligue 1,2425,5e063c64,2025-05-29,Reims,Metz,1.0,3.0
FRA-Ligue 1,2526,fbd5fc84,2025-08-15,Rennes,Marseille,1.0,0.0
FRA-Ligue 1,2526,5959d3ad,2025-08-16,Lens,Lyon,0.0,1.0
FRA-Ligue 1,2526,772d8629,2025-08-16,Monaco,Le Havre,3.0,1.0
FRA-Ligue 1,2526,086666a1,2025-08-16,Nice,Toulouse,0.0,1.0
FRA-Ligue 1,2526,c69996e3,2025-08-17,Angers,Paris FC,1.0,0.0
FRA-Ligue 1,2526,460d3465,2025-08-17,Auxerre,Lorient,1.0,0.0
FRA-Ligue 1,2526,d26fb352,2025-08-17,Brest,Lille,3.0,3.0
FRA-Ligue 1,2526,df64d32a,2025-08-17,Metz,Strasbourg,0.0,1.0
FRA-Ligue 1,2526,8ed2fa41,2025-08-17,Nantes,PSG,0.0,1.0
FRA-Ligue 1,2526,d1b5836d,2025-08-22,PSG,Angers,1.0,0.0
FRA-Ligue 1,2526,6df797c8,2025-08-23,Lyon,Metz,3.0,0.0
FRA-Ligue 1,2526,7c56af85,2025-08-23,Marseille,Paris FC,5.0,2.0
FRA-Ligue 1,2526,1a63326e,2025-08-23,Nice,Auxerre,3.0,1.0
FRA-Ligue 1,2526,ecb4ebba,2025-08-24,Le Havre,Lens,1.0,2.0
FRA-Ligue 1,2526,1c61c286,2025-08-24,Lille,Monaco,1.0,0.0
FRA-Ligue 1,2526,c085ae64,2025-08-24,Lorient,Rennes,4.0,0.0
FRA-Ligue 1,2526,f5b0aa33,2025-08-24,Strasbourg,Nantes,1.0,0.0
FRA-Ligue 1,2526,d9a23dcd,2025-08-24,Toulouse,Brest,2.0,0.0
FRA-Ligue 1,2526,ccf514b7,2025-08-29,Lens,Brest,3.0,1.0
FRA-Ligue 1,2526,fecb23de,2025-08-30,Lorient,Lille,1.0,7.0
FRA-Ligue 1,2526,9db213a2,2025-08-30,Nantes,Auxerre,1.0,0.0
FRA-Ligue 1,2526,3a38fbf2,2025-08-30,Toulouse,PSG,3.0,6.0
FRA-Ligue 1,2526,e7cbffb3,2025-08-31,Angers,Rennes,1.0,1.0
FRA-Ligue 1,2526,d7190d58,2025-08-31,Le Havre,Nice,3.0,1.0
FRA-Ligue 1,2526,2e7d7c7d,2025-08-31,Lyon,Marseille,1.0,0.0
FRA-Ligue 1,2526,9fadc7e1,2025-08-31,Monaco,Strasbourg,3.0,2.0
FRA-Ligue 1,2526,adae2347,2025-08-31,Paris FC,Metz,3.0,2.0
FRA-Ligue 1,2526,eaff4ee4,2025-09-12,Marseille,Lorient,4.0,0.0
FRA-Ligue 1,2526,f3a8d388,2025-09-13,Auxerre,Monaco,1.0,2.0
FRA-Ligue 1,2526,3bd330c7,2025-09-13,Nice,Nantes,1.0,0.0
FRA-Ligue 1,2526,52e5e5bd,2025-09-14,Brest,Paris FC,1.0,2.0
FRA-Ligue 1,2526,6c0057cb,2025-09-14,Lille,Toulouse,2.0,1.0
FRA-Ligue 1,2526,80b1df7f,2025-09-14,Metz,Angers,1.0,1.0
FRA-Ligue 1,2526,e8f63a9b,2025-09-14,PSG,Lens,2.0,0.0
FRA-Ligue 1,2526,e8a7d6a7,2025-09-14,Rennes,Lyon,3.0,1.0
FRA-Ligue 1,2526,78ee6527,2025-09-14,Strasbourg,Le Havre,1.0,0.0
FRA-Ligue 1,2526,3d321db7,2025-09-19,Lyon,Angers,1.0,0.0
FRA-Ligue 1,2526,cd6a399a,2025-09-20,Brest,Nice,4.0,1.0
FRA-Ligue 1,2526,f940c93e,2025-09-20,Lens,Lille,3.0,0.0
FRA-Ligue 1,2526,23cfe985,2025-09-20,Nantes,Rennes,2.0,2.0
FRA-Ligue 1,2526,a2ea8dfd,2025-09-21,Auxerre,Toulouse,1.0,0.0
FRA-Ligue 1,2526,d6f698f7,2025-09-21,Le Havre,Lorient,1.0,1.0
FRA-Ligue 1,2526,08aea0af,2025-09-21,Monaco,Metz,5.0,2.0
FRA-Ligue 1,2526,08bc19be,2025-09-21,Paris FC,Strasbourg,2.0,3.0
FRA-Ligue 1,2526,e53e3ae2,2025-09-22,Marseille,PSG,1.0,0.0
FRA-Ligue 1,2526,13d407ad,2025-09-26,Strasbourg,Marseille,1.0,2.0
FRA-Ligue 1,2526,ce237644,2025-09-27,Lorient,Monaco,3.0,1.0
FRA-Ligue 1,2526,1012a2a6,2025-09-27,PSG,Auxerre,2.0,0.0
FRA-Ligue 1,2526,30f98e8d,2025-09-27,Toulouse,Nantes,2.0,2.0
FRA-Ligue 1,2526,40e25494,2025-09-28,Angers,Brest,0.0,2.0
FRA-Ligue 1,2526,ee984aec,2025-09-28,Lille,Lyon,0.0,1.0
FRA-Ligue 1,2526,9c7203aa,2025-09-28,Metz,Le Havre,0.0,0.0
FRA-Ligue 1,2526,5be99991,2025-09-28,Nice,Paris FC,1.0,1.0
FRA-Ligue 1,2526,2516801b,2025-09-28,Rennes,Lens,0.0,0.0
FRA-Ligue 1,2526,9c3f352c,2025-10-03,Paris FC,Lorient,2.0,0.0
FRA-Ligue 1,2526,7a29fd59,2025-10-04,Auxerre,Lens,1.0,2.0
FRA-Ligue 1,2526,329f92b2,2025-10-04,Brest,Nantes,0.0,0.0
FRA-Ligue 1,2526,0dfe9c56,2025-10-04,Metz,Marseille,0.0,3.0
FRA-Ligue 1,2526,7bb1158d,2025-10-05,Le Havre,Rennes,2.0,2.0
FRA-Ligue 1,2526,d476968b,2025-10-05,Lille,PSG,1.0,1.0
FRA-Ligue 1,2526,60ecc64f,2025-10-05,Lyon,Toulouse,1.0,2.0
FRA-Ligue 1,2526,93639c78,2025-10-05,Monaco,Nice,2.0,2.0
FRA-Ligue 1,2526,e2b6bcc0,2025-10-05,Strasbourg,Angers,5.0,0.0
FRA-Ligue 1,2526,99baddf3,2025-10-17,PSG,Strasbourg,3.0,3.0
FRA-Ligue 1,2526,aeed11a9,2025-10-18,Angers,Monaco,1.0,1.0
FRA-Ligue 1,2526,0d90c694,2025-10-18,Marseille,Le Havre,6.0,2.0
FRA-Ligue 1,2526,b4b8f430,2025-10-18,Nice,Lyon,3.0,2.0
FRA-Ligue 1,2526,3c82b9ba,2025-10-19,Lens,Paris FC,2.0,1.0
FRA-Ligue 1,2526,d9620be4,2025-10-19,Lorient,Brest,3.0,3.0
FRA-Ligue 1,2526,98c265c0,2025-10-19,Nantes,Lille,0.0,2.0
FRA-Ligue 1,2526,4bebc386,2025-10-19,Rennes,Auxerre,2.0,2.0
FRA-Ligue 1,2526,c8f84615,2025-10-19,Toulouse,Metz,4.0,0.0
FRA-Ligue 1,2526,e38cdc1f,2025-10-24,Paris FC,Nantes,1.0,2.0
FRA-Ligue 1,2526,c95d53be,2025-10-25,Brest,PSG,0.0,3.0
FRA-Ligue 1,2526,401a34e7,2025-10-25,Lens,Marseille,2.0,1.0
FRA-Ligue 1,2526,fe7036bb,2025-10-25,Monaco,Toulouse,1.0,0.0
FRA-Ligue 1,2526,57e8593d,2025-10-26,Angers,Lorient,2.0,0.0
FRA-Ligue 1,2526,b5814fa4,2025-10-26,Auxerre,Le Havre,0.0,1.0
FRA-Ligue 1,2526,513ba656,2025-10-26,Lille,Metz,6.0,1.0
FRA-Ligue 1,2526,cd22fe80,2025-10-26,Lyon,Strasbourg,2.0,1.0
FRA-Ligue 1,2526,b111d632,2025-10-26,Rennes,Nice,1.0,2.0
FRA-Ligue 1,2526,ee77c6a4,2025-10-29,Le Havre,Brest,1.0,0.0
FRA-Ligue 1,2526,fae0cebf,2025-10-29,Lorient,PSG,1.0,1.0
FRA-Ligue 1,2526,4e9cae04,2025-10-29,Marseille,Angers,2.0,2.0
FRA-Ligue 1,2526,e7ee16a0,2025-10-29,Metz,Lens,2.0,0.0
FRA-Ligue 1,2526,61307c58,2025-10-29,Nantes,Monaco,3.0,5.0
FRA-Ligue 1,2526,79a943de,2025-10-29,Nice,Lille,2.0,0.0
FRA-Ligue 1,2526,43400423,2025-10-29,Paris FC,Lyon,3.0,3.0
FRA-Ligue 1,2526,92626eca,2025-10-29,Strasbourg,Auxerre,3.0,0.0
FRA-Ligue 1,2526,f1f10fa5,2025-10-29,Toulouse,Rennes,2.0,2.0
FRA-Ligue 1,2526,e98babb3,2025-11-01,Auxerre,Marseille,0.0,1.0
FRA-Ligue 1,2526,a6e9b50e,2025-11-01,Monaco,Paris FC,0.0,1.0
FRA-Ligue 1,2526,3f271d67,2025-11-01,PSG,Nice,1.0,0.0
FRA-Ligue 1,2526,167e4077,2025-11-02,Brest,Lyon,0.0,0.0
FRA-Ligue 1,2526,537900ec,2025-11-02,Lens,Lorient,3.0,0.0
FRA-Ligue 1,2526,990dd8fe,2025-11-02,Lille,Angers,1.0,0.0
FRA-Ligue 1,2526,1d6a5a0b,2025-11-02,Nantes,Metz,0.0,2.0
FRA-Ligue 1,2526,34522872,2025-11-02,Rennes,Strasbourg,4.0,1.0
FRA-Ligue 1,2526,75cf1ad9,2025-11-02,Toulouse,Le Havre,0.0,0.0
FRA-Ligue 1,2526,3feea3e9,2025-11-07,Paris FC,Rennes,0.0,1.0
FRA-Ligue 1,2526,dd1c75e9,2025-11-08,Le Havre,Nantes,1.0,1.0
FRA-Ligue 1,2526,a42f9bcd,2025-11-08,Marseille,Brest,3.0,0.0
FRA-Ligue 1,2526,8351b4ea,2025-11-08,Monaco,Lens,1.0,4.0
FRA-Ligue 1,2526,9575a044,2025-11-09,Angers,Auxerre,2.0,0.0
FRA-Ligue 1,2526,3b9a668d,2025-11-09,Lorient,Toulouse,1.0,1.0
FRA-Ligue 1,2526,76c23d28,2025-11-09,Lyon,PSG,2.0,3.0
FRA-Ligue 1,2526,958a0a33,2025-11-09,Metz,Nice,2.0,1.0
FRA-Ligue 1,2526,9ec5732e,2025-11-09,Strasbourg,Lille,2.0,0.0
FRA-Ligue 1,2526,9fbe6212,2025-11-21,Nice,Marseille,1.0,5.0
FRA-Ligue 1,2526,4d943a9e,2025-11-22,Lens,Strasbourg,1.0,0.0
FRA-Ligue 1,2526,a64360fe,2025-11-22,PSG,Le Havre,3.0,0.0
FRA-Ligue 1,2526,7d63a57f,2025-11-22,Rennes,Monaco,4.0,1.0
FRA-Ligue 1,2526,f9cdf8a6,2025-11-23,Auxerre,Lyon,0.0,0.0
FRA-Ligue 1,2526,10782105,2025-11-23,Brest,Metz,3.0,2.0
FRA-Ligue 1,2526,bda1b915,2025-11-23,Lille,Paris FC,4.0,2.0
FRA-Ligue 1,2526,85a0e019,2025-11-23,Nantes,Lorient,1.0,1.0
FRA-Ligue 1,2526,4399d22e,2025-11-23,Toulouse,Angers,0.0,1.0
FRA-Ligue 1,2526,c25f4acf,2025-11-28,Metz,Rennes,0.0,1.0
FRA-Ligue 1,2526,8fedda5c,2025-11-29,Marseille,Toulouse,2.0,2.0
FRA-Ligue 1,2526,6ed4169c,2025-11-29,Monaco,PSG,1.0,0.0
FRA-Ligue 1,2526,f3bd6b47,2025-11-29,Paris FC,Auxerre,1.0,1.0
FRA-Ligue 1,2526,25c388ce,2025-11-30,Angers,Lens,1.0,2.0
FRA-Ligue 1,2526,6341b5bb,2025-11-30,Le Havre,Lille,0.0,1.0
FRA-Ligue 1,2526,f96e21d9,2025-11-30,Lorient,Nice,3.0,1.0
FRA-Ligue 1,2526,0a34e64f,2025-11-30,Lyon,Nantes,3.0,0.0
FRA-Ligue 1,2526,2c3a08e9,2025-11-30,Strasbourg,Brest,1.0,2.0
FRA-Ligue 1,2526,409f5358,2025-12-05,Brest,Monaco,1.0,0.0
FRA-Ligue 1,2526,684afd5f,2025-12-05,Lille,Marseille,1.0,0.0
FRA-Ligue 1,2526,1dd5dec9,2025-12-06,Nantes,Lens,1.0,2.0
FRA-Ligue 1,2526,13c41c30,2025-12-06,PSG,Rennes,5.0,0.0
FRA-Ligue 1,2526,4955eaeb,2025-12-06,Toulouse,Strasbourg,1.0,0.0
FRA-Ligue 1,2526,11ad7df8,2025-12-07,Auxerre,Metz,3.0,1.0
FRA-Ligue 1,2526,80b3a9d2,2025-12-07,Le Havre,Paris FC,0.0,0.0
FRA-Ligue 1,2526,a6944734,2025-12-07,Lorient,Lyon,1.0,0.0
FRA-Ligue 1,2526,d8723514,2025-12-07,Nice,Angers,0.0,1.0
FRA-Ligue 1,2526,0a7d5ec7,2025-12-12,Angers,Nantes,4.0,1.0
FRA-Ligue 1,2526,6fce1682,2025-12-13,Metz,PSG,2.0,3.0
FRA-Ligue 1,2526,bd83c05e,2025-12-13,Paris FC,Toulouse,0.0,3.0
FRA-Ligue 1,2526,3b0a6a02,2025-12-13,Rennes,Brest,3.0,1.0
FRA-Ligue 1,2526,a32384b2,2025-12-14,Auxerre,Lille,3.0,4.0
FRA-Ligue 1,2526,d087be9d,2025-12-14,Lens,Nice,2.0,0.0
FRA-Ligue 1,2526,fedc0902,2025-12-14,Lyon,Le Havre,1.0,0.0
FRA-Ligue 1,2526,fa8b8daf,2025-12-14,Marseille,Monaco,1.0,0.0
FRA-Ligue 1,2526,e8ace8e4,2025-12-14,Strasbourg,Lorient,0.0,0.0
FRA-Ligue 1,2526,26747200,2026-01-02,Toulouse,Lens,0.0,3.0
FRA-Ligue 1,2526,7141aa3c,2026-01-03,Lille,Rennes,0.0,2.0
FRA-Ligue 1,2526,6b9bd7bb,2026-01-03,Monaco,Lyon,1.0,3.0
FRA-Ligue 1,2526,e4d308b6,2026-01-03,Nice,Strasbourg,1.0,1.0
FRA-Ligue 1,2526,17eddeb2,2026-01-04,Brest,Auxerre,2.0,0.0
FRA-Ligue 1,2526,de2b3a9f,2026-01-04,Le Havre,Angers,2.0,1.0
FRA-Ligue 1,2526,3b4e803c,2026-01-04,Lorient,Metz,1.0,1.0
FRA-Ligue 1,2526,37010f17,2026-01-04,Marseille,Nantes,0.0,2.0
FRA-Ligue 1,2526,9dc082a7,2026-01-04,PSG,Paris FC,2.0,1.0
FRA-Ligue 1,2526,4f512aeb,2026-01-16,Monaco,Lorient,1.0,3.0
FRA-Ligue 1,2526,29fd89ee,2026-01-16,PSG,Lille,3.0,0.0
FRA-Ligue 1,2526,f658b4eb,2026-01-17,Angers,Marseille,2.0,5.0
FRA-Ligue 1,2526,86beb029,2026-01-17,Lens,Auxerre,1.0,0.0
FRA-Ligue 1,2526,a8407367,2026-01-17,Toulouse,Nice,5.0,1.0
FRA-Ligue 1,2526,e7242674,2026-01-18,Lyon,Brest,2.0,1.0
FRA-Ligue 1,2526,d2f30d75,2026-01-18,Nantes,Paris FC,1.0,2.0
FRA-Ligue 1,2526,679e58a5,2026-01-18,Rennes,Le Havre,1.0,1.0
FRA-Ligue 1,2526,409add73,2026-01-18,Strasbourg,Metz,2.0,1.0
FRA-Ligue 1,2526,53ea2be5,2026-01-23,Auxerre,PSG,0.0,1.0
FRA-Ligue 1,2526,ddb83e61,2026-01-24,Le Havre,Monaco,0.0,0.0
FRA-Ligue 1,2526,f3276cb9,2026-01-24,Marseille,Lens,3.0,1.0
FRA-Ligue 1,2526,249dd3df,2026-01-24,Rennes,Lorient,0.0,2.0
FRA-Ligue 1,2526,3307b22d,2026-01-25,Brest,Toulouse,0.0,2.0
FRA-Ligue 1,2526,b2ede629,2026-01-25,Lille,Strasbourg,1.0,4.0
FRA-Ligue 1,2526,b56d6e54,2026-01-25,Metz,Lyon,2.0,5.0
FRA-Ligue 1,2526,6dc9ef35,2026-01-25,Nantes,Nice,1.0,4.0
FRA-Ligue 1,2526,de4281bb,2026-01-25,Paris FC,Angers,0.0,0.0
FRA-Ligue 1,2526,5c03d191,2026-01-30,Lens,Le Havre,1.0,0.0
FRA-Ligue 1,2526,8feca3a6,2026-01-31,Lorient,Nantes,2.0,1.0
FRA-Ligue 1,2526,28a1d84f,2026-01-31,Monaco,Rennes,4.0,0.0
FRA-Ligue 1,2526,a554b193,2026-01-31,Paris FC,Marseille,2.0,2.0
FRA-Ligue 1,2526,c2fd3a64,2026-02-01,Angers,Metz,1.0,0.0
FRA-Ligue 1,2526,76b5396f,2026-02-01,Lyon,Lille,1.0,0.0
FRA-Ligue 1,2526,a8ad76d2,2026-02-01,Nice,Brest,2.0,2.0
FRA-Ligue 1,2526,fbaa262a,2026-02-01,Strasbourg,PSG,1.0,2.0
FRA-Ligue 1,2526,af901063,2026-02-01,Toulouse,Auxerre,0.0,0.0
FRA-Ligue 1,2526,65afe9c0,2026-02-06,Metz,Lille,0.0,0.0
FRA-Ligue 1,2526,d34ec094,2026-02-07,Brest,Lorient,2.0,0.0
FRA-Ligue 1,2526,7cf482da,2026-02-07,Lens,Rennes,3.0,1.0
FRA-Ligue 1,2526,337b6509,2026-02-07,Nantes,Lyon,0.0,1.0
FRA-Ligue 1,2526,a01e1b1c,2026-02-08,Angers,Toulouse,1.0,0.0
FRA-Ligue 1,2526,2bc15f43,2026-02-08,Auxerre,Paris FC,0.0,0.0
FRA-Ligue 1,2526,6f487335,2026-02-08,Le Havre,Strasbourg,2.0,1.0
FRA-Ligue 1,2526,653917b7,2026-02-08,Nice,Monaco,0.0,0.0
FRA-Ligue 1,2526,468775dd,2026-02-08,PSG,Marseille,5.0,0.0
FRA-Ligue 1,2526,c74bddc1,2026-02-13,Monaco,Nantes,3.0,1.0
FRA-Ligue 1,2526,9ff84087,2026-02-13,Rennes,PSG,3.0,1.0
FRA-Ligue 1,2526,aae28368,2026-02-14,Lille,Brest,1.0,1.0
FRA-Ligue 1,2526,5ccecb4a,2026-02-14,Marseille,Strasbourg,2.0,2.0
FRA-Ligue 1,2526,38da6e69,2026-02-14,Paris FC,Lens,0.0,5.0
FRA-Ligue 1,2526,b0f2054b,2026-02-15,Le Havre,Toulouse,2.0,1.0
FRA-Ligue 1,2526,57b37863,2026-02-15,Lorient,Angers,2.0,0.0
FRA-Ligue 1,2526,7df88dc4,2026-02-15,Lyon,Nice,2.0,0.0
FRA-Ligue 1,2526,66636882,2026-02-15,Metz,Auxerre,1.0,3.0
FRA-Ligue 1,2526,08084e64,2026-02-20,Brest,Marseille,2.0,0.0
FRA-Ligue 1,2526,355277c5,2026-02-21,Lens,Monaco,2.0,3.0
FRA-Ligue 1,2526,ac4da1f1,2026-02-21,PSG,Metz,3.0,0.0
FRA-Ligue 1,2526,4675af40,2026-02-21,Toulouse,Paris FC,1.0,1.0
FRA-Ligue 1,2526,d09c51d0,2026-02-22,Angers,Lille,0.0,1.0
FRA-Ligue 1,2526,ada27536,2026-02-22,Auxerre,Rennes,0.0,3.0
FRA-Ligue 1,2526,2b2f68a6,2026-02-22,Nantes,Le Havre,2.0,0.0
FRA-Ligue 1,2526,5608e801,2026-02-22,Nice,Lorient,3.0,3.0
FRA-Ligue 1,2526,1c22b8d6,2026-02-22,Strasbourg,Lyon,3.0,1.0
FRA-Ligue 1,2526,aeb4b406,2026-02-27,Strasbourg,Lens,1.0,1.0
FRA-Ligue 1,2526,87a753e0,2026-02-28,Le Havre,PSG,0.0,1.0
FRA-Ligue 1,2526,a594ae3b,2026-02-28,Monaco,Angers,2.0,0.0
FRA-Ligue 1,2526,e7e6586e,2026-02-28,Rennes,Toulouse,1.0,0.0
FRA-Ligue 1,2526,f80cf619,2026-03-01,Lille,Nantes,1.0,0.0
FRA-Ligue 1,2526,02026b4a,2026-03-01,Lorient,Auxerre,2.0,2.0
FRA-Ligue 1,2526,a58bb25d,2026-03-01,Marseille,Lyon,3.0,2.0
FRA-Ligue 1,2526,6ac2fad0,2026-03-01,Metz,Brest,0.0,1.0
FRA-Ligue 1,2526,6125e93c,2026-03-01,Paris FC,Nice,1.0,0.0
FRA-Ligue 1,2526,c463c3cc,2026-03-06,PSG,Monaco,1.0,3.0
FRA-Ligue 1,2526,00a51517,2026-03-07,Auxerre,Strasbourg,0.0,0.0
FRA-Ligue 1,2526,229128dd,2026-03-07,Nantes,Angers,0.0,1.0
FRA-Ligue 1,2526,4e9f85a7,2026-03-07,Toulouse,Marseille,0.0,1.0
FRA-Ligue 1,2526,53fe5307,2026-03-08,Brest,Le Havre,2.0,0.0
FRA-Ligue 1,2526,b48a3496,2026-03-08,Lens,Metz,3.0,0.0
FRA-Ligue 1,2526,f189ee10,2026-03-08,Lille,Lorient,1.0,1.0
FRA-Ligue 1,2526,9d9b1fea,2026-03-08,Lyon,Paris FC,1.0,1.0
FRA-Ligue 1,2526,4d457330,2026-03-08,Nice,Rennes,0.0,4.0
FRA-Ligue 1,2526,3f0a92b8,2026-03-13,Marseille,Auxerre,1.0,0.0
FRA-Ligue 1,2526,a4d85dd5,2026-03-14,Angers,Nice,0.0,2.0
FRA-Ligue 1,2526,d65f4e6e,2026-03-14,Lorient,Lens,2.0,1.0
FRA-Ligue 1,2526,ad9c57f7,2026-03-14,Monaco,Brest,2.0,0.0
FRA-Ligue 1,2526,d72a0081,2026-03-15,Le Havre,Lyon,0.0,0.0
FRA-Ligue 1,2526,bf99c806,2026-03-15,Metz,Toulouse,3.0,4.0
FRA-Ligue 1,2526,36c3ec2e,2026-03-15,Rennes,Lille,1.0,2.0
FRA-Ligue 1,2526,520bd980,2026-03-15,Strasbourg,Paris FC,0.0,0.0
FRA-Ligue 1,2526,c02a7ff9,2026-03-20,Lens,Angers,5.0,1.0
FRA-Ligue 1,2526,ee8c039b,2026-03-21,Auxerre,Brest,3.0,0.0
FRA-Ligue 1,2526,4ef7734e,2026-03-21,Nice,PSG,0.0,4.0
FRA-Ligue 1,2526,4be2fd90,2026-03-21,Toulouse,Lorient,1.0,0.0
FRA-Ligue 1,2526,d575b0ab,2026-03-22,Lyon,Monaco,1.0,2.0
FRA-Ligue 1,2526,30dbc70c,2026-03-22,Marseille,Lille,1.0,2.0
FRA-Ligue 1,2526,7e8008c5,2026-03-22,Nantes,Strasbourg,2.0,3.0
FRA-Ligue 1,2526,2f9b425f,2026-03-22,Paris FC,Le Havre,3.0,2.0
FRA-Ligue 1,2526,36514d08,2026-03-22,Rennes,Metz,0.0,0.0
FRA-Ligue 1,2526,29ffdaef,2026-04-03,PSG,Toulouse,3.0,1.0
FRA-Ligue 1,2526,4c241151,2026-04-04,Brest,Rennes,3.0,4.0
FRA-Ligue 1,2526,bb0208bd,2026-04-04,Lille,Lens,3.0,0.0
FRA-Ligue 1,2526,20b92a03,2026-04-04,Strasbourg,Nice,3.0,1.0
FRA-Ligue 1,2526,d65f2e64,2026-04-05,Angers,Lyon,0.0,0.0
FRA-Ligue 1,2526,c98b5c68,2026-04-05,Le Havre,Auxerre,1.0,1.0
FRA-Ligue 1,2526,d0d85897,2026-04-05,Lorient,Paris FC,1.0,1.0
FRA-Ligue 1,2526,1e3062fc,2026-04-05,Metz,Nantes,0.0,0.0
FRA-Ligue 1,2526,a57195ef,2026-04-05,Monaco,Marseille,2.0,1.0
FRA-Ligue 1,2526,6faaf12e,2026-04-10,Marseille,Metz,3.0,1.0
FRA-Ligue 1,2526,56c3362c,2026-04-10,Paris FC,Monaco,4.0,1.0
FRA-Ligue 1,2526,12eb0b06,2026-04-11,Auxerre,Nantes,0.0,0.0
FRA-Ligue 1,2526,4b82e2d9,2026-04-11,Rennes,Angers,2.0,1.0
FRA-Ligue 1,2526,ac272352,2026-04-12,Lyon,Lorient,2.0,0.0
FRA-Ligue 1,2526,4f43d68f,2026-04-12,Nice,Le Havre,1.0,1.0
FRA-Ligue 1,2526,a623d660,2026-04-12,Toulouse,Lille,0.0,4.0
FRA-Ligue 1,2526,a9fe7dc0,2026-04-17,Lens,Toulouse,3.0,2.0
FRA-Ligue 1,2526,6068378e,2026-04-18,Angers,Le Havre,1.0,1.0
FRA-Ligue 1,2526,acb6ba07,2026-04-18,Lille,Nice,0.0,0.0
FRA-Ligue 1,2526,b4af5a6d,2026-04-18,Lorient,Marseille,2.0,0.0
FRA-Ligue 1,2526,18d4b9cb,2026-04-19,Metz,Paris FC,1.0,3.0
FRA-Ligue 1,2526,27b31661,2026-04-19,Monaco,Auxerre,2.0,2.0
FRA-Ligue 1,2526,ea09a690,2026-04-19,Nantes,Brest,1.0,1.0
FRA-Ligue 1,2526,94540b9c,2026-04-19,PSG,Lyon,1.0,2.0
FRA-Ligue 1,2526,3f90ec14,2026-04-19,Strasbourg,Rennes,0.0,3.0
FRA-Ligue 1,2526,c72aa4c9,2026-04-22,PSG,Nantes,3.0,0.0
FRA-Ligue 1,2526,709ec7ad,2026-04-24,Brest,Lens,3.0,3.0
FRA-Ligue 1,2526,508ebaf9,2026-04-25,Angers,PSG,0.0,3.0
FRA-Ligue 1,2526,7381ae8c,2026-04-25,Lyon,Auxerre,3.0,2.0
FRA-Ligue 1,2526,55269a3d,2026-04-25,Toulouse,Monaco,2.0,2.0
FRA-Ligue 1,2526,7a8e7ce5,2026-04-26,Le Havre,Metz,4.0,4.0
FRA-Ligue 1,2526,98f80690,2026-04-26,Lorient,Strasbourg,2.0,3.0
FRA-Ligue 1,2526,0216f8d3,2026-04-26,Marseille,Nice,1.0,1.0
FRA-Ligue 1,2526,d50861ab,2026-04-26,Paris FC,Lille,0.0,1.0
FRA-Ligue 1,2526,cc06ddd4,2026-04-26,Rennes,Nantes,2.0,1.0
FRA-Ligue 1,2526,26ec86a4,2026-05-02,Metz,Monaco,1.0,2.0
FRA-Ligue 1,2526,97234c57,2026-05-02,Nantes,Marseille,3.0,0.0
FRA-Ligue 1,2526,63b7c896,2026-05-02,Nice,Lens,1.0,1.0
FRA-Ligue 1,2526,1389038a,2026-05-02,PSG,Lorient,2.0,2.0
FRA-Ligue 1,2526,a2803334,2026-05-03,Auxerre,Angers,3.0,1.0
FRA-Ligue 1,2526,37530d3a,2026-05-03,Lille,Le Havre,1.0,1.0
FRA-Ligue 1,2526,0870d0aa,2026-05-03,Lyon,Rennes,4.0,2.0
FRA-Ligue 1,2526,a1c90202,2026-05-03,Paris FC,Brest,4.0,0.0
FRA-Ligue 1,2526,53f58c5f,2026-05-03,Strasbourg,Toulouse,1.0,2.0
FRA-Ligue 1,2526,367b62f6,2026-05-08,Lens,Nantes,1.0,0.0
FRA-Ligue 1,2526,e9a0e2ae,2026-05-10,Angers,Strasbourg,1.0,1.0
FRA-Ligue 1,2526,941fa953,2026-05-10,Auxerre,Nice,2.0,1.0
FRA-Ligue 1,2526,3cd45852,2026-05-10,Le Havre,Marseille,0.0,1.0
FRA-Ligue 1,2526,14a05a12,2026-05-10,Metz,Lorient,0.0,4.0
FRA-Ligue 1,2526,7694f275,2026-05-10,Monaco,Lille,0.0,1.0
FRA-Ligue 1,2526,06573726,2026-05-10,PSG,Brest,1.0,0.0
FRA-Ligue 1,2526,7741d788,2026-05-10,Rennes,Paris FC,2.0,1.0
FRA-Ligue 1,2526,3133ca8e,2026-05-10,Toulouse,Lyon,2.0,1.0
FRA-Ligue 1,2526,27214c87,2026-05-13,Brest,Strasbourg,1.0,2.0
FRA-Ligue 1,2526,bf1480e6,2026-05-13,Lens,PSG,0.0,2.0
FRA-Ligue 1,2526,50748580,2026-05-17,Brest,Angers,1.0,1.0
FRA-Ligue 1,2526,36a50f2f,2026-05-17,Lille,Auxerre,0.0,2.0
FRA-Ligue 1,2526,5025568a,2026-05-17,Lorient,Le Havre,0.0,2.0
FRA-Ligue 1,2526,a3e40ec0,2026-05-17,Lyon,Lens,0.0,4.0
FRA-Ligue 1,2526,1a49354a,2026-05-17,Marseille,Rennes,3.0,1.0
FRA-Ligue 1,2526,69b9a1e2,2026-05-17,Nantes,Toulouse,0.0,0.0
FRA-Ligue 1,2526,20295ebe,2026-05-17,Nice,Metz,0.0,0.0
FRA-Ligue 1,2526,3f1c643d,2026-05-17,Paris FC,PSG,2.0,1.0
FRA-Ligue 1,2526,99581dc1,2026-05-17,Strasbourg,Monaco,5.0,4.0
FRA-Ligue 1,2526,62512744,2026-05-26,Saint-Étienne,Nice,0.0,0.0
FRA-Ligue 1,2526,9a6b9f16,2026-05-29,Nice,Saint-Étienne,4.0,1.0
GER-Bundesliga,2122,82c5d82c,2021-08-13,Gladbach,Bayern Munich,1.0,1.0
GER-Bundesliga,2122,e4331e7c,2021-08-14,Arminia,Freiburg,0.0,0.0
GER-Bundesliga,2122,eee6b64c,2021-08-14,Augsburg,Hoffenheim,0.0,4.0
GER-Bundesliga,2122,40d5c11f,2021-08-14,Dortmund,Frankfurt,5.0,2.0
GER-Bundesliga,2122,51fae469,2021-08-14,Stuttgart,Greuther Fürth,5.0,1.0
GER-Bundesliga,2122,5d7bd7fa,2021-08-14,Union Berlin,Leverkusen,1.0,1.0
GER-Bundesliga,2122,d1f94768,2021-08-14,Wolfsburg,Bochum,1.0,0.0
GER-Bundesliga,2122,a4e198c5,2021-08-15,Köln,Hertha BSC,3.0,1.0
GER-Bundesliga,2122,c1cd7950,2021-08-15,Mainz 05,RB Leipzig,1.0,0.0
GER-Bundesliga,2122,6350c527,2021-08-20,RB Leipzig,Stuttgart,4.0,0.0
GER-Bundesliga,2122,4a8a0dcd,2021-08-21,Bochum,Mainz 05,2.0,0.0
GER-Bundesliga,2122,d0031b17,2021-08-21,Frankfurt,Augsburg,0.0,0.0
GER-Bundesliga,2122,98aa6a98,2021-08-21,Freiburg,Dortmund,2.0,1.0
GER-Bundesliga,2122,976aabba,2021-08-21,Greuther Fürth,Arminia,1.0,1.0
GER-Bundesliga,2122,2ffc3a67,2021-08-21,Hertha BSC,Wolfsburg,1.0,2.0
GER-Bundesliga,2122,09083a3b,2021-08-21,Leverkusen,Gladbach,4.0,0.0
GER-Bundesliga,2122,80f89105,2021-08-22,Bayern Munich,Köln,3.0,2.0
GER-Bundesliga,2122,222139d4,2021-08-22,Hoffenheim,Union Berlin,2.0,2.0
GER-Bundesliga,2122,1d990b1a,2021-08-27,Dortmund,Hoffenheim,3.0,2.0
GER-Bundesliga,2122,af8e306b,2021-08-28,Arminia,Frankfurt,1.0,1.0
GER-Bundesliga,2122,c85d1dc1,2021-08-28,Augsburg,Leverkusen,1.0,4.0
GER-Bundesliga,2122,7b0c7704,2021-08-28,Bayern Munich,Hertha BSC,5.0,0.0
GER-Bundesliga,2122,d4f200bb,2021-08-28,Köln,Bochum,2.0,1.0
GER-Bundesliga,2122,359314e5,2021-08-28,Mainz 05,Greuther Fürth,3.0,0.0
GER-Bundesliga,2122,8275ba5e,2021-08-28,Stuttgart,Freiburg,2.0,3.0
GER-Bundesliga,2122,61782375,2021-08-29,Union Berlin,Gladbach,2.0,1.0
GER-Bundesliga,2122,85bc22c0,2021-08-29,Wolfsburg,RB Leipzig,1.0,0.0
GER-Bundesliga,2122,09be4ced,2021-09-11,Freiburg,Köln,1.0,1.0
GER-Bundesliga,2122,ab5fbcdf,2021-09-11,Greuther Fürth,Wolfsburg,0.0,2.0
GER-Bundesliga,2122,0d2d244e,2021-09-11,Hoffenheim,Mainz 05,0.0,2.0
GER-Bundesliga,2122,983b35eb,2021-09-11,Leverkusen,Dortmund,3.0,4.0
GER-Bundesliga,2122,6bb4470e,2021-09-11,RB Leipzig,Bayern Munich,1.0,4.0
GER-Bundesliga,2122,2ebf021f,2021-09-11,Union Berlin,Augsburg,0.0,0.0
GER-Bundesliga,2122,f69ef742,2021-09-12,Bochum,Hertha BSC,1.0,3.0
GER-Bundesliga,2122,50ca4178,2021-09-12,Frankfurt,Stuttgart,1.0,1.0
GER-Bundesliga,2122,7fb5657a,2021-09-12,Gladbach,Arminia,3.0,1.0
GER-Bundesliga,2122,7044d252,2021-09-17,Hertha BSC,Greuther Fürth,2.0,1.0
GER-Bundesliga,2122,4f2605e3,2021-09-18,Arminia,Hoffenheim,0.0,0.0
GER-Bundesliga,2122,4131f8cf,2021-09-18,Augsburg,Gladbach,1.0,0.0
GER-Bundesliga,2122,bf42838a,2021-09-18,Bayern Munich,Bochum,7.0,0.0
GER-Bundesliga,2122,1034477c,2021-09-18,Köln,RB Leipzig,1.0,1.0
GER-Bundesliga,2122,d6ab6aa6,2021-09-18,Mainz 05,Freiburg,0.0,0.0
GER-Bundesliga,2122,3fe1eafa,2021-09-19,Dortmund,Union Berlin,4.0,2.0
GER-Bundesliga,2122,0517b46d,2021-09-19,Stuttgart,Leverkusen,1.0,3.0
GER-Bundesliga,2122,1d1a48ef,2021-09-19,Wolfsburg,Frankfurt,1.0,1.0
GER-Bundesliga,2122,2def9292,2021-09-24,Greuther Fürth,Bayern Munich,1.0,3.0
GER-Bundesliga,2122,6f2e488a,2021-09-25,Frankfurt,Köln,1.0,1.0
GER-Bundesliga,2122,b871a58d,2021-09-25,Gladbach,Dortmund,1.0,0.0
GER-Bundesliga,2122,6f418f24,2021-09-25,Hoffenheim,Wolfsburg,3.0,1.0
GER-Bundesliga,2122,71712d04,2021-09-25,Leverkusen,Mainz 05,1.0,0.0
GER-Bundesliga,2122,a091652a,2021-09-25,RB Leipzig,Hertha BSC,6.0,0.0
GER-Bundesliga,2122,7455e226,2021-09-25,Union Berlin,Arminia,1.0,0.0
GER-Bundesliga,2122,c2d980b0,2021-09-26,Bochum,Stuttgart,0.0,0.0
GER-Bundesliga,2122,c53a65fe,2021-09-26,Freiburg,Augsburg,3.0,0.0
GER-Bundesliga,2122,c3c10403,2021-10-01,Köln,Greuther Fürth,3.0,1.0
GER-Bundesliga,2122,71a3be9a,2021-10-02,Dortmund,Augsburg,2.0,1.0
GER-Bundesliga,2122,e8fc2a86,2021-10-02,Hertha BSC,Freiburg,1.0,2.0
GER-Bundesliga,2122,db3c78fe,2021-10-02,RB Leipzig,Bochum,3.0,0.0
GER-Bundesliga,2122,0355d66e,2021-10-02,Stuttgart,Hoffenheim,3.0,1.0
GER-Bundesliga,2122,e9ccaf2f,2021-10-02,Wolfsburg,Gladbach,1.0,3.0
GER-Bundesliga,2122,2103b5e4,2021-10-03,Arminia,Leverkusen,0.0,4.0
GER-Bundesliga,2122,d787a390,2021-10-03,Bayern Munich,Frankfurt,1.0,2.0
GER-Bundesliga,2122,2886daca,2021-10-03,Mainz 05,Union Berlin,1.0,2.0
GER-Bundesliga,2122,e383a1bd,2021-10-15,Hoffenheim,Köln,5.0,0.0
GER-Bundesliga,2122,f9cb2f43,2021-10-16,Dortmund,Mainz 05,3.0,1.0
GER-Bundesliga,2122,0acbd0c7,2021-10-16,Frankfurt,Hertha BSC,1.0,2.0
GER-Bundesliga,2122,42f54f57,2021-10-16,Freiburg,RB Leipzig,1.0,1.0
GER-Bundesliga,2122,6dfac175,2021-10-16,Gladbach,Stuttgart,1.0,1.0
GER-Bundesliga,2122,ab41b4b4,2021-10-16,Greuther Fürth,Bochum,0.0,1.0
GER-Bundesliga,2122,0e35371a,2021-10-16,Union Berlin,Wolfsburg,2.0,0.0
GER-Bundesliga,2122,7154b5d1,2021-10-17,Augsburg,Arminia,1.0,1.0
GER-Bundesliga,2122,4fb9342d,2021-10-17,Leverkusen,Bayern Munich,1.0,5.0
GER-Bundesliga,2122,2fb98536,2021-10-22,Mainz 05,Augsburg,4.0,1.0
GER-Bundesliga,2122,d024165b,2021-10-23,Arminia,Dortmund,1.0,3.0
GER-Bundesliga,2122,84f78a21,2021-10-23,Bayern Munich,Hoffenheim,4.0,0.0
GER-Bundesliga,2122,60b309f6,2021-10-23,Hertha BSC,Gladbach,1.0,0.0
GER-Bundesliga,2122,b1bb1224,2021-10-23,RB Leipzig,Greuther Fürth,4.0,1.0
GER-Bundesliga,2122,9a217927,2021-10-23,Wolfsburg,Freiburg,0.0,2.0
GER-Bundesliga,2122,978265c8,2021-10-24,Bochum,Frankfurt,2.0,0.0
GER-Bundesliga,2122,8601b25d,2021-10-24,Köln,Leverkusen,2.0,2.0
GER-Bundesliga,2122,6bfdf1c1,2021-10-24,Stuttgart,Union Berlin,1.0,1.0
GER-Bundesliga,2122,910a7e20,2021-10-29,Hoffenheim,Hertha BSC,2.0,0.0
GER-Bundesliga,2122,f1714ccc,2021-10-30,Arminia,Mainz 05,1.0,2.0
GER-Bundesliga,2122,317a96ac,2021-10-30,Dortmund,Köln,2.0,0.0
GER-Bundesliga,2122,17b265aa,2021-10-30,Frankfurt,RB Leipzig,1.0,1.0
GER-Bundesliga,2122,1b975160,2021-10-30,Freiburg,Greuther Fürth,3.0,1.0
GER-Bundesliga,2122,1cfc37c8,2021-10-30,Leverkusen,Wolfsburg,0.0,2.0
GER-Bundesliga,2122,ecd8a537,2021-10-30,Union Berlin,Bayern Munich,2.0,5.0
GER-Bundesliga,2122,76cd38ec,2021-10-31,Augsburg,Stuttgart,4.0,1.0
GER-Bundesliga,2122,1f2fb766,2021-10-31,Gladbach,Bochum,2.0,1.0
GER-Bundesliga,2122,7174b056,2021-11-05,Mainz 05,Gladbach,1.0,1.0
GER-Bundesliga,2122,f0a8a2f0,2021-11-06,Bayern Munich,Freiburg,2.0,1.0
GER-Bundesliga,2122,3cb8f0f6,2021-11-06,Bochum,Hoffenheim,2.0,0.0
GER-Bundesliga,2122,a599df7c,2021-11-06,RB Leipzig,Dortmund,2.0,1.0
GER-Bundesliga,2122,d0f253c9,2021-11-06,Stuttgart,Arminia,0.0,1.0
GER-Bundesliga,2122,f1b9b586,2021-11-06,Wolfsburg,Augsburg,1.0,0.0
GER-Bundesliga,2122,d6e5c0fb,2021-11-07,Greuther Fürth,Frankfurt,1.0,2.0
GER-Bundesliga,2122,90ec1976,2021-11-07,Hertha BSC,Leverkusen,1.0,1.0
GER-Bundesliga,2122,212d11b2,2021-11-07,Köln,Union Berlin,2.0,2.0
GER-Bundesliga,2122,75a06726,2021-11-19,Augsburg,Bayern Munich,2.0,1.0
GER-Bundesliga,2122,c5c97f25,2021-11-20,Arminia,Wolfsburg,2.0,2.0
GER-Bundesliga,2122,5d6c4225,2021-11-20,Dortmund,Stuttgart,2.0,1.0
GER-Bundesliga,2122,e1da08ee,2021-11-20,Gladbach,Greuther Fürth,4.0,0.0
GER-Bundesliga,2122,49d6a038,2021-11-20,Hoffenheim,RB Leipzig,2.0,0.0
GER-Bundesliga,2122,983ef159,2021-11-20,Leverkusen,Bochum,1.0,0.0
GER-Bundesliga,2122,bb4eb685,2021-11-20,Union Berlin,Hertha BSC,2.0,0.0
GER-Bundesliga,2122,795e2fe3,2021-11-21,Freiburg,Frankfurt,0.0,2.0
GER-Bundesliga,2122,56673b3d,2021-11-21,Mainz 05,Köln,1.0,1.0
GER-Bundesliga,2122,d8bb03fe,2021-11-26,Stuttgart,Mainz 05,2.0,1.0
GER-Bundesliga,2122,0837adf5,2021-11-27,Bayern Munich,Arminia,1.0,0.0
GER-Bundesliga,2122,9e87ef16,2021-11-27,Bochum,Freiburg,2.0,1.0
GER-Bundesliga,2122,fe2da330,2021-11-27,Greuther Fürth,Hoffenheim,3.0,6.0
GER-Bundesliga,2122,2bc6c014,2021-11-27,Hertha BSC,Augsburg,1.0,1.0
GER-Bundesliga,2122,ce35a916,2021-11-27,Köln,Gladbach,4.0,1.0
GER-Bundesliga,2122,47f3f7ed,2021-11-27,Wolfsburg,Dortmund,1.0,3.0
GER-Bundesliga,2122,00b3ef3c,2021-11-28,Frankfurt,Union Berlin,2.0,1.0
GER-Bundesliga,2122,f65c6530,2021-11-28,RB Leipzig,Leverkusen,1.0,3.0
GER-Bundesliga,2122,bbae4301,2021-12-03,Union Berlin,RB Leipzig,2.0,1.0
GER-Bundesliga,2122,44a46d7c,2021-12-04,Arminia,Köln,1.0,1.0
GER-Bundesliga,2122,67ad2f82,2021-12-04,Augsburg,Bochum,2.0,3.0
GER-Bundesliga,2122,e79b392a,2021-12-04,Dortmund,Bayern Munich,2.0,3.0
GER-Bundesliga,2122,5ef82595,2021-12-04,Hoffenheim,Frankfurt,3.0,2.0
GER-Bundesliga,2122,24814b00,2021-12-04,Leverkusen,Greuther Fürth,7.0,1.0
GER-Bundesliga,2122,a3324197,2021-12-04,Mainz 05,Wolfsburg,3.0,0.0
GER-Bundesliga,2122,1dd75329,2021-12-05,Gladbach,Freiburg,0.0,6.0
GER-Bundesliga,2122,2ffc7ef9,2021-12-05,Stuttgart,Hertha BSC,2.0,2.0
GER-Bundesliga,2122,a1b384c8,2021-12-10,Köln,Augsburg,0.0,2.0
GER-Bundesliga,2122,66f449cb,2021-12-11,Bayern Munich,Mainz 05,2.0,1.0
GER-Bundesliga,2122,f8b45c28,2021-12-11,Bochum,Dortmund,1.0,1.0
GER-Bundesliga,2122,9595faee,2021-12-11,Freiburg,Hoffenheim,1.0,2.0
GER-Bundesliga,2122,365f5f06,2021-12-11,Hertha BSC,Arminia,2.0,0.0
GER-Bundesliga,2122,bbc5c234,2021-12-11,RB Leipzig,Gladbach,4.0,1.0
GER-Bundesliga,2122,80f0e20d,2021-12-11,Wolfsburg,Stuttgart,0.0,2.0
GER-Bundesliga,2122,4495c77f,2021-12-12,Frankfurt,Leverkusen,5.0,2.0
GER-Bundesliga,2122,b4244581,2021-12-12,Greuther Fürth,Union Berlin,1.0,0.0
GER-Bundesliga,2122,669776d4,2021-12-14,Arminia,Bochum,2.0,0.0
GER-Bundesliga,2122,80fb0b90,2021-12-14,Mainz 05,Hertha BSC,4.0,0.0
GER-Bundesliga,2122,a34a4627,2021-12-14,Stuttgart,Bayern Munich,0.0,5.0
GER-Bundesliga,2122,2e828281,2021-12-14,Wolfsburg,Köln,2.0,3.0
GER-Bundesliga,2122,9f8577db,2021-12-15,Augsburg,RB Leipzig,1.0,1.0
GER-Bundesliga,2122,7e3c242f,2021-12-15,Dortmund,Greuther Fürth,3.0,0.0
GER-Bundesliga,2122,f524f9e4,2021-12-15,Gladbach,Frankfurt,2.0,3.0
GER-Bundesliga,2122,625889dc,2021-12-15,Leverkusen,Hoffenheim,2.0,2.0
GER-Bundesliga,2122,6dc47096,2021-12-15,Union Berlin,Freiburg,0.0,0.0
GER-Bundesliga,2122,b979c625,2021-12-17,Bayern Munich,Wolfsburg,4.0,0.0
GER-Bundesliga,2122,1bbd187c,2021-12-18,Bochum,Union Berlin,0.0,1.0
GER-Bundesliga,2122,e887cbac,2021-12-18,Frankfurt,Mainz 05,1.0,0.0
GER-Bundesliga,2122,1f2c6db1,2021-12-18,Greuther Fürth,Augsburg,0.0,0.0
GER-Bundesliga,2122,6310e441,2021-12-18,Hertha BSC,Dortmund,3.0,2.0
GER-Bundesliga,2122,d8c0962b,2021-12-18,Hoffenheim,Gladbach,1.0,1.0
GER-Bundesliga,2122,5be07d30,2021-12-18,RB Leipzig,Arminia,0.0,2.0
GER-Bundesliga,2122,a57951da,2021-12-19,Freiburg,Leverkusen,2.0,1.0
GER-Bundesliga,2122,742dcf9d,2021-12-19,Köln,Stuttgart,1.0,0.0
GER-Bundesliga,2122,c57aed20,2022-01-07,Bayern Munich,Gladbach,1.0,2.0
GER-Bundesliga,2122,b725ba28,2022-01-08,Frankfurt,Dortmund,2.0,3.0
GER-Bundesliga,2122,50dff1aa,2022-01-08,Freiburg,Arminia,2.0,2.0
GER-Bundesliga,2122,a77ad9e5,2022-01-08,Greuther Fürth,Stuttgart,0.0,0.0
GER-Bundesliga,2122,6eec4f11,2022-01-08,Hoffenheim,Augsburg,3.0,1.0
GER-Bundesliga,2122,68a83d9e,2022-01-08,Leverkusen,Union Berlin,2.0,2.0
GER-Bundesliga,2122,6d2b8230,2022-01-08,RB Leipzig,Mainz 05,4.0,1.0
GER-Bundesliga,2122,864b04fa,2022-01-09,Bochum,Wolfsburg,1.0,0.0
GER-Bundesliga,2122,7cc5c3df,2022-01-09,Hertha BSC,Köln,1.0,3.0
GER-Bundesliga,2122,e6e155ee,2022-01-14,Dortmund,Freiburg,5.0,1.0
GER-Bundesliga,2122,f3ca871d,2022-01-15,Gladbach,Leverkusen,1.0,2.0
GER-Bundesliga,2122,9628e665,2022-01-15,Köln,Bayern Munich,0.0,4.0
GER-Bundesliga,2122,a7250685,2022-01-15,Mainz 05,Bochum,1.0,0.0
GER-Bundesliga,2122,4250c711,2022-01-15,Stuttgart,RB Leipzig,0.0,2.0
GER-Bundesliga,2122,8ec6d058,2022-01-15,Union Berlin,Hoffenheim,2.0,1.0
GER-Bundesliga,2122,ae551ba1,2022-01-15,Wolfsburg,Hertha BSC,0.0,0.0
GER-Bundesliga,2122,8a633b19,2022-01-16,Arminia,Greuther Fürth,2.0,2.0
GER-Bundesliga,2122,c63c7a3d,2022-01-16,Augsburg,Frankfurt,1.0,1.0
GER-Bundesliga,2122,3347ee68,2022-01-21,Frankfurt,Arminia,0.0,2.0
GER-Bundesliga,2122,01da71d0,2022-01-22,Bochum,Köln,2.0,2.0
GER-Bundesliga,2122,ee0352ea,2022-01-22,Freiburg,Stuttgart,2.0,0.0
GER-Bundesliga,2122,10ccd5fe,2022-01-22,Gladbach,Union Berlin,1.0,2.0
GER-Bundesliga,2122,16f88e72,2022-01-22,Greuther Fürth,Mainz 05,2.0,1.0
GER-Bundesliga,2122,87ba1cfd,2022-01-22,Hoffenheim,Dortmund,2.0,3.0
GER-Bundesliga,2122,0c94e33f,2022-01-22,Leverkusen,Augsburg,5.0,1.0
GER-Bundesliga,2122,3f46e462,2022-01-23,Hertha BSC,Bayern Munich,1.0,4.0
GER-Bundesliga,2122,a9545f25,2022-01-23,RB Leipzig,Wolfsburg,2.0,0.0
GER-Bundesliga,2122,656c2420,2022-02-04,Hertha BSC,Bochum,1.0,1.0
GER-Bundesliga,2122,23880eb6,2022-02-05,Arminia,Gladbach,1.0,1.0
GER-Bundesliga,2122,aea1c9e4,2022-02-05,Augsburg,Union Berlin,2.0,0.0
GER-Bundesliga,2122,03e077d0,2022-02-05,Bayern Munich,RB Leipzig,3.0,2.0
GER-Bundesliga,2122,a0c3c822,2022-02-05,Köln,Freiburg,1.0,0.0
GER-Bundesliga,2122,ba42179b,2022-02-05,Mainz 05,Hoffenheim,2.0,0.0
GER-Bundesliga,2122,05500317,2022-02-05,Stuttgart,Frankfurt,2.0,3.0
GER-Bundesliga,2122,2574fa35,2022-02-06,Dortmund,Leverkusen,2.0,5.0
GER-Bundesliga,2122,c6f4eb7d,2022-02-06,Wolfsburg,Greuther Fürth,4.0,1.0
GER-Bundesliga,2122,6d6b360d,2022-02-11,RB Leipzig,Köln,3.0,1.0
GER-Bundesliga,2122,6c4c8471,2022-02-12,Bochum,Bayern Munich,4.0,2.0
GER-Bundesliga,2122,5dfa02fd,2022-02-12,Frankfurt,Wolfsburg,0.0,2.0
GER-Bundesliga,2122,0125bef4,2022-02-12,Freiburg,Mainz 05,1.0,1.0
GER-Bundesliga,2122,2053af19,2022-02-12,Gladbach,Augsburg,3.0,2.0
GER-Bundesliga,2122,03a47695,2022-02-12,Greuther Fürth,Hertha BSC,2.0,1.0
GER-Bundesliga,2122,f40d4733,2022-02-12,Leverkusen,Stuttgart,4.0,2.0
GER-Bundesliga,2122,082f0997,2022-02-13,Hoffenheim,Arminia,2.0,0.0
GER-Bundesliga,2122,17dab886,2022-02-13,Union Berlin,Dortmund,0.0,3.0
GER-Bundesliga,2122,88eed3ef,2022-02-18,Mainz 05,Leverkusen,3.0,2.0
GER-Bundesliga,2122,80eaf904,2022-02-19,Arminia,Union Berlin,1.0,0.0
GER-Bundesliga,2122,dccae51a,2022-02-19,Augsburg,Freiburg,1.0,2.0
GER-Bundesliga,2122,7c56c1bf,2022-02-19,Köln,Frankfurt,1.0,0.0
GER-Bundesliga,2122,6f5e82da,2022-02-19,Stuttgart,Bochum,1.0,1.0
GER-Bundesliga,2122,b86e2d69,2022-02-19,Wolfsburg,Hoffenheim,1.0,2.0
GER-Bundesliga,2122,5ed7d173,2022-02-20,Bayern Munich,Greuther Fürth,4.0,1.0
GER-Bundesliga,2122,43a215f9,2022-02-20,Dortmund,Gladbach,6.0,0.0
GER-Bundesliga,2122,7bce087d,2022-02-20,Hertha BSC,RB Leipzig,1.0,6.0
GER-Bundesliga,2122,64a8de69,2022-02-25,Hoffenheim,Stuttgart,2.0,1.0
GER-Bundesliga,2122,a94ebd93,2022-02-26,Frankfurt,Bayern Munich,0.0,1.0
GER-Bundesliga,2122,176632d7,2022-02-26,Freiburg,Hertha BSC,3.0,0.0
GER-Bundesliga,2122,c915ef55,2022-02-26,Gladbach,Wolfsburg,2.0,2.0
GER-Bundesliga,2122,8b25d36f,2022-02-26,Greuther Fürth,Köln,1.0,1.0
GER-Bundesliga,2122,1e99f87f,2022-02-26,Leverkusen,Arminia,3.0,0.0
GER-Bundesliga,2122,d8cf30ac,2022-02-26,Union Berlin,Mainz 05,3.0,1.0
GER-Bundesliga,2122,da6f8ee7,2022-02-27,Augsburg,Dortmund,1.0,1.0
GER-Bundesliga,2122,f60aa0c6,2022-02-27,Bochum,RB Leipzig,0.0,1.0
GER-Bundesliga,2122,1dc51e51,2022-03-04,Arminia,Augsburg,0.0,1.0
GER-Bundesliga,2122,74b25680,2022-03-05,Bayern Munich,Leverkusen,1.0,1.0
GER-Bundesliga,2122,c1a124b2,2022-03-05,Bochum,Greuther Fürth,2.0,1.0
GER-Bundesliga,2122,bc979cc2,2022-03-05,Hertha BSC,Frankfurt,1.0,4.0
GER-Bundesliga,2122,3724924c,2022-03-05,RB Leipzig,Freiburg,1.0,1.0
GER-Bundesliga,2122,ec0566d3,2022-03-05,Stuttgart,Gladbach,3.0,2.0
GER-Bundesliga,2122,9a57ee84,2022-03-05,Wolfsburg,Union Berlin,1.0,0.0
GER-Bundesliga,2122,01625773,2022-03-06,Köln,Hoffenheim,0.0,1.0
GER-Bundesliga,2122,f87f4774,2022-03-12,Freiburg,Wolfsburg,3.0,2.0
GER-Bundesliga,2122,b927ea34,2022-03-12,Gladbach,Hertha BSC,2.0,0.0
GER-Bundesliga,2122,b04ef34a,2022-03-12,Hoffenheim,Bayern Munich,1.0,1.0
GER-Bundesliga,2122,838101e4,2022-03-12,Union Berlin,Stuttgart,1.0,1.0
GER-Bundesliga,2122,c92636c1,2022-03-13,Dortmund,Arminia,1.0,0.0
GER-Bundesliga,2122,d36290e1,2022-03-13,Frankfurt,Bochum,2.0,1.0
GER-Bundesliga,2122,4f96f1e2,2022-03-13,Greuther Fürth,RB Leipzig,1.0,6.0
GER-Bundesliga,2122,7c2bdd85,2022-03-13,Leverkusen,Köln,0.0,1.0
GER-Bundesliga,2122,2abd2132,2022-03-16,Mainz 05,Dortmund,0.0,1.0
GER-Bundesliga,2122,c34bbc21,2022-03-18,Bochum,Gladbach,0.0,2.0
GER-Bundesliga,2122,8a7edc58,2022-03-19,Bayern Munich,Union Berlin,4.0,0.0
GER-Bundesliga,2122,f0d8f18c,2022-03-19,Greuther Fürth,Freiburg,0.0,0.0
GER-Bundesliga,2122,df2c244b,2022-03-19,Hertha BSC,Hoffenheim,3.0,0.0
GER-Bundesliga,2122,e3e5a297,2022-03-19,Mainz 05,Arminia,4.0,0.0
GER-Bundesliga,2122,65a76db9,2022-03-19,Stuttgart,Augsburg,3.0,2.0
GER-Bundesliga,2122,4e9be983,2022-03-20,Köln,Dortmund,1.0,1.0
GER-Bundesliga,2122,5245b27f,2022-03-20,RB Leipzig,Frankfurt,0.0,0.0
GER-Bundesliga,2122,6e3b2c49,2022-03-20,Wolfsburg,Leverkusen,0.0,2.0
GER-Bundesliga,2122,842c282d,2022-04-01,Union Berlin,Köln,1.0,0.0
GER-Bundesliga,2122,3cf9ef0b,2022-04-02,Arminia,Stuttgart,1.0,1.0
GER-Bundesliga,2122,142e57da,2022-04-02,Dortmund,RB Leipzig,1.0,4.0
GER-Bundesliga,2122,84dfca9b,2022-04-02,Frankfurt,Greuther Fürth,0.0,0.0
GER-Bundesliga,2122,c49cc77e,2022-04-02,Freiburg,Bayern Munich,1.0,4.0
GER-Bundesliga,2122,3d271a87,2022-04-02,Hoffenheim,Bochum,1.0,2.0
GER-Bundesliga,2122,5be07425,2022-04-02,Leverkusen,Hertha BSC,2.0,1.0
GER-Bundesliga,2122,940fc2a6,2022-04-03,Augsburg,Wolfsburg,3.0,0.0
GER-Bundesliga,2122,2665736f,2022-04-03,Gladbach,Mainz 05,1.0,1.0
GER-Bundesliga,2122,d614186f,2022-04-06,Augsburg,Mainz 05,2.0,1.0
GER-Bundesliga,2122,19e1bbea,2022-04-08,Stuttgart,Dortmund,0.0,2.0
GER-Bundesliga,2122,32edb6b6,2022-04-09,Bayern Munich,Augsburg,1.0,0.0
GER-Bundesliga,2122,9642cb8e,2022-04-09,Greuther Fürth,Gladbach,0.0,2.0
GER-Bundesliga,2122,04851f34,2022-04-09,Hertha BSC,Union Berlin,1.0,4.0
GER-Bundesliga,2122,b2468a52,2022-04-09,Köln,Mainz 05,3.0,2.0
GER-Bundesliga,2122,fa852ccf,2022-04-09,Wolfsburg,Arminia,4.0,0.0
GER-Bundesliga,2122,25412678,2022-04-10,Bochum,Leverkusen,0.0,0.0
GER-Bundesliga,2122,e7491da8,2022-04-10,Frankfurt,Freiburg,1.0,2.0
GER-Bundesliga,2122,b6aa7132,2022-04-10,RB Leipzig,Hoffenheim,3.0,0.0
GER-Bundesliga,2122,ea17a6ff,2022-04-16,Augsburg,Hertha BSC,0.0,1.0
GER-Bundesliga,2122,2692dcc4,2022-04-16,Dortmund,Wolfsburg,6.0,1.0
GER-Bundesliga,2122,d568b6dd,2022-04-16,Freiburg,Bochum,3.0,0.0
GER-Bundesliga,2122,4e0481f4,2022-04-16,Gladbach,Köln,1.0,3.0
GER-Bundesliga,2122,7eeac6fb,2022-04-16,Mainz 05,Stuttgart,0.0,0.0
GER-Bundesliga,2122,af8c9180,2022-04-17,Arminia,Bayern Munich,0.0,3.0
GER-Bundesliga,2122,bab6d1dd,2022-04-17,Hoffenheim,Greuther Fürth,0.0,0.0
GER-Bundesliga,2122,d4cc9ae4,2022-04-17,Leverkusen,RB Leipzig,0.0,1.0
GER-Bundesliga,2122,1155fe35,2022-04-17,Union Berlin,Frankfurt,2.0,0.0
GER-Bundesliga,2122,9f31658e,2022-04-22,Wolfsburg,Mainz 05,5.0,0.0
GER-Bundesliga,2122,8c04e2e7,2022-04-23,Bayern Munich,Dortmund,3.0,1.0
GER-Bundesliga,2122,10162268,2022-04-23,Frankfurt,Hoffenheim,2.0,2.0
GER-Bundesliga,2122,72082975,2022-04-23,Freiburg,Gladbach,3.0,3.0
GER-Bundesliga,2122,da549a9d,2022-04-23,Greuther Fürth,Leverkusen,1.0,4.0
GER-Bundesliga,2122,63a9230b,2022-04-23,Köln,Arminia,3.0,1.0
GER-Bundesliga,2122,aa4dd599,2022-04-23,RB Leipzig,Union Berlin,1.0,2.0
GER-Bundesliga,2122,29085f79,2022-04-24,Bochum,Augsburg,0.0,2.0
GER-Bundesliga,2122,62595894,2022-04-24,Hertha BSC,Stuttgart,2.0,0.0
GER-Bundesliga,2122,621664f9,2022-04-29,Union Berlin,Greuther Fürth,1.0,1.0
GER-Bundesliga,2122,907cd34d,2022-04-30,Arminia,Hertha BSC,1.0,1.0
GER-Bundesliga,2122,9d63dd8a,2022-04-30,Augsburg,Köln,1.0,4.0
GER-Bundesliga,2122,257ad808,2022-04-30,Dortmund,Bochum,3.0,4.0
GER-Bundesliga,2122,c7076c62,2022-04-30,Hoffenheim,Freiburg,3.0,4.0
GER-Bundesliga,2122,f81e9135,2022-04-30,Mainz 05,Bayern Munich,3.0,1.0
GER-Bundesliga,2122,7d4c3f41,2022-04-30,Stuttgart,Wolfsburg,1.0,1.0
GER-Bundesliga,2122,84b03670,2022-05-02,Gladbach,RB Leipzig,3.0,1.0
GER-Bundesliga,2122,a2953956,2022-05-02,Leverkusen,Frankfurt,2.0,0.0
GER-Bundesliga,2122,73983b19,2022-05-06,Bochum,Arminia,2.0,1.0
GER-Bundesliga,2122,d6c40f7a,2022-05-07,Freiburg,Union Berlin,1.0,4.0
GER-Bundesliga,2122,d1f394f3,2022-05-07,Greuther Fürth,Dortmund,1.0,3.0
GER-Bundesliga,2122,cf7018f2,2022-05-07,Hertha BSC,Mainz 05,1.0,2.0
GER-Bundesliga,2122,389a34e9,2022-05-07,Hoffenheim,Leverkusen,2.0,4.0
GER-Bundesliga,2122,7e770cf7,2022-05-07,Köln,Wolfsburg,0.0,1.0
GER-Bundesliga,2122,f20efaaf,2022-05-08,Bayern Munich,Stuttgart,2.0,2.0
GER-Bundesliga,2122,b9b0b83a,2022-05-08,Frankfurt,Gladbach,1.0,1.0
GER-Bundesliga,2122,8ac13dab,2022-05-08,RB Leipzig,Augsburg,4.0,0.0
GER-Bundesliga,2122,ed07da7a,2022-05-14,Arminia,RB Leipzig,1.0,1.0
GER-Bundesliga,2122,e0a9b42f,2022-05-14,Augsburg,Greuther Fürth,2.0,1.0
GER-Bundesliga,2122,86428aab,2022-05-14,Dortmund,Hertha BSC,2.0,1.0
GER-Bundesliga,2122,b8402ce1,2022-05-14,Gladbach,Hoffenheim,5.0,1.0
GER-Bundesliga,2122,79ec8323,2022-05-14,Leverkusen,Freiburg,2.0,1.0
GER-Bundesliga,2122,976cf786,2022-05-14,Mainz 05,Frankfurt,2.0,2.0
GER-Bundesliga,2122,47e4a1a7,2022-05-14,Stuttgart,Köln,2.0,1.0
GER-Bundesliga,2122,c8cef118,2022-05-14,Union Berlin,Bochum,3.0,2.0
GER-Bundesliga,2122,31d4f881,2022-05-14,Wolfsburg,Bayern Munich,2.0,2.0
GER-Bundesliga,2122,ac3eb7f6,2022-05-19,Hertha BSC,Hamburger SV,0.0,1.0
GER-Bundesliga,2122,d50b48fe,2022-05-23,Hamburger SV,Hertha BSC,0.0,2.0
GER-Bundesliga,2223,6a1c18c4,2022-08-05,Frankfurt,Bayern Munich,1.0,6.0
GER-Bundesliga,2223,3c5c48d7,2022-08-06,Augsburg,Freiburg,0.0,4.0
GER-Bundesliga,2223,b9e40750,2022-08-06,Bochum,Mainz 05,1.0,2.0
GER-Bundesliga,2223,db9b4ee2,2022-08-06,Dortmund,Leverkusen,1.0,0.0
GER-Bundesliga,2223,aeed6604,2022-08-06,Gladbach,Hoffenheim,3.0,1.0
GER-Bundesliga,2223,58e704e1,2022-08-06,Union Berlin,Hertha BSC,3.0,1.0
GER-Bundesliga,2223,1591be13,2022-08-06,Wolfsburg,Werder Bremen,2.0,2.0
GER-Bundesliga,2223,6ba18904,2022-08-07,Köln,Schalke 04,3.0,1.0
GER-Bundesliga,2223,d0ce6f1a,2022-08-07,Stuttgart,RB Leipzig,1.0,1.0
GER-Bundesliga,2223,ba444a3a,2022-08-12,Freiburg,Dortmund,1.0,3.0
GER-Bundesliga,2223,ce54d618,2022-08-13,Hertha BSC,Frankfurt,1.0,1.0
GER-Bundesliga,2223,25d41fa1,2022-08-13,Hoffenheim,Bochum,3.0,2.0
GER-Bundesliga,2223,593a6bbe,2022-08-13,Leverkusen,Augsburg,1.0,2.0
GER-Bundesliga,2223,9db4ecbc,2022-08-13,RB Leipzig,Köln,2.0,2.0
GER-Bundesliga,2223,b799281f,2022-08-13,Schalke 04,Gladbach,2.0,2.0
GER-Bundesliga,2223,46fbabbf,2022-08-13,Werder Bremen,Stuttgart,2.0,2.0
GER-Bundesliga,2223,1a9bb65b,2022-08-14,Bayern Munich,Wolfsburg,2.0,0.0
GER-Bundesliga,2223,ff6b65cd,2022-08-14,Mainz 05,Union Berlin,0.0,0.0
GER-Bundesliga,2223,e0d55038,2022-08-19,Gladbach,Hertha BSC,1.0,0.0
GER-Bundesliga,2223,5c135cd8,2022-08-20,Augsburg,Mainz 05,1.0,2.0
GER-Bundesliga,2223,7c429f46,2022-08-20,Dortmund,Werder Bremen,2.0,3.0
GER-Bundesliga,2223,10b88c11,2022-08-20,Leverkusen,Hoffenheim,0.0,3.0
GER-Bundesliga,2223,6600ea4e,2022-08-20,Stuttgart,Freiburg,0.0,1.0
GER-Bundesliga,2223,5a91233f,2022-08-20,Union Berlin,RB Leipzig,2.0,1.0
GER-Bundesliga,2223,8bced063,2022-08-20,Wolfsburg,Schalke 04,0.0,0.0
GER-Bundesliga,2223,0df447e7,2022-08-21,Bochum,Bayern Munich,0.0,7.0
GER-Bundesliga,2223,ede68248,2022-08-21,Frankfurt,Köln,1.0,1.0
GER-Bundesliga,2223,c55b2bad,2022-08-26,Freiburg,Bochum,1.0,0.0
GER-Bundesliga,2223,18734157,2022-08-27,Bayern Munich,Gladbach,1.0,1.0
GER-Bundesliga,2223,a41a2361,2022-08-27,Hertha BSC,Dortmund,0.0,1.0
GER-Bundesliga,2223,7e4f3822,2022-08-27,Hoffenheim,Augsburg,1.0,0.0
GER-Bundesliga,2223,81e2a8be,2022-08-27,Mainz 05,Leverkusen,0.0,3.0
GER-Bundesliga,2223,945d99b8,2022-08-27,RB Leipzig,Wolfsburg,2.0,0.0
GER-Bundesliga,2223,97ce3356,2022-08-27,Schalke 04,Union Berlin,1.0,6.0
GER-Bundesliga,2223,6cf9a0a8,2022-08-28,Köln,Stuttgart,0.0,0.0
GER-Bundesliga,2223,2202b810,2022-08-28,Werder Bremen,Frankfurt,3.0,4.0
GER-Bundesliga,2223,0d4e976a,2022-09-02,Dortmund,Hoffenheim,1.0,0.0
GER-Bundesliga,2223,18504732,2022-09-03,Bochum,Werder Bremen,0.0,2.0
GER-Bundesliga,2223,5662d607,2022-09-03,Frankfurt,RB Leipzig,4.0,0.0
GER-Bundesliga,2223,857c6eda,2022-09-03,Leverkusen,Freiburg,2.0,3.0
GER-Bundesliga,2223,0d221ece,2022-09-03,Stuttgart,Schalke 04,1.0,1.0
GER-Bundesliga,2223,434ccae6,2022-09-03,Union Berlin,Bayern Munich,1.0,1.0
GER-Bundesliga,2223,e01323cb,2022-09-03,Wolfsburg,Köln,2.0,4.0
GER-Bundesliga,2223,276383fe,2022-09-04,Augsburg,Hertha BSC,0.0,2.0
GER-Bundesliga,2223,dac3e0d1,2022-09-04,Gladbach,Mainz 05,0.0,1.0
GER-Bundesliga,2223,bc40c506,2022-09-09,Werder Bremen,Augsburg,0.0,1.0
GER-Bundesliga,2223,3cf30801,2022-09-10,Bayern Munich,Stuttgart,2.0,2.0
GER-Bundesliga,2223,425671db,2022-09-10,Frankfurt,Wolfsburg,0.0,1.0
GER-Bundesliga,2223,61102d16,2022-09-10,Hertha BSC,Leverkusen,2.0,2.0
GER-Bundesliga,2223,b08c7efd,2022-09-10,Hoffenheim,Mainz 05,4.0,1.0
GER-Bundesliga,2223,e5fe17ad,2022-09-10,RB Leipzig,Dortmund,3.0,0.0
GER-Bundesliga,2223,b14cfbae,2022-09-10,Schalke 04,Bochum,3.0,1.0
GER-Bundesliga,2223,71b44862,2022-09-11,Freiburg,Gladbach,0.0,0.0
GER-Bundesliga,2223,8871407b,2022-09-11,Köln,Union Berlin,0.0,1.0
GER-Bundesliga,2223,6c1338f3,2022-09-16,Mainz 05,Hertha BSC,1.0,1.0
GER-Bundesliga,2223,f89d5de3,2022-09-17,Augsburg,Bayern Munich,1.0,0.0
GER-Bundesliga,2223,5bae3507,2022-09-17,Dortmund,Schalke 04,1.0,0.0
GER-Bundesliga,2223,3ca096b5,2022-09-17,Gladbach,RB Leipzig,3.0,0.0
GER-Bundesliga,2223,d0475442,2022-09-17,Leverkusen,Werder Bremen,1.0,1.0
GER-Bundesliga,2223,e89fbb60,2022-09-17,Stuttgart,Frankfurt,1.0,3.0
GER-Bundesliga,2223,d22f7e06,2022-09-18,Bochum,Köln,1.0,1.0
GER-Bundesliga,2223,62d3a5b6,2022-09-18,Hoffenheim,Freiburg,0.0,0.0
GER-Bundesliga,2223,894c69f9,2022-09-18,Union Berlin,Wolfsburg,2.0,0.0
GER-Bundesliga,2223,a5cf6022,2022-09-30,Bayern Munich,Leverkusen,4.0,0.0
GER-Bundesliga,2223,621858d4,2022-10-01,Frankfurt,Union Berlin,2.0,0.0
GER-Bundesliga,2223,4e3a874d,2022-10-01,Freiburg,Mainz 05,2.0,1.0
GER-Bundesliga,2223,84c74535,2022-10-01,Köln,Dortmund,3.0,2.0
GER-Bundesliga,2223,cf634a2b,2022-10-01,RB Leipzig,Bochum,4.0,0.0
GER-Bundesliga,2223,348d53fd,2022-10-01,Werder Bremen,Gladbach,5.0,1.0
GER-Bundesliga,2223,9c4a8b42,2022-10-01,Wolfsburg,Stuttgart,3.0,2.0
GER-Bundesliga,2223,446e82e7,2022-10-02,Hertha BSC,Hoffenheim,1.0,1.0
GER-Bundesliga,2223,2d3719fb,2022-10-02,Schalke 04,Augsburg,2.0,3.0
GER-Bundesliga,2223,62ea6f05,2022-10-07,Hoffenheim,Werder Bremen,1.0,2.0
GER-Bundesliga,2223,b41edb5f,2022-10-08,Augsburg,Wolfsburg,1.0,1.0
GER-Bundesliga,2223,4cb956d3,2022-10-08,Bochum,Frankfurt,3.0,0.0
GER-Bundesliga,2223,09926a13,2022-10-08,Dortmund,Bayern Munich,2.0,2.0
GER-Bundesliga,2223,dfb09293,2022-10-08,Leverkusen,Schalke 04,4.0,0.0
GER-Bundesliga,2223,8eba0211,2022-10-08,Mainz 05,RB Leipzig,1.0,1.0
GER-Bundesliga,2223,17ff2fd2,2022-10-09,Gladbach,Köln,5.0,2.0
GER-Bundesliga,2223,7345ac20,2022-10-09,Hertha BSC,Freiburg,2.0,2.0
GER-Bundesliga,2223,58ecc893,2022-10-09,Stuttgart,Union Berlin,0.0,1.0
GER-Bundesliga,2223,6ecee775,2022-10-14,Schalke 04,Hoffenheim,0.0,3.0
GER-Bundesliga,2223,1f10b4b6,2022-10-15,Frankfurt,Leverkusen,5.0,1.0
GER-Bundesliga,2223,d424a35d,2022-10-15,RB Leipzig,Hertha BSC,3.0,2.0
GER-Bundesliga,2223,d14313b8,2022-10-15,Stuttgart,Bochum,4.0,1.0
GER-Bundesliga,2223,aabd723a,2022-10-15,Werder Bremen,Mainz 05,0.0,2.0
GER-Bundesliga,2223,13646bf4,2022-10-15,Wolfsburg,Gladbach,2.0,2.0
GER-Bundesliga,2223,a8e87a05,2022-10-16,Bayern Munich,Freiburg,5.0,0.0
GER-Bundesliga,2223,410c0cac,2022-10-16,Köln,Augsburg,3.0,2.0
GER-Bundesliga,2223,0093e438,2022-10-16,Union Berlin,Dortmund,2.0,0.0
GER-Bundesliga,2223,d88938af,2022-10-21,Mainz 05,Köln,5.0,0.0
GER-Bundesliga,2223,efdacea4,2022-10-22,Augsburg,RB Leipzig,3.0,3.0
GER-Bundesliga,2223,99a2c409,2022-10-22,Dortmund,Stuttgart,5.0,0.0
GER-Bundesliga,2223,dc19c7f7,2022-10-22,Freiburg,Werder Bremen,2.0,0.0
GER-Bundesliga,2223,f45cb803,2022-10-22,Gladbach,Frankfurt,1.0,3.0
GER-Bundesliga,2223,70d1d2d9,2022-10-22,Hoffenheim,Bayern Munich,0.0,2.0
GER-Bundesliga,2223,479a4e6b,2022-10-22,Leverkusen,Wolfsburg,2.0,2.0
GER-Bundesliga,2223,ab55c8de,2022-10-23,Bochum,Union Berlin,2.0,1.0
GER-Bundesliga,2223,b8ef651e,2022-10-23,Hertha BSC,Schalke 04,2.0,1.0
GER-Bundesliga,2223,d9457056,2022-10-28,Werder Bremen,Hertha BSC,1.0,0.0
GER-Bundesliga,2223,4064fa8b,2022-10-29,Bayern Munich,Mainz 05,6.0,2.0
GER-Bundesliga,2223,fd1ed255,2022-10-29,Frankfurt,Dortmund,1.0,2.0
GER-Bundesliga,2223,6cdb0d1e,2022-10-29,RB Leipzig,Leverkusen,2.0,0.0
GER-Bundesliga,2223,d65b9084,2022-10-29,Stuttgart,Augsburg,2.0,1.0
GER-Bundesliga,2223,4d55ede5,2022-10-29,Wolfsburg,Bochum,4.0,0.0
GER-Bundesliga,2223,fdbc58f9,2022-10-30,Köln,Hoffenheim,1.0,1.0
GER-Bundesliga,2223,408042b1,2022-10-30,Schalke 04,Freiburg,0.0,2.0
GER-Bundesliga,2223,fa327fa0,2022-10-30,Union Berlin,Gladbach,2.0,1.0
GER-Bundesliga,2223,49542474,2022-11-04,Gladbach,Stuttgart,3.0,1.0
GER-Bundesliga,2223,bf93778c,2022-11-05,Augsburg,Frankfurt,1.0,2.0
GER-Bundesliga,2223,016315f6,2022-11-05,Dortmund,Bochum,3.0,0.0
GER-Bundesliga,2223,ebb5eea0,2022-11-05,Hertha BSC,Bayern Munich,2.0,3.0
GER-Bundesliga,2223,f2dd0498,2022-11-05,Hoffenheim,RB Leipzig,1.0,3.0
GER-Bundesliga,2223,1a5d2266,2022-11-05,Mainz 05,Wolfsburg,0.0,3.0
GER-Bundesliga,2223,a716d080,2022-11-05,Werder Bremen,Schalke 04,2.0,1.0
GER-Bundesliga,2223,e7bddbdc,2022-11-06,Freiburg,Köln,2.0,0.0
GER-Bundesliga,2223,f4fe21bd,2022-11-06,Leverkusen,Union Berlin,5.0,0.0
GER-Bundesliga,2223,d9a12455,2022-11-08,Bayern Munich,Werder Bremen,6.0,1.0
GER-Bundesliga,2223,28b010e8,2022-11-08,Bochum,Gladbach,2.0,1.0
GER-Bundesliga,2223,166186d3,2022-11-08,Stuttgart,Hertha BSC,2.0,1.0
GER-Bundesliga,2223,c2157a06,2022-11-08,Wolfsburg,Dortmund,2.0,0.0
GER-Bundesliga,2223,f07a9d92,2022-11-09,Frankfurt,Hoffenheim,4.0,2.0
GER-Bundesliga,2223,fd84b4c7,2022-11-09,Köln,Leverkusen,1.0,2.0
GER-Bundesliga,2223,8870eb5d,2022-11-09,RB Leipzig,Freiburg,3.0,1.0
GER-Bundesliga,2223,61b56228,2022-11-09,Schalke 04,Mainz 05,1.0,0.0
GER-Bundesliga,2223,2ec5b7e0,2022-11-09,Union Berlin,Augsburg,2.0,2.0
GER-Bundesliga,2223,d7864ec5,2022-11-11,Gladbach,Dortmund,4.0,2.0
GER-Bundesliga,2223,120ec880,2022-11-12,Augsburg,Bochum,0.0,1.0
GER-Bundesliga,2223,d8aa1e2f,2022-11-12,Hertha BSC,Köln,2.0,0.0
GER-Bundesliga,2223,33b74264,2022-11-12,Hoffenheim,Wolfsburg,1.0,2.0
GER-Bundesliga,2223,f45e1cad,2022-11-12,Leverkusen,Stuttgart,2.0,0.0
GER-Bundesliga,2223,90b95645,2022-11-12,Schalke 04,Bayern Munich,0.0,2.0
GER-Bundesliga,2223,5802a6a1,2022-11-12,Werder Bremen,RB Leipzig,1.0,2.0
GER-Bundesliga,2223,6f964d83,2022-11-13,Freiburg,Union Berlin,4.0,1.0
GER-Bundesliga,2223,65a0816d,2022-11-13,Mainz 05,Frankfurt,1.0,1.0
GER-Bundesliga,2223,e54e4723,2023-01-20,RB Leipzig,Bayern Munich,1.0,1.0
GER-Bundesliga,2223,9fe9e678,2023-01-21,Bochum,Hertha BSC,3.0,1.0
GER-Bundesliga,2223,d731c369,2023-01-21,Frankfurt,Schalke 04,3.0,0.0
GER-Bundesliga,2223,19f58056,2023-01-21,Köln,Werder Bremen,7.0,1.0
GER-Bundesliga,2223,908285ca,2023-01-21,Stuttgart,Mainz 05,1.0,1.0
GER-Bundesliga,2223,56a7d0d0,2023-01-21,Union Berlin,Hoffenheim,3.0,1.0
GER-Bundesliga,2223,cb069426,2023-01-21,Wolfsburg,Freiburg,6.0,0.0
GER-Bundesliga,2223,33175b1b,2023-01-22,Dortmund,Augsburg,4.0,3.0
GER-Bundesliga,2223,deef21aa,2023-01-22,Gladbach,Leverkusen,2.0,3.0
GER-Bundesliga,2223,d292482b,2023-01-24,Bayern Munich,Köln,1.0,1.0
GER-Bundesliga,2223,88c0675f,2023-01-24,Hertha BSC,Wolfsburg,0.0,5.0
GER-Bundesliga,2223,854a3876,2023-01-24,Hoffenheim,Stuttgart,2.0,2.0
GER-Bundesliga,2223,90f60fcc,2023-01-24,Schalke 04,RB Leipzig,1.0,6.0
GER-Bundesliga,2223,97983925,2023-01-25,Augsburg,Gladbach,1.0,0.0
GER-Bundesliga,2223,72d60e73,2023-01-25,Freiburg,Frankfurt,1.0,1.0
GER-Bundesliga,2223,f2bf462a,2023-01-25,Leverkusen,Bochum,2.0,0.0
GER-Bundesliga,2223,b8d0e1ee,2023-01-25,Mainz 05,Dortmund,1.0,2.0
GER-Bundesliga,2223,15b8706e,2023-01-25,Werder Bremen,Union Berlin,1.0,2.0
GER-Bundesliga,2223,86ac01eb,2023-01-27,RB Leipzig,Stuttgart,2.0,1.0
GER-Bundesliga,2223,833c4e45,2023-01-28,Bayern Munich,Frankfurt,1.0,1.0
GER-Bundesliga,2223,3cb24e8c,2023-01-28,Freiburg,Augsburg,3.0,1.0
GER-Bundesliga,2223,cdc0aa10,2023-01-28,Hertha BSC,Union Berlin,0.0,2.0
GER-Bundesliga,2223,2d387bd4,2023-01-28,Hoffenheim,Gladbach,1.0,4.0
GER-Bundesliga,2223,59dc2823,2023-01-28,Mainz 05,Bochum,5.0,2.0
GER-Bundesliga,2223,9369ff0a,2023-01-28,Werder Bremen,Wolfsburg,2.0,1.0
GER-Bundesliga,2223,397a485b,2023-01-29,Leverkusen,Dortmund,0.0,2.0
GER-Bundesliga,2223,f45358e4,2023-01-29,Schalke 04,Köln,0.0,0.0
GER-Bundesliga,2223,4782defe,2023-02-03,Augsburg,Leverkusen,1.0,0.0
GER-Bundesliga,2223,66ad90ae,2023-02-04,Bochum,Hoffenheim,5.0,2.0
GER-Bundesliga,2223,85e9a74e,2023-02-04,Dortmund,Freiburg,5.0,1.0
GER-Bundesliga,2223,4e460d5f,2023-02-04,Frankfurt,Hertha BSC,3.0,0.0
GER-Bundesliga,2223,bd090272,2023-02-04,Gladbach,Schalke 04,0.0,0.0
GER-Bundesliga,2223,7e5eb5e7,2023-02-04,Köln,RB Leipzig,0.0,0.0
GER-Bundesliga,2223,b4d8e07a,2023-02-04,Union Berlin,Mainz 05,2.0,1.0
GER-Bundesliga,2223,8668a4af,2023-02-05,Stuttgart,Werder Bremen,0.0,2.0
GER-Bundesliga,2223,29fe863b,2023-02-05,Wolfsburg,Bayern Munich,2.0,4.0
GER-Bundesliga,2223,ee7ae28f,2023-02-10,Schalke 04,Wolfsburg,0.0,0.0
GER-Bundesliga,2223,5965a1a5,2023-02-11,Bayern Munich,Bochum,3.0,0.0
GER-Bundesliga,2223,c1164128,2023-02-11,Freiburg,Stuttgart,2.0,1.0
GER-Bundesliga,2223,f1174eaa,2023-02-11,Hoffenheim,Leverkusen,1.0,3.0
GER-Bundesliga,2223,b4611264,2023-02-11,Mainz 05,Augsburg,3.0,1.0
GER-Bundesliga,2223,675c7caa,2023-02-11,RB Leipzig,Union Berlin,1.0,2.0
GER-Bundesliga,2223,f4770889,2023-02-11,Werder Bremen,Dortmund,0.0,2.0
GER-Bundesliga,2223,52794a29,2023-02-12,Hertha BSC,Gladbach,4.0,1.0
GER-Bundesliga,2223,607bccee,2023-02-12,Köln,Frankfurt,3.0,0.0
GER-Bundesliga,2223,1ad1a820,2023-02-17,Augsburg,Hoffenheim,1.0,0.0
GER-Bundesliga,2223,b7b9e3af,2023-02-18,Bochum,Freiburg,0.0,2.0
GER-Bundesliga,2223,2f761f57,2023-02-18,Frankfurt,Werder Bremen,2.0,0.0
GER-Bundesliga,2223,a92f59f3,2023-02-18,Gladbach,Bayern Munich,3.0,2.0
GER-Bundesliga,2223,e83011a1,2023-02-18,Stuttgart,Köln,3.0,0.0
GER-Bundesliga,2223,2a6ca0af,2023-02-18,Wolfsburg,RB Leipzig,0.0,3.0
GER-Bundesliga,2223,f19df84d,2023-02-19,Dortmund,Hertha BSC,4.0,1.0
GER-Bundesliga,2223,5c6f34d5,2023-02-19,Leverkusen,Mainz 05,2.0,3.0
GER-Bundesliga,2223,a9e38b5e,2023-02-19,Union Berlin,Schalke 04,0.0,0.0
GER-Bundesliga,2223,810ae873,2023-02-24,Mainz 05,Gladbach,4.0,0.0
GER-Bundesliga,2223,036557e3,2023-02-25,Hertha BSC,Augsburg,2.0,0.0
GER-Bundesliga,2223,3783fb1a,2023-02-25,Hoffenheim,Dortmund,0.0,1.0
GER-Bundesliga,2223,b67e1a2b,2023-02-25,Köln,Wolfsburg,0.0,2.0
GER-Bundesliga,2223,ba661568,2023-02-25,RB Leipzig,Frankfurt,2.0,1.0
GER-Bundesliga,2223,66587081,2023-02-25,Schalke 04,Stuttgart,2.0,1.0
GER-Bundesliga,2223,81cc7bca,2023-02-25,Werder Bremen,Bochum,3.0,0.0
GER-Bundesliga,2223,a7295b73,2023-02-26,Bayern Munich,Union Berlin,3.0,0.0
GER-Bundesliga,2223,80d78571,2023-02-26,Freiburg,Leverkusen,1.0,1.0
GER-Bundesliga,2223,ffdf70a3,2023-03-03,Dortmund,RB Leipzig,2.0,1.0
GER-Bundesliga,2223,c1c98fdb,2023-03-04,Augsburg,Werder Bremen,2.0,1.0
GER-Bundesliga,2223,43262c26,2023-03-04,Bochum,Schalke 04,0.0,2.0
GER-Bundesliga,2223,4f3e16bd,2023-03-04,Gladbach,Freiburg,0.0,0.0
GER-Bundesliga,2223,a53ea960,2023-03-04,Mainz 05,Hoffenheim,1.0,0.0
GER-Bundesliga,2223,74b28bd6,2023-03-04,Stuttgart,Bayern Munich,1.0,2.0
GER-Bundesliga,2223,c8f452f3,2023-03-04,Union Berlin,Köln,0.0,0.0
GER-Bundesliga,2223,653f7b37,2023-03-05,Leverkusen,Hertha BSC,4.0,1.0
GER-Bundesliga,2223,d5c104c4,2023-03-05,Wolfsburg,Frankfurt,2.0,2.0
GER-Bundesliga,2223,de4b3121,2023-03-10,Köln,Bochum,0.0,2.0
GER-Bundesliga,2223,944bd3c5,2023-03-11,Bayern Munich,Augsburg,5.0,3.0
GER-Bundesliga,2223,09b6b304,2023-03-11,Frankfurt,Stuttgart,1.0,1.0
GER-Bundesliga,2223,98d4118f,2023-03-11,Hertha BSC,Mainz 05,1.0,1.0
GER-Bundesliga,2223,b3cf8218,2023-03-11,RB Leipzig,Gladbach,3.0,0.0
GER-Bundesliga,2223,d5614bd8,2023-03-11,Schalke 04,Dortmund,2.0,2.0
GER-Bundesliga,2223,3b637bd1,2023-03-12,Freiburg,Hoffenheim,2.0,1.0
GER-Bundesliga,2223,b5fadc4a,2023-03-12,Werder Bremen,Leverkusen,2.0,3.0
GER-Bundesliga,2223,bccd23bd,2023-03-12,Wolfsburg,Union Berlin,1.0,1.0
GER-Bundesliga,2223,7955d3c4,2023-03-17,Gladbach,Werder Bremen,2.0,2.0
GER-Bundesliga,2223,0a29bb4d,2023-03-18,Augsburg,Schalke 04,1.0,1.0
GER-Bundesliga,2223,bf042f0f,2023-03-18,Bochum,RB Leipzig,1.0,0.0
GER-Bundesliga,2223,573e61e6,2023-03-18,Dortmund,Köln,6.0,1.0
GER-Bundesliga,2223,387232e1,2023-03-18,Hoffenheim,Hertha BSC,3.0,1.0
GER-Bundesliga,2223,25568360,2023-03-18,Stuttgart,Wolfsburg,0.0,1.0
GER-Bundesliga,2223,aec673b3,2023-03-19,Leverkusen,Bayern Munich,2.0,1.0
GER-Bundesliga,2223,9e17b9e4,2023-03-19,Mainz 05,Freiburg,1.0,1.0
GER-Bundesliga,2223,25c69425,2023-03-19,Union Berlin,Frankfurt,2.0,0.0
GER-Bundesliga,2223,abd8c355,2023-03-31,Frankfurt,Bochum,1.0,1.0
GER-Bundesliga,2223,bb6bc93e,2023-04-01,Bayern Munich,Dortmund,4.0,2.0
GER-Bundesliga,2223,e03fd67e,2023-04-01,Freiburg,Hertha BSC,1.0,1.0
GER-Bundesliga,2223,b091d9ef,2023-04-01,RB Leipzig,Mainz 05,0.0,3.0
GER-Bundesliga,2223,65762e1c,2023-04-01,Schalke 04,Leverkusen,0.0,3.0
GER-Bundesliga,2223,269bd326,2023-04-01,Union Berlin,Stuttgart,3.0,0.0
GER-Bundesliga,2223,2f71d15b,2023-04-01,Wolfsburg,Augsburg,2.0,2.0
GER-Bundesliga,2223,cad146d2,2023-04-02,Köln,Gladbach,0.0,0.0
GER-Bundesliga,2223,0a8b5f27,2023-04-02,Werder Bremen,Hoffenheim,1.0,2.0
GER-Bundesliga,2223,e4c946bf,2023-04-08,Augsburg,Köln,1.0,3.0
GER-Bundesliga,2223,2c7da156,2023-04-08,Dortmund,Union Berlin,2.0,1.0
GER-Bundesliga,2223,59b47cfa,2023-04-08,Freiburg,Bayern Munich,0.0,1.0
GER-Bundesliga,2223,6061bd97,2023-04-08,Hertha BSC,RB Leipzig,0.0,1.0
GER-Bundesliga,2223,81752d4e,2023-04-08,Leverkusen,Frankfurt,3.0,1.0
GER-Bundesliga,2223,66757d65,2023-04-08,Mainz 05,Werder Bremen,2.0,2.0
GER-Bundesliga,2223,ae8b05b0,2023-04-09,Bochum,Stuttgart,2.0,3.0
GER-Bundesliga,2223,5a8c9445,2023-04-09,Gladbach,Wolfsburg,2.0,0.0
GER-Bundesliga,2223,71c77d73,2023-04-09,Hoffenheim,Schalke 04,2.0,0.0
GER-Bundesliga,2223,d5b1699d,2023-04-14,Schalke 04,Hertha BSC,5.0,2.0
GER-Bundesliga,2223,3bd0a0b0,2023-04-15,Bayern Munich,Hoffenheim,1.0,1.0
GER-Bundesliga,2223,0f0732a9,2023-04-15,Frankfurt,Gladbach,1.0,1.0
GER-Bundesliga,2223,6e392bf7,2023-04-15,Köln,Mainz 05,1.0,1.0
GER-Bundesliga,2223,eebf5f63,2023-04-15,RB Leipzig,Augsburg,3.0,2.0
GER-Bundesliga,2223,6edfa8da,2023-04-15,Stuttgart,Dortmund,3.0,3.0
GER-Bundesliga,2223,3085d44f,2023-04-16,Union Berlin,Bochum,1.0,1.0
GER-Bundesliga,2223,0bb9084f,2023-04-16,Werder Bremen,Freiburg,1.0,2.0
GER-Bundesliga,2223,120d171d,2023-04-16,Wolfsburg,Leverkusen,0.0,0.0
GER-Bundesliga,2223,09ca6600,2023-04-21,Augsburg,Stuttgart,1.0,1.0
GER-Bundesliga,2223,3e28c288,2023-04-22,Bochum,Wolfsburg,1.0,5.0
GER-Bundesliga,2223,6711d41f,2023-04-22,Dortmund,Frankfurt,4.0,0.0
GER-Bundesliga,2223,8f26336c,2023-04-22,Hertha BSC,Werder Bremen,2.0,4.0
GER-Bundesliga,2223,95d759ca,2023-04-22,Hoffenheim,Köln,1.0,3.0
GER-Bundesliga,2223,3410db21,2023-04-22,Mainz 05,Bayern Munich,3.0,1.0
GER-Bundesliga,2223,f0286cc7,2023-04-23,Freiburg,Schalke 04,4.0,0.0
GER-Bundesliga,2223,e12d79d5,2023-04-23,Gladbach,Union Berlin,0.0,1.0
GER-Bundesliga,2223,26543a5e,2023-04-23,Leverkusen,RB Leipzig,2.0,0.0
GER-Bundesliga,2223,118ea8ca,2023-04-28,Bochum,Dortmund,1.0,1.0
GER-Bundesliga,2223,e050564f,2023-04-29,Frankfurt,Augsburg,1.0,1.0
GER-Bundesliga,2223,05947df3,2023-04-29,Köln,Freiburg,0.0,1.0
GER-Bundesliga,2223,2cc7718d,2023-04-29,RB Leipzig,Hoffenheim,1.0,0.0
GER-Bundesliga,2223,d5da6439,2023-04-29,Schalke 04,Werder Bremen,2.0,1.0
GER-Bundesliga,2223,139ca136,2023-04-29,Stuttgart,Gladbach,2.0,1.0
GER-Bundesliga,2223,37225ef5,2023-04-29,Union Berlin,Leverkusen,0.0,0.0
GER-Bundesliga,2223,479842a5,2023-04-30,Bayern Munich,Hertha BSC,2.0,0.0
GER-Bundesliga,2223,9e5d2eb6,2023-04-30,Wolfsburg,Mainz 05,3.0,0.0
GER-Bundesliga,2223,675d9386,2023-05-05,Leverkusen,Köln,1.0,2.0
GER-Bundesliga,2223,6b6e2610,2023-05-05,Mainz 05,Schalke 04,2.0,3.0
GER-Bundesliga,2223,e3d5bffe,2023-05-06,Augsburg,Union Berlin,1.0,0.0
GER-Bundesliga,2223,67097ed4,2023-05-06,Freiburg,RB Leipzig,0.0,1.0
GER-Bundesliga,2223,7879b588,2023-05-06,Gladbach,Bochum,2.0,0.0
GER-Bundesliga,2223,42e4af5d,2023-05-06,Hertha BSC,Stuttgart,2.0,1.0
GER-Bundesliga,2223,156130d8,2023-05-06,Hoffenheim,Frankfurt,3.0,1.0
GER-Bundesliga,2223,6b6c1395,2023-05-06,Werder Bremen,Bayern Munich,1.0,2.0
GER-Bundesliga,2223,b4ef9cd4,2023-05-07,Dortmund,Wolfsburg,6.0,0.0
GER-Bundesliga,2223,5c7691f9,2023-05-12,Köln,Hertha BSC,5.0,2.0
GER-Bundesliga,2223,fe6503dd,2023-05-13,Bayern Munich,Schalke 04,6.0,0.0
GER-Bundesliga,2223,fe49dbb7,2023-05-13,Bochum,Augsburg,3.0,2.0
GER-Bundesliga,2223,9446dc35,2023-05-13,Dortmund,Gladbach,5.0,2.0
GER-Bundesliga,2223,36b97bb0,2023-05-13,Frankfurt,Mainz 05,3.0,0.0
GER-Bundesliga,2223,f82fd3c0,2023-05-13,Union Berlin,Freiburg,4.0,2.0
GER-Bundesliga,2223,72640936,2023-05-13,Wolfsburg,Hoffenheim,2.0,1.0
GER-Bundesliga,2223,2d19cb2b,2023-05-14,RB Leipzig,Werder Bremen,2.0,1.0
GER-Bundesliga,2223,42d7adfc,2023-05-14,Stuttgart,Leverkusen,1.0,1.0
GER-Bundesliga,2223,47aa9aee,2023-05-19,Freiburg,Wolfsburg,2.0,0.0
GER-Bundesliga,2223,82b8a000,2023-05-20,Bayern Munich,RB Leipzig,1.0,3.0
GER-Bundesliga,2223,7cf736d6,2023-05-20,Hertha BSC,Bochum,1.0,1.0
GER-Bundesliga,2223,a65d5d30,2023-05-20,Hoffenheim,Union Berlin,4.0,2.0
GER-Bundesliga,2223,076b76d0,2023-05-20,Schalke 04,Frankfurt,2.0,2.0
GER-Bundesliga,2223,08639b6b,2023-05-20,Werder Bremen,Köln,1.0,1.0
GER-Bundesliga,2223,675b470e,2023-05-21,Augsburg,Dortmund,0.0,3.0
GER-Bundesliga,2223,950d530f,2023-05-21,Leverkusen,Gladbach,2.0,2.0
GER-Bundesliga,2223,24268cd4,2023-05-21,Mainz 05,Stuttgart,1.0,4.0
GER-Bundesliga,2223,53e70f1f,2023-05-27,Bochum,Leverkusen,3.0,0.0
GER-Bundesliga,2223,a888a024,2023-05-27,Dortmund,Mainz 05,2.0,2.0
GER-Bundesliga,2223,a4e2fd72,2023-05-27,Frankfurt,Freiburg,2.0,1.0
GER-Bundesliga,2223,aeea6378,2023-05-27,Gladbach,Augsburg,2.0,0.0
GER-Bundesliga,2223,e4cfcebe,2023-05-27,Köln,Bayern Munich,1.0,2.0
GER-Bundesliga,2223,2f8cd3bf,2023-05-27,RB Leipzig,Schalke 04,4.0,2.0
GER-Bundesliga,2223,d9be90fd,2023-05-27,Stuttgart,Hoffenheim,1.0,1.0
GER-Bundesliga,2223,878df9c3,2023-05-27,Union Berlin,Werder Bremen,1.0,0.0
GER-Bundesliga,2223,e1005615,2023-05-27,Wolfsburg,Hertha BSC,1.0,2.0
GER-Bundesliga,2223,2c791569,2023-06-01,Stuttgart,Hamburger SV,3.0,0.0
GER-Bundesliga,2223,f9a47a86,2023-06-05,Hamburger SV,Stuttgart,1.0,3.0
GER-Bundesliga,2324,97218e9f,2023-08-18,Werder Bremen,Bayern Munich,0.0,4.0
GER-Bundesliga,2324,aac55b7f,2023-08-19,Augsburg,Gladbach,4.0,4.0
GER-Bundesliga,2324,c05c14ef,2023-08-19,Dortmund,Köln,1.0,0.0
GER-Bundesliga,2324,d1a443e5,2023-08-19,Hoffenheim,Freiburg,1.0,2.0
GER-Bundesliga,2324,063d7b6b,2023-08-19,Leverkusen,RB Leipzig,3.0,2.0
GER-Bundesliga,2324,8fe3b615,2023-08-19,Stuttgart,Bochum,5.0,0.0
GER-Bundesliga,2324,3b6337dc,2023-08-19,Wolfsburg,Heidenheim,2.0,0.0
GER-Bundesliga,2324,60fc3feb,2023-08-20,Frankfurt,Darmstadt 98,1.0,0.0
GER-Bundesliga,2324,d6f1201f,2023-08-20,Union Berlin,Mainz 05,4.0,1.0
GER-Bundesliga,2324,195113d1,2023-08-25,RB Leipzig,Stuttgart,5.0,1.0
GER-Bundesliga,2324,02deea82,2023-08-26,Bochum,Dortmund,1.0,1.0
GER-Bundesliga,2324,0fb64fd7,2023-08-26,Darmstadt 98,Union Berlin,1.0,4.0
GER-Bundesliga,2324,4ffd6c40,2023-08-26,Freiburg,Werder Bremen,1.0,0.0
GER-Bundesliga,2324,3f7b87b9,2023-08-26,Gladbach,Leverkusen,0.0,3.0
GER-Bundesliga,2324,95224afe,2023-08-26,Heidenheim,Hoffenheim,2.0,3.0
GER-Bundesliga,2324,6ce17247,2023-08-26,Köln,Wolfsburg,1.0,2.0
GER-Bundesliga,2324,f32bb54f,2023-08-27,Bayern Munich,Augsburg,3.0,1.0
GER-Bundesliga,2324,53e372dd,2023-08-27,Mainz 05,Frankfurt,1.0,1.0
GER-Bundesliga,2324,6533d274,2023-09-01,Dortmund,Heidenheim,2.0,2.0
GER-Bundesliga,2324,c8ab18c8,2023-09-02,Augsburg,Bochum,2.0,2.0
GER-Bundesliga,2324,ffd6fa2f,2023-09-02,Gladbach,Bayern Munich,1.0,2.0
GER-Bundesliga,2324,10204eb8,2023-09-02,Hoffenheim,Wolfsburg,3.0,1.0
GER-Bundesliga,2324,949b0917,2023-09-02,Leverkusen,Darmstadt 98,5.0,1.0
GER-Bundesliga,2324,fdd85186,2023-09-02,Stuttgart,Freiburg,5.0,0.0
GER-Bundesliga,2324,0f06a162,2023-09-02,Werder Bremen,Mainz 05,4.0,0.0
GER-Bundesliga,2324,3a3dcb35,2023-09-03,Frankfurt,Köln,1.0,1.0
GER-Bundesliga,2324,7df62594,2023-09-03,Union Berlin,RB Leipzig,0.0,3.0
GER-Bundesliga,2324,d6d922d0,2023-09-15,Bayern Munich,Leverkusen,2.0,2.0
GER-Bundesliga,2324,fffdfc41,2023-09-16,Bochum,Frankfurt,1.0,1.0
GER-Bundesliga,2324,363f8d87,2023-09-16,Freiburg,Dortmund,2.0,4.0
GER-Bundesliga,2324,d121d2fe,2023-09-16,Köln,Hoffenheim,1.0,3.0
GER-Bundesliga,2324,1f4fdb5f,2023-09-16,Mainz 05,Stuttgart,1.0,3.0
GER-Bundesliga,2324,f3b2aa39,2023-09-16,RB Leipzig,Augsburg,3.0,0.0
GER-Bundesliga,2324,140f5fb4,2023-09-16,Wolfsburg,Union Berlin,2.0,1.0
GER-Bundesliga,2324,d58f8b35,2023-09-17,Darmstadt 98,Gladbach,3.0,3.0
GER-Bundesliga,2324,2185c7f5,2023-09-17,Heidenheim,Werder Bremen,4.0,2.0
GER-Bundesliga,2324,9cc13e55,2023-09-22,Stuttgart,Darmstadt 98,3.0,1.0
GER-Bundesliga,2324,6ac8a673,2023-09-23,Augsburg,Mainz 05,2.0,1.0
GER-Bundesliga,2324,047ad2d7,2023-09-23,Bayern Munich,Bochum,7.0,0.0
GER-Bundesliga,2324,ba296db6,2023-09-23,Dortmund,Wolfsburg,1.0,0.0
GER-Bundesliga,2324,e0aca9dc,2023-09-23,Gladbach,RB Leipzig,0.0,1.0
GER-Bundesliga,2324,3c776110,2023-09-23,Union Berlin,Hoffenheim,0.0,2.0
GER-Bundesliga,2324,b15270e1,2023-09-23,Werder Bremen,Köln,2.0,1.0
GER-Bundesliga,2324,04b49830,2023-09-24,Frankfurt,Freiburg,0.0,0.0
GER-Bundesliga,2324,68a63295,2023-09-24,Leverkusen,Heidenheim,4.0,1.0
GER-Bundesliga,2324,651b8bdf,2023-09-29,Hoffenheim,Dortmund,1.0,3.0
GER-Bundesliga,2324,b07cca46,2023-09-30,Bochum,Gladbach,1.0,3.0
GER-Bundesliga,2324,23d84166,2023-09-30,Heidenheim,Union Berlin,1.0,0.0
GER-Bundesliga,2324,0c06c0c9,2023-09-30,Köln,Stuttgart,0.0,2.0
GER-Bundesliga,2324,d16559ab,2023-09-30,Mainz 05,Leverkusen,0.0,3.0
GER-Bundesliga,2324,e30a07e3,2023-09-30,RB Leipzig,Bayern Munich,2.0,2.0
GER-Bundesliga,2324,330b9850,2023-09-30,Wolfsburg,Frankfurt,2.0,0.0
GER-Bundesliga,2324,5ebc00f1,2023-10-01,Darmstadt 98,Werder Bremen,4.0,2.0
GER-Bundesliga,2324,367e0516,2023-10-01,Freiburg,Augsburg,2.0,0.0
GER-Bundesliga,2324,a2a3e181,2023-10-06,Gladbach,Mainz 05,2.0,2.0
GER-Bundesliga,2324,7d0fed76,2023-10-07,Augsburg,Darmstadt 98,1.0,2.0
GER-Bundesliga,2324,4661d112,2023-10-07,Dortmund,Union Berlin,4.0,2.0
GER-Bundesliga,2324,15bd2f93,2023-10-07,RB Leipzig,Bochum,0.0,0.0
GER-Bundesliga,2324,7eb884e7,2023-10-07,Stuttgart,Wolfsburg,3.0,1.0
GER-Bundesliga,2324,0cff2d10,2023-10-07,Werder Bremen,Hoffenheim,2.0,3.0
GER-Bundesliga,2324,8a7f496b,2023-10-08,Bayern Munich,Freiburg,3.0,0.0
GER-Bundesliga,2324,72335e6e,2023-10-08,Frankfurt,Heidenheim,2.0,0.0
GER-Bundesliga,2324,f1268661,2023-10-08,Leverkusen,Köln,3.0,0.0
GER-Bundesliga,2324,be058dce,2023-10-20,Dortmund,Werder Bremen,1.0,0.0
GER-Bundesliga,2324,48110abe,2023-10-21,Darmstadt 98,RB Leipzig,1.0,3.0
GER-Bundesliga,2324,0014bad7,2023-10-21,Freiburg,Bochum,2.0,1.0
GER-Bundesliga,2324,e689158b,2023-10-21,Hoffenheim,Frankfurt,1.0,3.0
GER-Bundesliga,2324,a7af08ab,2023-10-21,Mainz 05,Bayern Munich,1.0,3.0
GER-Bundesliga,2324,9ab68fca,2023-10-21,Union Berlin,Stuttgart,0.0,3.0
GER-Bundesliga,2324,9a4291a3,2023-10-21,Wolfsburg,Leverkusen,1.0,2.0
GER-Bundesliga,2324,41fd7764,2023-10-22,Heidenheim,Augsburg,2.0,5.0
GER-Bundesliga,2324,5224d2f5,2023-10-22,Köln,Gladbach,3.0,1.0
GER-Bundesliga,2324,cfe3b5c3,2023-10-27,Bochum,Mainz 05,2.0,2.0
GER-Bundesliga,2324,b08c06e8,2023-10-28,Augsburg,Wolfsburg,3.0,2.0
GER-Bundesliga,2324,bc7df752,2023-10-28,Bayern Munich,Darmstadt 98,8.0,0.0
GER-Bundesliga,2324,029be8be,2023-10-28,Gladbach,Heidenheim,2.0,1.0
GER-Bundesliga,2324,c9cde5e8,2023-10-28,RB Leipzig,Köln,6.0,0.0
GER-Bundesliga,2324,bbecea98,2023-10-28,Stuttgart,Hoffenheim,2.0,3.0
GER-Bundesliga,2324,aed937f1,2023-10-28,Werder Bremen,Union Berlin,2.0,0.0
GER-Bundesliga,2324,d332b8cc,2023-10-29,Frankfurt,Dortmund,3.0,3.0
GER-Bundesliga,2324,9cc63f4d,2023-10-29,Leverkusen,Freiburg,2.0,1.0
GER-Bundesliga,2324,44974e1b,2023-11-03,Darmstadt 98,Bochum,1.0,2.0
GER-Bundesliga,2324,0e6a1a60,2023-11-04,Dortmund,Bayern Munich,0.0,4.0
GER-Bundesliga,2324,663aa0ea,2023-11-04,Freiburg,Gladbach,3.0,3.0
GER-Bundesliga,2324,c0894ab7,2023-11-04,Hoffenheim,Leverkusen,2.0,3.0
GER-Bundesliga,2324,ab499def,2023-11-04,Köln,Augsburg,1.0,1.0
GER-Bundesliga,2324,1161dad0,2023-11-04,Mainz 05,RB Leipzig,2.0,0.0
GER-Bundesliga,2324,d81fbe7f,2023-11-04,Union Berlin,Frankfurt,0.0,3.0
GER-Bundesliga,2324,305a9b51,2023-11-05,Heidenheim,Stuttgart,2.0,0.0
GER-Bundesliga,2324,98d8fe64,2023-11-05,Wolfsburg,Werder Bremen,2.0,2.0
GER-Bundesliga,2324,3037667d,2023-11-10,Gladbach,Wolfsburg,4.0,0.0
GER-Bundesliga,2324,3970535a,2023-11-11,Augsburg,Hoffenheim,1.0,1.0
GER-Bundesliga,2324,684040d1,2023-11-11,Bayern Munich,Heidenheim,4.0,2.0
GER-Bundesliga,2324,b7bef81f,2023-11-11,Bochum,Köln,1.0,1.0
GER-Bundesliga,2324,f98e467c,2023-11-11,Darmstadt 98,Mainz 05,0.0,0.0
GER-Bundesliga,2324,5e8f7e88,2023-11-11,Stuttgart,Dortmund,2.0,1.0
GER-Bundesliga,2324,bece4395,2023-11-12,Leverkusen,Union Berlin,4.0,0.0
GER-Bundesliga,2324,fcbc3a03,2023-11-12,RB Leipzig,Freiburg,3.0,1.0
GER-Bundesliga,2324,5c3bedb6,2023-11-12,Werder Bremen,Frankfurt,2.0,2.0
GER-Bundesliga,2324,5ffb46dc,2023-11-24,Köln,Bayern Munich,0.0,1.0
GER-Bundesliga,2324,f681bb3c,2023-11-25,Dortmund,Gladbach,4.0,2.0
GER-Bundesliga,2324,681f0b6f,2023-11-25,Frankfurt,Stuttgart,1.0,2.0
GER-Bundesliga,2324,057a9eb7,2023-11-25,Freiburg,Darmstadt 98,1.0,1.0
GER-Bundesliga,2324,e30bd7d2,2023-11-25,Union Berlin,Augsburg,1.0,1.0
GER-Bundesliga,2324,30b8a712,2023-11-25,Werder Bremen,Leverkusen,0.0,3.0
GER-Bundesliga,2324,a98967a4,2023-11-25,Wolfsburg,RB Leipzig,2.0,1.0
GER-Bundesliga,2324,d913616c,2023-11-26,Heidenheim,Bochum,0.0,0.0
GER-Bundesliga,2324,bc0e7fa8,2023-11-26,Hoffenheim,Mainz 05,1.0,1.0
GER-Bundesliga,2324,88486a76,2023-12-01,Darmstadt 98,Köln,0.0,1.0
GER-Bundesliga,2324,a700767e,2023-12-02,Bochum,Wolfsburg,3.0,1.0
GER-Bundesliga,2324,fa6e2a54,2023-12-02,Gladbach,Hoffenheim,2.0,1.0
GER-Bundesliga,2324,1277604b,2023-12-02,RB Leipzig,Heidenheim,2.0,1.0
GER-Bundesliga,2324,5ea2a1ee,2023-12-02,Stuttgart,Werder Bremen,2.0,0.0
GER-Bundesliga,2324,4bea1c30,2023-12-03,Augsburg,Frankfurt,2.0,1.0
GER-Bundesliga,2324,a235a3b6,2023-12-03,Leverkusen,Dortmund,1.0,1.0
GER-Bundesliga,2324,3f2986cd,2023-12-03,Mainz 05,Freiburg,0.0,1.0
GER-Bundesliga,2324,dfcff3ef,2023-12-08,Hoffenheim,Bochum,3.0,1.0
GER-Bundesliga,2324,f73593b4,2023-12-09,Dortmund,RB Leipzig,2.0,3.0
GER-Bundesliga,2324,251c1dd6,2023-12-09,Frankfurt,Bayern Munich,5.0,1.0
GER-Bundesliga,2324,1a98eda2,2023-12-09,Heidenheim,Darmstadt 98,3.0,2.0
GER-Bundesliga,2324,31e39f60,2023-12-09,Union Berlin,Gladbach,3.0,1.0
GER-Bundesliga,2324,e6729107,2023-12-09,Werder Bremen,Augsburg,2.0,0.0
GER-Bundesliga,2324,9c21532b,2023-12-09,Wolfsburg,Freiburg,0.0,1.0
GER-Bundesliga,2324,c88aecd7,2023-12-10,Köln,Mainz 05,0.0,0.0
GER-Bundesliga,2324,a24d6ae4,2023-12-10,Stuttgart,Leverkusen,1.0,1.0
GER-Bundesliga,2324,6789ead0,2023-12-15,Gladbach,Werder Bremen,2.0,2.0
GER-Bundesliga,2324,c6900058,2023-12-16,Augsburg,Dortmund,1.0,1.0
GER-Bundesliga,2324,a08896e6,2023-12-16,Bochum,Union Berlin,3.0,0.0
GER-Bundesliga,2324,6863e2f2,2023-12-16,Darmstadt 98,Wolfsburg,0.0,1.0
GER-Bundesliga,2324,cafc9381,2023-12-16,Mainz 05,Heidenheim,0.0,1.0
GER-Bundesliga,2324,71872824,2023-12-16,RB Leipzig,Hoffenheim,3.0,1.0
GER-Bundesliga,2324,c46446dd,2023-12-17,Bayern Munich,Stuttgart,3.0,0.0
GER-Bundesliga,2324,bf792334,2023-12-17,Freiburg,Köln,2.0,0.0
GER-Bundesliga,2324,a0cd5a82,2023-12-17,Leverkusen,Frankfurt,3.0,0.0
GER-Bundesliga,2324,ac181d3a,2023-12-19,Dortmund,Mainz 05,1.0,1.0
GER-Bundesliga,2324,067ebd6d,2023-12-19,Hoffenheim,Darmstadt 98,3.0,3.0
GER-Bundesliga,2324,be7a1a96,2023-12-19,Werder Bremen,RB Leipzig,1.0,1.0
GER-Bundesliga,2324,ece3d924,2023-12-20,Frankfurt,Gladbach,2.0,1.0
GER-Bundesliga,2324,1d712cc9,2023-12-20,Heidenheim,Freiburg,3.0,2.0
GER-Bundesliga,2324,693808a8,2023-12-20,Leverkusen,Bochum,4.0,0.0
GER-Bundesliga,2324,479c1c3c,2023-12-20,Stuttgart,Augsburg,3.0,0.0
GER-Bundesliga,2324,4ca1cef3,2023-12-20,Union Berlin,Köln,2.0,0.0
GER-Bundesliga,2324,5ccedacd,2023-12-20,Wolfsburg,Bayern Munich,1.0,2.0
GER-Bundesliga,2324,91371afd,2024-01-12,Bayern Munich,Hoffenheim,3.0,0.0
GER-Bundesliga,2324,66fc4faa,2024-01-13,Augsburg,Leverkusen,0.0,1.0
GER-Bundesliga,2324,4ec40540,2024-01-13,Darmstadt 98,Dortmund,0.0,3.0
GER-Bundesliga,2324,1b4e7c2f,2024-01-13,Freiburg,Union Berlin,0.0,0.0
GER-Bundesliga,2324,9bf98d14,2024-01-13,Köln,Heidenheim,1.0,1.0
GER-Bundesliga,2324,f78fccc2,2024-01-13,Mainz 05,Wolfsburg,1.0,1.0
GER-Bundesliga,2324,1646b377,2024-01-13,RB Leipzig,Frankfurt,0.0,1.0
GER-Bundesliga,2324,48d916da,2024-01-14,Bochum,Werder Bremen,1.0,1.0
GER-Bundesliga,2324,20f7e860,2024-01-14,Gladbach,Stuttgart,3.0,1.0
GER-Bundesliga,2324,853d1bc7,2024-01-20,Bochum,Stuttgart,1.0,0.0
GER-Bundesliga,2324,262bec03,2024-01-20,Darmstadt 98,Frankfurt,2.0,2.0
GER-Bundesliga,2324,81e30c5a,2024-01-20,Freiburg,Hoffenheim,3.0,2.0
GER-Bundesliga,2324,49675ada,2024-01-20,Heidenheim,Wolfsburg,1.0,1.0
GER-Bundesliga,2324,7aed9153,2024-01-20,Köln,Dortmund,0.0,4.0
GER-Bundesliga,2324,a56df31c,2024-01-20,RB Leipzig,Leverkusen,2.0,3.0
GER-Bundesliga,2324,c6332d80,2024-01-21,Bayern Munich,Werder Bremen,0.0,1.0
GER-Bundesliga,2324,fa79d782,2024-01-21,Gladbach,Augsburg,1.0,2.0
GER-Bundesliga,2324,549b837b,2024-01-24,Bayern Munich,Union Berlin,1.0,0.0
GER-Bundesliga,2324,5b7e9cd3,2024-01-26,Frankfurt,Mainz 05,1.0,0.0
GER-Bundesliga,2324,40038184,2024-01-27,Augsburg,Bayern Munich,2.0,3.0
GER-Bundesliga,2324,c5e04de2,2024-01-27,Hoffenheim,Heidenheim,1.0,1.0
GER-Bundesliga,2324,c7a2c8f1,2024-01-27,Leverkusen,Gladbach,0.0,0.0
GER-Bundesliga,2324,e0307b8a,2024-01-27,Stuttgart,RB Leipzig,5.0,2.0
GER-Bundesliga,2324,3490a176,2024-01-27,Werder Bremen,Freiburg,3.0,1.0
GER-Bundesliga,2324,8d9dabda,2024-01-27,Wolfsburg,Köln,1.0,1.0
GER-Bundesliga,2324,d5fb6e78,2024-01-28,Dortmund,Bochum,3.0,1.0
GER-Bundesliga,2324,94831b74,2024-01-28,Union Berlin,Darmstadt 98,1.0,0.0
GER-Bundesliga,2324,6c075db6,2024-02-02,Heidenheim,Dortmund,0.0,0.0
GER-Bundesliga,2324,8638e930,2024-02-03,Bayern Munich,Gladbach,3.0,1.0
GER-Bundesliga,2324,ed400d12,2024-02-03,Bochum,Augsburg,1.0,1.0
GER-Bundesliga,2324,e290014d,2024-02-03,Darmstadt 98,Leverkusen,0.0,2.0
GER-Bundesliga,2324,1caf6190,2024-02-03,Freiburg,Stuttgart,1.0,3.0
GER-Bundesliga,2324,ffa57b10,2024-02-03,Köln,Frankfurt,2.0,0.0
GER-Bundesliga,2324,aac29d85,2024-02-03,Mainz 05,Werder Bremen,0.0,1.0
GER-Bundesliga,2324,ef553212,2024-02-04,RB Leipzig,Union Berlin,2.0,0.0
GER-Bundesliga,2324,5832b0ba,2024-02-04,Wolfsburg,Hoffenheim,2.0,2.0
GER-Bundesliga,2324,b020c917,2024-02-07,Mainz 05,Union Berlin,1.0,1.0
GER-Bundesliga,2324,d8ec709e,2024-02-09,Dortmund,Freiburg,3.0,0.0
GER-Bundesliga,2324,f1d93f2a,2024-02-10,Augsburg,RB Leipzig,2.0,2.0
GER-Bundesliga,2324,cad8b5cb,2024-02-10,Frankfurt,Bochum,1.0,1.0
GER-Bundesliga,2324,ca8e752c,2024-02-10,Gladbach,Darmstadt 98,0.0,0.0
GER-Bundesliga,2324,cb3e9794,2024-02-10,Leverkusen,Bayern Munich,3.0,0.0
GER-Bundesliga,2324,55c0668e,2024-02-10,Union Berlin,Wolfsburg,1.0,0.0
GER-Bundesliga,2324,0e7196f4,2024-02-10,Werder Bremen,Heidenheim,1.0,2.0
GER-Bundesliga,2324,c5cb718a,2024-02-11,Hoffenheim,Köln,1.0,1.0
GER-Bundesliga,2324,8a942999,2024-02-11,Stuttgart,Mainz 05,3.0,1.0
GER-Bundesliga,2324,23e6e69b,2024-02-16,Köln,Werder Bremen,0.0,1.0
GER-Bundesliga,2324,495996b3,2024-02-17,Darmstadt 98,Stuttgart,1.0,2.0
GER-Bundesliga,2324,dc9bd3f1,2024-02-17,Heidenheim,Leverkusen,1.0,2.0
GER-Bundesliga,2324,1087676d,2024-02-17,Hoffenheim,Union Berlin,0.0,1.0
GER-Bundesliga,2324,09ef0419,2024-02-17,Mainz 05,Augsburg,1.0,0.0
GER-Bundesliga,2324,2562b3f2,2024-02-17,RB Leipzig,Gladbach,2.0,0.0
GER-Bundesliga,2324,8834fb75,2024-02-17,Wolfsburg,Dortmund,1.0,1.0
GER-Bundesliga,2324,3729d74c,2024-02-18,Bochum,Bayern Munich,3.0,2.0
GER-Bundesliga,2324,61bcf887,2024-02-18,Freiburg,Frankfurt,3.0,3.0
GER-Bundesliga,2324,f1ee2f4d,2024-02-23,Leverkusen,Mainz 05,2.0,1.0
GER-Bundesliga,2324,2b197304,2024-02-24,Bayern Munich,RB Leipzig,2.0,1.0
GER-Bundesliga,2324,41a1026d,2024-02-24,Gladbach,Bochum,5.0,2.0
GER-Bundesliga,2324,5c9a36d8,2024-02-24,Stuttgart,Köln,1.0,1.0
GER-Bundesliga,2324,05492802,2024-02-24,Union Berlin,Heidenheim,2.0,2.0
GER-Bundesliga,2324,307bb1fe,2024-02-24,Werder Bremen,Darmstadt 98,1.0,1.0
GER-Bundesliga,2324,7619c72c,2024-02-25,Augsburg,Freiburg,2.0,1.0
GER-Bundesliga,2324,9da49b22,2024-02-25,Dortmund,Hoffenheim,2.0,3.0
GER-Bundesliga,2324,41a055f9,2024-02-25,Frankfurt,Wolfsburg,2.0,2.0
GER-Bundesliga,2324,fd3df072,2024-03-01,Freiburg,Bayern Munich,2.0,2.0
GER-Bundesliga,2324,3d96e277,2024-03-02,Bochum,RB Leipzig,1.0,4.0
GER-Bundesliga,2324,fb8f1eb7,2024-03-02,Darmstadt 98,Augsburg,0.0,6.0
GER-Bundesliga,2324,451ca624,2024-03-02,Heidenheim,Frankfurt,1.0,2.0
GER-Bundesliga,2324,7e9375f7,2024-03-02,Mainz 05,Gladbach,1.0,1.0
GER-Bundesliga,2324,a5477209,2024-03-02,Union Berlin,Dortmund,0.0,2.0
GER-Bundesliga,2324,3a645dc5,2024-03-02,Wolfsburg,Stuttgart,2.0,3.0
GER-Bundesliga,2324,1e6c5f41,2024-03-03,Hoffenheim,Werder Bremen,2.0,1.0
GER-Bundesliga,2324,45ef7b37,2024-03-03,Köln,Leverkusen,0.0,2.0
GER-Bundesliga,2324,cf9a3f12,2024-03-08,Stuttgart,Union Berlin,2.0,0.0
GER-Bundesliga,2324,f5e3c688,2024-03-09,Augsburg,Heidenheim,1.0,0.0
GER-Bundesliga,2324,13642200,2024-03-09,Bayern Munich,Mainz 05,8.0,1.0
GER-Bundesliga,2324,d2df2d6e,2024-03-09,Gladbach,Köln,3.0,3.0
GER-Bundesliga,2324,c7a7fa1e,2024-03-09,RB Leipzig,Darmstadt 98,2.0,0.0
GER-Bundesliga,2324,93f65055,2024-03-09,Werder Bremen,Dortmund,1.0,2.0
GER-Bundesliga,2324,a3e71105,2024-03-10,Bochum,Freiburg,1.0,2.0
GER-Bundesliga,2324,e64845a2,2024-03-10,Frankfurt,Hoffenheim,3.0,1.0
GER-Bundesliga,2324,e496288a,2024-03-10,Leverkusen,Wolfsburg,2.0,0.0
GER-Bundesliga,2324,e1fbd27a,2024-03-15,Köln,RB Leipzig,1.0,5.0
GER-Bundesliga,2324,fbdd5729,2024-03-16,Darmstadt 98,Bayern Munich,2.0,5.0
GER-Bundesliga,2324,960bc764,2024-03-16,Heidenheim,Gladbach,1.0,1.0
GER-Bundesliga,2324,4ec68df2,2024-03-16,Hoffenheim,Stuttgart,0.0,3.0
GER-Bundesliga,2324,df59d301,2024-03-16,Mainz 05,Bochum,2.0,0.0
GER-Bundesliga,2324,bdb8f06f,2024-03-16,Union Berlin,Werder Bremen,2.0,1.0
GER-Bundesliga,2324,20a7ebf0,2024-03-16,Wolfsburg,Augsburg,1.0,3.0
GER-Bundesliga,2324,fc260c9c,2024-03-17,Dortmund,Frankfurt,3.0,1.0
GER-Bundesliga,2324,5b15a938,2024-03-17,Freiburg,Leverkusen,2.0,3.0
GER-Bundesliga,2324,2214f825,2024-03-30,Bayern Munich,Dortmund,0.0,2.0
GER-Bundesliga,2324,2c607fee,2024-03-30,Frankfurt,Union Berlin,0.0,0.0
GER-Bundesliga,2324,ec7eb5c4,2024-03-30,Gladbach,Freiburg,0.0,3.0
GER-Bundesliga,2324,c6837308,2024-03-30,Leverkusen,Hoffenheim,2.0,1.0
GER-Bundesliga,2324,bd8a352b,2024-03-30,RB Leipzig,Mainz 05,0.0,0.0
GER-Bundesliga,2324,14145f04,2024-03-30,Werder Bremen,Wolfsburg,0.0,2.0
GER-Bundesliga,2324,01fc81d2,2024-03-31,Augsburg,Köln,1.0,1.0
GER-Bundesliga,2324,9a5b5b37,2024-03-31,Bochum,Darmstadt 98,2.0,2.0
GER-Bundesliga,2324,c2bf703c,2024-03-31,Stuttgart,Heidenheim,3.0,3.0
GER-Bundesliga,2324,d488395d,2024-04-05,Frankfurt,Werder Bremen,1.0,1.0
GER-Bundesliga,2324,7f40218d,2024-04-06,Dortmund,Stuttgart,0.0,1.0
GER-Bundesliga,2324,007c65cc,2024-04-06,Freiburg,RB Leipzig,1.0,4.0
GER-Bundesliga,2324,f162ca67,2024-04-06,Heidenheim,Bayern Munich,3.0,2.0
GER-Bundesliga,2324,d8652581,2024-04-06,Köln,Bochum,2.0,1.0
GER-Bundesliga,2324,d905f8cf,2024-04-06,Mainz 05,Darmstadt 98,4.0,0.0
GER-Bundesliga,2324,8d50a0dc,2024-04-06,Union Berlin,Leverkusen,0.0,1.0
GER-Bundesliga,2324,55760d88,2024-04-07,Hoffenheim,Augsburg,3.0,1.0
GER-Bundesliga,2324,48bbbaa4,2024-04-07,Wolfsburg,Gladbach,1.0,3.0
GER-Bundesliga,2324,77277650,2024-04-12,Augsburg,Union Berlin,2.0,0.0
GER-Bundesliga,2324,40ea8291,2024-04-13,Bayern Munich,Köln,2.0,0.0
GER-Bundesliga,2324,402ab1ff,2024-04-13,Bochum,Heidenheim,1.0,1.0
GER-Bundesliga,2324,37ed39d6,2024-04-13,Gladbach,Dortmund,1.0,2.0
GER-Bundesliga,2324,395983e2,2024-04-13,Mainz 05,Hoffenheim,4.0,1.0
GER-Bundesliga,2324,dc48a914,2024-04-13,RB Leipzig,Wolfsburg,3.0,0.0
GER-Bundesliga,2324,50a48ffc,2024-04-13,Stuttgart,Frankfurt,3.0,0.0
GER-Bundesliga,2324,4cb378dd,2024-04-14,Darmstadt 98,Freiburg,0.0,1.0
GER-Bundesliga,2324,995e3537,2024-04-14,Leverkusen,Werder Bremen,5.0,0.0
GER-Bundesliga,2324,7e121aaa,2024-04-19,Frankfurt,Augsburg,3.0,1.0
GER-Bundesliga,2324,421566c1,2024-04-20,Heidenheim,RB Leipzig,1.0,2.0
GER-Bundesliga,2324,b0db8bc6,2024-04-20,Hoffenheim,Gladbach,4.0,3.0
GER-Bundesliga,2324,c2a328c8,2024-04-20,Köln,Darmstadt 98,0.0,2.0
GER-Bundesliga,2324,35d42e43,2024-04-20,Union Berlin,Bayern Munich,1.0,5.0
GER-Bundesliga,2324,12980c2d,2024-04-20,Wolfsburg,Bochum,1.0,0.0
GER-Bundesliga,2324,24b5202b,2024-04-21,Dortmund,Leverkusen,1.0,1.0
GER-Bundesliga,2324,f477f432,2024-04-21,Freiburg,Mainz 05,1.0,1.0
GER-Bundesliga,2324,c8030035,2024-04-21,Werder Bremen,Stuttgart,2.0,1.0
GER-Bundesliga,2324,f6908cfc,2024-04-26,Bochum,Hoffenheim,3.0,2.0
GER-Bundesliga,2324,308f90b7,2024-04-27,Augsburg,Werder Bremen,0.0,3.0
GER-Bundesliga,2324,33de3608,2024-04-27,Bayern Munich,Frankfurt,2.0,1.0
GER-Bundesliga,2324,73187673,2024-04-27,Freiburg,Wolfsburg,1.0,2.0
GER-Bundesliga,2324,275b46ad,2024-04-27,Leverkusen,Stuttgart,2.0,2.0
GER-Bundesliga,2324,9813cba6,2024-04-27,RB Leipzig,Dortmund,4.0,1.0
GER-Bundesliga,2324,3534834b,2024-04-28,Darmstadt 98,Heidenheim,0.0,1.0
GER-Bundesliga,2324,186f2bd2,2024-04-28,Gladbach,Union Berlin,0.0,0.0
GER-Bundesliga,2324,294cb583,2024-04-28,Mainz 05,Köln,1.0,1.0
GER-Bundesliga,2324,0c04e055,2024-05-03,Hoffenheim,RB Leipzig,1.0,1.0
GER-Bundesliga,2324,973a53e2,2024-05-04,Dortmund,Augsburg,5.0,1.0
GER-Bundesliga,2324,90f8e14b,2024-05-04,Köln,Freiburg,0.0,0.0
GER-Bundesliga,2324,38c2e1c6,2024-05-04,Stuttgart,Bayern Munich,3.0,1.0
GER-Bundesliga,2324,4e276e61,2024-05-04,Werder Bremen,Gladbach,2.0,2.0
GER-Bundesliga,2324,d460a027,2024-05-04,Wolfsburg,Darmstadt 98,3.0,0.0
GER-Bundesliga,2324,20542574,2024-05-05,Frankfurt,Leverkusen,1.0,5.0
GER-Bundesliga,2324,61a6652f,2024-05-05,Heidenheim,Mainz 05,1.0,1.0
GER-Bundesliga,2324,1956c53e,2024-05-05,Union Berlin,Bochum,3.0,4.0
GER-Bundesliga,2324,479d1417,2024-05-10,Augsburg,Stuttgart,0.0,1.0
GER-Bundesliga,2324,9fe2f393,2024-05-11,Freiburg,Heidenheim,1.0,1.0
GER-Bundesliga,2324,f60ad969,2024-05-11,Gladbach,Frankfurt,1.0,1.0
GER-Bundesliga,2324,1d97656d,2024-05-11,Köln,Union Berlin,3.0,2.0
GER-Bundesliga,2324,23d95a33,2024-05-11,Mainz 05,Dortmund,3.0,0.0
GER-Bundesliga,2324,fbb2b015,2024-05-11,RB Leipzig,Werder Bremen,1.0,1.0
GER-Bundesliga,2324,22e38eb5,2024-05-12,Bayern Munich,Wolfsburg,2.0,0.0
GER-Bundesliga,2324,722f0a3e,2024-05-12,Bochum,Leverkusen,0.0,5.0
GER-Bundesliga,2324,27a15c2e,2024-05-12,Darmstadt 98,Hoffenheim,0.0,6.0
GER-Bundesliga,2324,14f21084,2024-05-18,Dortmund,Darmstadt 98,4.0,0.0
GER-Bundesliga,2324,f7159f33,2024-05-18,Frankfurt,RB Leipzig,2.0,2.0
GER-Bundesliga,2324,f0787a6c,2024-05-18,Heidenheim,Köln,4.0,1.0
GER-Bundesliga,2324,250e8184,2024-05-18,Hoffenheim,Bayern Munich,4.0,2.0
GER-Bundesliga,2324,8b525565,2024-05-18,Leverkusen,Augsburg,2.0,1.0
GER-Bundesliga,2324,229aab5e,2024-05-18,Stuttgart,Gladbach,4.0,0.0
GER-Bundesliga,2324,0a7a794b,2024-05-18,Union Berlin,Freiburg,2.0,1.0
GER-Bundesliga,2324,0c2b0305,2024-05-18,Werder Bremen,Bochum,4.0,1.0
GER-Bundesliga,2324,31be20b7,2024-05-18,Wolfsburg,Mainz 05,1.0,3.0
GER-Bundesliga,2324,9156fa34,2024-05-23,Bochum,Düsseldorf,0.0,3.0
GER-Bundesliga,2425,d42e53df,2024-08-23,Gladbach,Leverkusen,2.0,3.0
GER-Bundesliga,2425,967de8db,2024-08-24,Augsburg,Werder Bremen,2.0,2.0
GER-Bundesliga,2425,3750f4ea,2024-08-24,Dortmund,Frankfurt,2.0,0.0
GER-Bundesliga,2425,a64e4ea4,2024-08-24,Freiburg,Stuttgart,3.0,1.0
GER-Bundesliga,2425,b549a198,2024-08-24,Hoffenheim,Holstein Kiel,3.0,2.0
GER-Bundesliga,2425,02dc2f7e,2024-08-24,Mainz 05,Union Berlin,1.0,1.0
GER-Bundesliga,2425,cd173a0a,2024-08-24,RB Leipzig,Bochum,1.0,0.0
GER-Bundesliga,2425,26a137cc,2024-08-25,St Pauli,Heidenheim,0.0,2.0
GER-Bundesliga,2425,48886f11,2024-08-25,Wolfsburg,Bayern Munich,2.0,3.0
GER-Bundesliga,2425,ce5d1374,2024-08-30,Union Berlin,St Pauli,1.0,0.0
GER-Bundesliga,2425,d31a8f27,2024-08-31,Bochum,Gladbach,0.0,2.0
GER-Bundesliga,2425,20afc3a6,2024-08-31,Frankfurt,Hoffenheim,3.0,1.0
GER-Bundesliga,2425,7e2bdec0,2024-08-31,Holstein Kiel,Wolfsburg,0.0,2.0
GER-Bundesliga,2425,20df1da5,2024-08-31,Leverkusen,RB Leipzig,2.0,3.0
GER-Bundesliga,2425,378509f5,2024-08-31,Stuttgart,Mainz 05,3.0,3.0
GER-Bundesliga,2425,0f6a93b4,2024-08-31,Werder Bremen,Dortmund,0.0,0.0
GER-Bundesliga,2425,c11acc1b,2024-09-01,Bayern Munich,Freiburg,2.0,0.0
GER-Bundesliga,2425,19bab96c,2024-09-01,Heidenheim,Augsburg,4.0,0.0
GER-Bundesliga,2425,c19c18dc,2024-09-13,Dortmund,Heidenheim,4.0,2.0
GER-Bundesliga,2425,5ad7fdc3,2024-09-14,Freiburg,Bochum,2.0,1.0
GER-Bundesliga,2425,571e17c9,2024-09-14,Gladbach,Stuttgart,1.0,3.0
GER-Bundesliga,2425,e7b9f373,2024-09-14,Hoffenheim,Leverkusen,1.0,4.0
GER-Bundesliga,2425,728afee1,2024-09-14,Holstein Kiel,Bayern Munich,1.0,6.0
GER-Bundesliga,2425,5496aa43,2024-09-14,RB Leipzig,Union Berlin,0.0,0.0
GER-Bundesliga,2425,c0bc9354,2024-09-14,Wolfsburg,Frankfurt,1.0,2.0
GER-Bundesliga,2425,d0ee2c59,2024-09-15,Augsburg,St Pauli,3.0,1.0
GER-Bundesliga,2425,253ece9e,2024-09-15,Mainz 05,Werder Bremen,1.0,2.0
GER-Bundesliga,2425,72461171,2024-09-20,Augsburg,Mainz 05,2.0,3.0
GER-Bundesliga,2425,b8e02820,2024-09-21,Bochum,Holstein Kiel,2.0,2.0
GER-Bundesliga,2425,71024b44,2024-09-21,Frankfurt,Gladbach,2.0,0.0
GER-Bundesliga,2425,157d560f,2024-09-21,Heidenheim,Freiburg,0.0,3.0
GER-Bundesliga,2425,204b5cf0,2024-09-21,Union Berlin,Hoffenheim,2.0,1.0
GER-Bundesliga,2425,f4a4421c,2024-09-21,Werder Bremen,Bayern Munich,0.0,5.0
GER-Bundesliga,2425,f247334b,2024-09-22,Leverkusen,Wolfsburg,4.0,3.0
GER-Bundesliga,2425,4e23f1b6,2024-09-22,St Pauli,RB Leipzig,0.0,0.0
GER-Bundesliga,2425,ddfcf507,2024-09-22,Stuttgart,Dortmund,5.0,1.0
GER-Bundesliga,2425,bf284236,2024-09-27,Dortmund,Bochum,4.0,2.0
GER-Bundesliga,2425,ea3571c5,2024-09-28,Bayern Munich,Leverkusen,1.0,1.0
GER-Bundesliga,2425,c2910931,2024-09-28,Freiburg,St Pauli,0.0,3.0
GER-Bundesliga,2425,a1a2f716,2024-09-28,Gladbach,Union Berlin,1.0,0.0
GER-Bundesliga,2425,fc9efe43,2024-09-28,Mainz 05,Heidenheim,0.0,2.0
GER-Bundesliga,2425,98d6a4cb,2024-09-28,RB Leipzig,Augsburg,4.0,0.0
GER-Bundesliga,2425,d72309cf,2024-09-28,Wolfsburg,Stuttgart,2.0,2.0
GER-Bundesliga,2425,a0e9bb68,2024-09-29,Hoffenheim,Werder Bremen,3.0,4.0
GER-Bundesliga,2425,791f7734,2024-09-29,Holstein Kiel,Frankfurt,2.0,4.0
GER-Bundesliga,2425,dd751497,2024-10-04,Augsburg,Gladbach,2.0,1.0
GER-Bundesliga,2425,ecd2d8d1,2024-10-05,Bochum,Wolfsburg,1.0,3.0
GER-Bundesliga,2425,cb256282,2024-10-05,Leverkusen,Holstein Kiel,2.0,2.0
GER-Bundesliga,2425,48a230e5,2024-10-05,St Pauli,Mainz 05,0.0,3.0
GER-Bundesliga,2425,5716e53f,2024-10-05,Union Berlin,Dortmund,2.0,1.0
GER-Bundesliga,2425,b6ae6f08,2024-10-05,Werder Bremen,Freiburg,0.0,1.0
GER-Bundesliga,2425,47b6b5b9,2024-10-06,Frankfurt,Bayern Munich,3.0,3.0
GER-Bundesliga,2425,8f593aee,2024-10-06,Heidenheim,RB Leipzig,0.0,1.0
GER-Bundesliga,2425,122852eb,2024-10-06,Stuttgart,Hoffenheim,1.0,1.0
GER-Bundesliga,2425,3a6031d4,2024-10-18,Dortmund,St Pauli,2.0,1.0
GER-Bundesliga,2425,7562a0c2,2024-10-19,Bayern Munich,Stuttgart,4.0,0.0
GER-Bundesliga,2425,19da909f,2024-10-19,Freiburg,Augsburg,3.0,1.0
GER-Bundesliga,2425,e0c0a8fe,2024-10-19,Gladbach,Heidenheim,3.0,2.0
GER-Bundesliga,2425,70f3717a,2024-10-19,Hoffenheim,Bochum,3.0,1.0
GER-Bundesliga,2425,1766e653,2024-10-19,Leverkusen,Frankfurt,2.0,1.0
GER-Bundesliga,2425,11e680f6,2024-10-19,Mainz 05,RB Leipzig,0.0,2.0
GER-Bundesliga,2425,49aa197e,2024-10-20,Holstein Kiel,Union Berlin,0.0,2.0
GER-Bundesliga,2425,afaee823,2024-10-20,Wolfsburg,Werder Bremen,2.0,4.0
GER-Bundesliga,2425,ad43a11c,2024-10-25,Mainz 05,Gladbach,1.0,1.0
GER-Bundesliga,2425,5c672984,2024-10-26,Augsburg,Dortmund,2.0,1.0
GER-Bundesliga,2425,e12d2336,2024-10-26,RB Leipzig,Freiburg,3.0,1.0
GER-Bundesliga,2425,75894bbc,2024-10-26,St Pauli,Wolfsburg,0.0,0.0
GER-Bundesliga,2425,1cd904a3,2024-10-26,Stuttgart,Holstein Kiel,2.0,1.0
GER-Bundesliga,2425,7c95858c,2024-10-26,Werder Bremen,Leverkusen,2.0,2.0
GER-Bundesliga,2425,47698a8f,2024-10-27,Bochum,Bayern Munich,0.0,5.0
GER-Bundesliga,2425,fc665c18,2024-10-27,Heidenheim,Hoffenheim,0.0,0.0
GER-Bundesliga,2425,90526971,2024-10-27,Union Berlin,Frankfurt,1.0,1.0
GER-Bundesliga,2425,c803a5eb,2024-11-01,Leverkusen,Stuttgart,0.0,0.0
GER-Bundesliga,2425,61af44e4,2024-11-02,Bayern Munich,Union Berlin,3.0,0.0
GER-Bundesliga,2425,7756d7d5,2024-11-02,Dortmund,RB Leipzig,2.0,1.0
GER-Bundesliga,2425,f5fc1b23,2024-11-02,Frankfurt,Bochum,7.0,2.0
GER-Bundesliga,2425,2e0fc0d2,2024-11-02,Hoffenheim,St Pauli,0.0,2.0
GER-Bundesliga,2425,a51846c1,2024-11-02,Holstein Kiel,Heidenheim,1.0,0.0
GER-Bundesliga,2425,41c73b44,2024-11-02,Wolfsburg,Augsburg,1.0,1.0
GER-Bundesliga,2425,86485b52,2024-11-03,Freiburg,Mainz 05,0.0,0.0
GER-Bundesliga,2425,b9ce1157,2024-11-03,Gladbach,Werder Bremen,4.0,1.0
GER-Bundesliga,2425,05b458bf,2024-11-08,Union Berlin,Freiburg,0.0,0.0
GER-Bundesliga,2425,50ab5485,2024-11-09,Bochum,Leverkusen,1.0,1.0
GER-Bundesliga,2425,ff7bcb61,2024-11-09,Mainz 05,Dortmund,3.0,1.0
GER-Bundesliga,2425,639bf27f,2024-11-09,RB Leipzig,Gladbach,0.0,0.0
GER-Bundesliga,2425,213e9aea,2024-11-09,St Pauli,Bayern Munich,0.0,1.0
GER-Bundesliga,2425,58ac698f,2024-11-09,Werder Bremen,Holstein Kiel,2.0,1.0
GER-Bundesliga,2425,67fa64af,2024-11-10,Augsburg,Hoffenheim,0.0,0.0
GER-Bundesliga,2425,27da1c68,2024-11-10,Heidenheim,Wolfsburg,1.0,3.0
GER-Bundesliga,2425,2155226b,2024-11-10,Stuttgart,Frankfurt,2.0,3.0
GER-Bundesliga,2425,797e3d3e,2024-11-22,Bayern Munich,Augsburg,3.0,0.0
GER-Bundesliga,2425,72699490,2024-11-23,Dortmund,Freiburg,4.0,0.0
GER-Bundesliga,2425,b410a6e3,2024-11-23,Frankfurt,Werder Bremen,1.0,0.0
GER-Bundesliga,2425,b5f40472,2024-11-23,Hoffenheim,RB Leipzig,4.0,3.0
GER-Bundesliga,2425,573e0883,2024-11-23,Leverkusen,Heidenheim,5.0,2.0
GER-Bundesliga,2425,9552b88a,2024-11-23,Stuttgart,Bochum,2.0,0.0
GER-Bundesliga,2425,16895d71,2024-11-23,Wolfsburg,Union Berlin,1.0,0.0
GER-Bundesliga,2425,b0221e69,2024-11-24,Gladbach,St Pauli,2.0,0.0
GER-Bundesliga,2425,eb577d48,2024-11-24,Holstein Kiel,Mainz 05,0.0,3.0
GER-Bundesliga,2425,5c8b9990,2024-11-29,St Pauli,Holstein Kiel,3.0,1.0
GER-Bundesliga,2425,b1e5b315,2024-11-30,Augsburg,Bochum,1.0,0.0
GER-Bundesliga,2425,77d36005,2024-11-30,Dortmund,Bayern Munich,1.0,1.0
GER-Bundesliga,2425,358ea55d,2024-11-30,Freiburg,Gladbach,3.0,1.0
GER-Bundesliga,2425,b0c93fa3,2024-11-30,RB Leipzig,Wolfsburg,1.0,5.0
GER-Bundesliga,2425,19910993,2024-11-30,Union Berlin,Leverkusen,1.0,2.0
GER-Bundesliga,2425,61c993b3,2024-11-30,Werder Bremen,Stuttgart,2.0,2.0
GER-Bundesliga,2425,055831dc,2024-12-01,Heidenheim,Frankfurt,0.0,4.0
GER-Bundesliga,2425,16d2485c,2024-12-01,Mainz 05,Hoffenheim,2.0,0.0
GER-Bundesliga,2425,41b2c9a7,2024-12-06,Stuttgart,Union Berlin,3.0,2.0
GER-Bundesliga,2425,aff85c23,2024-12-07,Bayern Munich,Heidenheim,4.0,2.0
GER-Bundesliga,2425,73bf4f3e,2024-12-07,Bochum,Werder Bremen,0.0,1.0
GER-Bundesliga,2425,4442b38e,2024-12-07,Frankfurt,Augsburg,2.0,2.0
GER-Bundesliga,2425,975c1d76,2024-12-07,Gladbach,Dortmund,1.0,1.0
GER-Bundesliga,2425,5b484005,2024-12-07,Holstein Kiel,RB Leipzig,0.0,2.0
GER-Bundesliga,2425,326bf78c,2024-12-07,Leverkusen,St Pauli,2.0,1.0
GER-Bundesliga,2425,3b2c1622,2024-12-08,Hoffenheim,Freiburg,1.0,1.0
GER-Bundesliga,2425,4c76fa51,2024-12-08,Wolfsburg,Mainz 05,4.0,3.0
GER-Bundesliga,2425,3142b1ac,2024-12-13,Freiburg,Wolfsburg,3.0,2.0
GER-Bundesliga,2425,b2439369,2024-12-14,Augsburg,Leverkusen,0.0,2.0
GER-Bundesliga,2425,9082168d,2024-12-14,Gladbach,Holstein Kiel,4.0,1.0
GER-Bundesliga,2425,dc3aa7be,2024-12-14,Mainz 05,Bayern Munich,2.0,1.0
GER-Bundesliga,2425,f9c6643f,2024-12-14,St Pauli,Werder Bremen,0.0,2.0
GER-Bundesliga,2425,171e1d37,2024-12-14,Union Berlin,Bochum,0.0,2.0
GER-Bundesliga,2425,cf85934f,2024-12-15,Dortmund,Hoffenheim,1.0,1.0
GER-Bundesliga,2425,406ac14d,2024-12-15,Heidenheim,Stuttgart,1.0,3.0
GER-Bundesliga,2425,7f0b7508,2024-12-15,RB Leipzig,Frankfurt,2.0,1.0
GER-Bundesliga,2425,b1590970,2024-12-20,Bayern Munich,RB Leipzig,5.0,1.0
GER-Bundesliga,2425,1b681fd7,2024-12-21,Frankfurt,Mainz 05,1.0,3.0
GER-Bundesliga,2425,0e787c0f,2024-12-21,Hoffenheim,Gladbach,1.0,2.0
GER-Bundesliga,2425,8d956d1f,2024-12-21,Holstein Kiel,Augsburg,5.0,1.0
GER-Bundesliga,2425,9d56a702,2024-12-21,Leverkusen,Freiburg,5.0,1.0
GER-Bundesliga,2425,446a9815,2024-12-21,Stuttgart,St Pauli,0.0,1.0
GER-Bundesliga,2425,3a05d86e,2024-12-21,Werder Bremen,Union Berlin,4.0,1.0
GER-Bundesliga,2425,adeb37a5,2024-12-22,Bochum,Heidenheim,2.0,0.0
GER-Bundesliga,2425,6948e2d4,2024-12-22,Wolfsburg,Dortmund,1.0,3.0
GER-Bundesliga,2425,54ce0559,2025-01-10,Dortmund,Leverkusen,2.0,3.0
GER-Bundesliga,2425,3e4b6950,2025-01-11,Freiburg,Holstein Kiel,3.0,2.0
GER-Bundesliga,2425,95b5760f,2025-01-11,Gladbach,Bayern Munich,0.0,1.0
GER-Bundesliga,2425,f3b5b40c,2025-01-11,Heidenheim,Union Berlin,2.0,0.0
GER-Bundesliga,2425,606b4f3d,2025-01-11,Hoffenheim,Wolfsburg,0.0,1.0
GER-Bundesliga,2425,319e48db,2025-01-11,Mainz 05,Bochum,2.0,0.0
GER-Bundesliga,2425,7ff87749,2025-01-11,St Pauli,Frankfurt,0.0,1.0
GER-Bundesliga,2425,e99a4554,2025-01-12,Augsburg,Stuttgart,0.0,1.0
GER-Bundesliga,2425,ca3024b8,2025-01-12,RB Leipzig,Werder Bremen,4.0,2.0
GER-Bundesliga,2425,826e71bd,2025-01-14,Frankfurt,Freiburg,4.0,1.0
GER-Bundesliga,2425,0967d02c,2025-01-14,Holstein Kiel,Dortmund,4.0,2.0
GER-Bundesliga,2425,bffe5cc0,2025-01-14,Leverkusen,Mainz 05,1.0,0.0
GER-Bundesliga,2425,1f4078fa,2025-01-14,Wolfsburg,Gladbach,5.0,1.0
GER-Bundesliga,2425,31d47dd3,2025-01-15,Bayern Munich,Hoffenheim,5.0,0.0
GER-Bundesliga,2425,0ed57a99,2025-01-15,Bochum,St Pauli,1.0,0.0
GER-Bundesliga,2425,081e6d08,2025-01-15,Stuttgart,RB Leipzig,2.0,1.0
GER-Bundesliga,2425,dbe65fff,2025-01-15,Union Berlin,Augsburg,0.0,2.0
GER-Bundesliga,2425,44a88ae4,2025-01-15,Werder Bremen,Heidenheim,3.0,3.0
GER-Bundesliga,2425,005a65f4,2025-01-17,Frankfurt,Dortmund,2.0,0.0
GER-Bundesliga,2425,05f318cc,2025-01-18,Bayern Munich,Wolfsburg,3.0,2.0
GER-Bundesliga,2425,f702b3ab,2025-01-18,Bochum,RB Leipzig,3.0,3.0
GER-Bundesliga,2425,14522bc5,2025-01-18,Heidenheim,St Pauli,0.0,2.0
GER-Bundesliga,2425,fac01a25,2025-01-18,Holstein Kiel,Hoffenheim,1.0,3.0
GER-Bundesliga,2425,3bf36d69,2025-01-18,Leverkusen,Gladbach,3.0,1.0
GER-Bundesliga,2425,e057d531,2025-01-18,Stuttgart,Freiburg,4.0,0.0
GER-Bundesliga,2425,abafaba1,2025-01-19,Union Berlin,Mainz 05,2.0,1.0
GER-Bundesliga,2425,10062a04,2025-01-19,Werder Bremen,Augsburg,0.0,2.0
GER-Bundesliga,2425,fd026179,2025-01-24,Wolfsburg,Holstein Kiel,2.0,2.0
GER-Bundesliga,2425,be9e8dad,2025-01-25,Augsburg,Heidenheim,2.0,1.0
GER-Bundesliga,2425,11d1c71c,2025-01-25,Dortmund,Werder Bremen,2.0,2.0
GER-Bundesliga,2425,f4b1b7e1,2025-01-25,Freiburg,Bayern Munich,1.0,2.0
GER-Bundesliga,2425,e1972a42,2025-01-25,Gladbach,Bochum,3.0,0.0
GER-Bundesliga,2425,15fd87e3,2025-01-25,Mainz 05,Stuttgart,2.0,0.0
GER-Bundesliga,2425,cfcc6770,2025-01-25,RB Leipzig,Leverkusen,2.0,2.0
GER-Bundesliga,2425,3b329c8a,2025-01-26,Hoffenheim,Frankfurt,2.0,2.0
GER-Bundesliga,2425,77f7b50a,2025-01-26,St Pauli,Union Berlin,3.0,0.0
GER-Bundesliga,2425,5d31cfeb,2025-01-31,Werder Bremen,Mainz 05,1.0,0.0
GER-Bundesliga,2425,5b710b34,2025-02-01,Bayern Munich,Holstein Kiel,4.0,3.0
GER-Bundesliga,2425,db02399e,2025-02-01,Bochum,Freiburg,0.0,1.0
GER-Bundesliga,2425,54a09715,2025-02-01,Heidenheim,Dortmund,1.0,2.0
GER-Bundesliga,2425,b18bceea,2025-02-01,St Pauli,Augsburg,1.0,1.0
GER-Bundesliga,2425,138b9d28,2025-02-01,Stuttgart,Gladbach,1.0,2.0
GER-Bundesliga,2425,616b4ea5,2025-02-01,Union Berlin,RB Leipzig,0.0,0.0
GER-Bundesliga,2425,2861d451,2025-02-02,Frankfurt,Wolfsburg,1.0,1.0
GER-Bundesliga,2425,be216889,2025-02-02,Leverkusen,Hoffenheim,3.0,1.0
GER-Bundesliga,2425,dede20b2,2025-02-07,Bayern Munich,Werder Bremen,3.0,0.0
GER-Bundesliga,2425,3a6ba600,2025-02-08,Dortmund,Stuttgart,1.0,2.0
GER-Bundesliga,2425,02b849f8,2025-02-08,Freiburg,Heidenheim,1.0,0.0
GER-Bundesliga,2425,a3887d2e,2025-02-08,Gladbach,Frankfurt,1.0,1.0
GER-Bundesliga,2425,cf6b4de4,2025-02-08,Hoffenheim,Union Berlin,0.0,4.0
GER-Bundesliga,2425,cff7de63,2025-02-08,Mainz 05,Augsburg,0.0,0.0
GER-Bundesliga,2425,853e68b5,2025-02-08,Wolfsburg,Leverkusen,0.0,0.0
GER-Bundesliga,2425,521f766a,2025-02-09,Holstein Kiel,Bochum,2.0,2.0
GER-Bundesliga,2425,827c2291,2025-02-09,RB Leipzig,St Pauli,2.0,0.0
GER-Bundesliga,2425,594320d9,2025-02-14,Augsburg,RB Leipzig,0.0,0.0
GER-Bundesliga,2425,451156e0,2025-02-15,Bochum,Dortmund,2.0,0.0
GER-Bundesliga,2425,5da24f91,2025-02-15,Leverkusen,Bayern Munich,0.0,0.0
GER-Bundesliga,2425,75d89be3,2025-02-15,St Pauli,Freiburg,0.0,1.0
GER-Bundesliga,2425,de63fff0,2025-02-15,Stuttgart,Wolfsburg,1.0,2.0
GER-Bundesliga,2425,6ed0551d,2025-02-15,Union Berlin,Gladbach,1.0,2.0
GER-Bundesliga,2425,a7eaacdb,2025-02-16,Frankfurt,Holstein Kiel,3.0,1.0
GER-Bundesliga,2425,ee260489,2025-02-16,Heidenheim,Mainz 05,0.0,2.0
GER-Bundesliga,2425,e8d6223f,2025-02-16,Werder Bremen,Hoffenheim,1.0,3.0
GER-Bundesliga,2425,47e68da4,2025-02-21,Freiburg,Werder Bremen,5.0,0.0
GER-Bundesliga,2425,937a7c71,2025-02-22,Dortmund,Union Berlin,6.0,0.0
GER-Bundesliga,2425,93560e55,2025-02-22,Gladbach,Augsburg,0.0,3.0
GER-Bundesliga,2425,9f784f25,2025-02-22,Holstein Kiel,Leverkusen,0.0,2.0
GER-Bundesliga,2425,c6fc28ec,2025-02-22,Mainz 05,St Pauli,2.0,0.0
GER-Bundesliga,2425,cec14305,2025-02-22,Wolfsburg,Bochum,1.0,1.0
GER-Bundesliga,2425,a994aa80,2025-02-23,Bayern Munich,Frankfurt,4.0,0.0
GER-Bundesliga,2425,26c7700f,2025-02-23,Hoffenheim,Stuttgart,1.0,1.0
GER-Bundesliga,2425,9420a8fb,2025-02-23,RB Leipzig,Heidenheim,2.0,2.0
GER-Bundesliga,2425,2359b29d,2025-02-28,Stuttgart,Bayern Munich,1.0,3.0
GER-Bundesliga,2425,4b05dd9f,2025-03-01,Bochum,Hoffenheim,0.0,1.0
GER-Bundesliga,2425,3771f9a8,2025-03-01,Frankfurt,Leverkusen,1.0,4.0
GER-Bundesliga,2425,b63f6c52,2025-03-01,Heidenheim,Gladbach,0.0,3.0
GER-Bundesliga,2425,e49b66ef,2025-03-01,RB Leipzig,Mainz 05,1.0,2.0
GER-Bundesliga,2425,e96a9875,2025-03-01,St Pauli,Dortmund,0.0,2.0
GER-Bundesliga,2425,445a72d7,2025-03-01,Werder Bremen,Wolfsburg,1.0,2.0
GER-Bundesliga,2425,a928bf8e,2025-03-02,Augsburg,Freiburg,0.0,0.0
GER-Bundesliga,2425,f7cc643f,2025-03-02,Union Berlin,Holstein Kiel,0.0,1.0
GER-Bundesliga,2425,d430e70c,2025-03-07,Gladbach,Mainz 05,1.0,3.0
GER-Bundesliga,2425,dfa28f9b,2025-03-08,Bayern Munich,Bochum,2.0,3.0
GER-Bundesliga,2425,52386e22,2025-03-08,Dortmund,Augsburg,0.0,1.0
GER-Bundesliga,2425,2a1c7c5d,2025-03-08,Freiburg,RB Leipzig,0.0,0.0
GER-Bundesliga,2425,55cb7968,2025-03-08,Holstein Kiel,Stuttgart,2.0,2.0
GER-Bundesliga,2425,ce8580f0,2025-03-08,Leverkusen,Werder Bremen,0.0,2.0
GER-Bundesliga,2425,51b3b077,2025-03-08,Wolfsburg,St Pauli,1.0,1.0
GER-Bundesliga,2425,da418224,2025-03-09,Frankfurt,Union Berlin,1.0,2.0
GER-Bundesliga,2425,ee204929,2025-03-09,Hoffenheim,Heidenheim,1.0,1.0
GER-Bundesliga,2425,4be7cdcb,2025-03-14,St Pauli,Hoffenheim,1.0,0.0
GER-Bundesliga,2425,33e651f0,2025-03-15,Augsburg,Wolfsburg,1.0,0.0
GER-Bundesliga,2425,b1beeafe,2025-03-15,Mainz 05,Freiburg,2.0,2.0
GER-Bundesliga,2425,abc689ba,2025-03-15,RB Leipzig,Dortmund,2.0,0.0
GER-Bundesliga,2425,aaf55506,2025-03-15,Union Berlin,Bayern Munich,1.0,1.0
GER-Bundesliga,2425,ed2f2d83,2025-03-15,Werder Bremen,Gladbach,2.0,4.0
GER-Bundesliga,2425,c34cbccf,2025-03-16,Bochum,Frankfurt,1.0,3.0
GER-Bundesliga,2425,df0b5d3c,2025-03-16,Heidenheim,Holstein Kiel,3.0,1.0
GER-Bundesliga,2425,fb471c62,2025-03-16,Stuttgart,Leverkusen,3.0,4.0
GER-Bundesliga,2425,b2dc2e55,2025-03-28,Leverkusen,Bochum,3.0,1.0
GER-Bundesliga,2425,1ab0ff43,2025-03-29,Bayern Munich,St Pauli,3.0,2.0
GER-Bundesliga,2425,f17b1ac5,2025-03-29,Frankfurt,Stuttgart,1.0,0.0
GER-Bundesliga,2425,bc35ebf6,2025-03-29,Gladbach,RB Leipzig,1.0,0.0
GER-Bundesliga,2425,ac5e7e15,2025-03-29,Hoffenheim,Augsburg,1.0,1.0
GER-Bundesliga,2425,9cc7f833,2025-03-29,Holstein Kiel,Werder Bremen,0.0,3.0
GER-Bundesliga,2425,45215cba,2025-03-29,Wolfsburg,Heidenheim,0.0,1.0
GER-Bundesliga,2425,170ac3bc,2025-03-30,Dortmund,Mainz 05,3.0,1.0
GER-Bundesliga,2425,f1ea8b17,2025-03-30,Freiburg,Union Berlin,1.0,2.0
GER-Bundesliga,2425,6420938b,2025-04-04,Augsburg,Bayern Munich,1.0,3.0
GER-Bundesliga,2425,b223187e,2025-04-05,Bochum,Stuttgart,0.0,4.0
GER-Bundesliga,2425,5bb8bb3d,2025-04-05,Freiburg,Dortmund,1.0,4.0
GER-Bundesliga,2425,0cae3543,2025-04-05,Heidenheim,Leverkusen,0.0,1.0
GER-Bundesliga,2425,dbdc6ab0,2025-04-05,Mainz 05,Holstein Kiel,1.0,1.0
GER-Bundesliga,2425,541c3057,2025-04-05,RB Leipzig,Hoffenheim,3.0,1.0
GER-Bundesliga,2425,109281c0,2025-04-05,Werder Bremen,Frankfurt,2.0,0.0
GER-Bundesliga,2425,567410c5,2025-04-06,St Pauli,Gladbach,1.0,1.0
GER-Bundesliga,2425,4d106cd0,2025-04-06,Union Berlin,Wolfsburg,1.0,0.0
GER-Bundesliga,2425,279f61ea,2025-04-11,Wolfsburg,RB Leipzig,2.0,3.0
GER-Bundesliga,2425,448aadc2,2025-04-12,Bayern Munich,Dortmund,2.0,2.0
GER-Bundesliga,2425,90ff09ad,2025-04-12,Bochum,Augsburg,1.0,2.0
GER-Bundesliga,2425,7909fa1f,2025-04-12,Gladbach,Freiburg,1.0,2.0
GER-Bundesliga,2425,3ffde43a,2025-04-12,Hoffenheim,Mainz 05,2.0,0.0
GER-Bundesliga,2425,caf45775,2025-04-12,Holstein Kiel,St Pauli,1.0,2.0
GER-Bundesliga,2425,05cfe672,2025-04-12,Leverkusen,Union Berlin,0.0,0.0
GER-Bundesliga,2425,734c51b1,2025-04-13,Frankfurt,Heidenheim,3.0,0.0
GER-Bundesliga,2425,fa069898,2025-04-13,Stuttgart,Werder Bremen,1.0,2.0
GER-Bundesliga,2425,20ecf347,2025-04-19,Freiburg,Hoffenheim,3.0,2.0
GER-Bundesliga,2425,16677768,2025-04-19,Heidenheim,Bayern Munich,0.0,4.0
GER-Bundesliga,2425,e6a0bf3c,2025-04-19,Mainz 05,Wolfsburg,2.0,2.0
GER-Bundesliga,2425,000fb8fc,2025-04-19,RB Leipzig,Holstein Kiel,1.0,1.0
GER-Bundesliga,2425,2730ce86,2025-04-19,Union Berlin,Stuttgart,4.0,4.0
GER-Bundesliga,2425,8fc6caf7,2025-04-19,Werder Bremen,Bochum,1.0,0.0
GER-Bundesliga,2425,d894af02,2025-04-20,Augsburg,Frankfurt,0.0,0.0
GER-Bundesliga,2425,96810141,2025-04-20,Dortmund,Gladbach,3.0,2.0
GER-Bundesliga,2425,44f5146c,2025-04-20,St Pauli,Leverkusen,1.0,1.0
GER-Bundesliga,2425,7aff3a58,2025-04-25,Stuttgart,Heidenheim,0.0,1.0
GER-Bundesliga,2425,c8ec6e9b,2025-04-26,Bayern Munich,Mainz 05,3.0,0.0
GER-Bundesliga,2425,b7fb0f38,2025-04-26,Frankfurt,RB Leipzig,4.0,0.0
GER-Bundesliga,2425,c27495e8,2025-04-26,Hoffenheim,Dortmund,2.0,3.0
GER-Bundesliga,2425,8c788caa,2025-04-26,Holstein Kiel,Gladbach,4.0,3.0
GER-Bundesliga,2425,eda7cf54,2025-04-26,Leverkusen,Augsburg,2.0,0.0
GER-Bundesliga,2425,d8e56aa9,2025-04-26,Wolfsburg,Freiburg,0.0,1.0
GER-Bundesliga,2425,7b2f198b,2025-04-27,Bochum,Union Berlin,1.0,1.0
GER-Bundesliga,2425,58168f30,2025-04-27,Werder Bremen,St Pauli,0.0,0.0
GER-Bundesliga,2425,99708bc3,2025-05-02,Heidenheim,Bochum,0.0,0.0
GER-Bundesliga,2425,f7ead844,2025-05-03,Dortmund,Wolfsburg,4.0,0.0
GER-Bundesliga,2425,66ab948b,2025-05-03,Gladbach,Hoffenheim,4.0,4.0
GER-Bundesliga,2425,332c0ad2,2025-05-03,RB Leipzig,Bayern Munich,3.0,3.0
GER-Bundesliga,2425,922a1743,2025-05-03,St Pauli,Stuttgart,0.0,1.0
GER-Bundesliga,2425,0ae221aa,2025-05-03,Union Berlin,Werder Bremen,2.0,2.0
GER-Bundesliga,2425,c306cc96,2025-05-04,Augsburg,Holstein Kiel,1.0,3.0
GER-Bundesliga,2425,96a2ca0c,2025-05-04,Freiburg,Leverkusen,2.0,2.0
GER-Bundesliga,2425,52b3b191,2025-05-04,Mainz 05,Frankfurt,1.0,1.0
GER-Bundesliga,2425,8848ad08,2025-05-09,Wolfsburg,Hoffenheim,2.0,2.0
GER-Bundesliga,2425,ec9d955b,2025-05-10,Bayern Munich,Gladbach,2.0,0.0
GER-Bundesliga,2425,77e2bfdb,2025-05-10,Bochum,Mainz 05,1.0,4.0
GER-Bundesliga,2425,54765c32,2025-05-10,Holstein Kiel,Freiburg,1.0,2.0
GER-Bundesliga,2425,93fc8379,2025-05-10,Union Berlin,Heidenheim,0.0,3.0
GER-Bundesliga,2425,d240d0af,2025-05-10,Werder Bremen,RB Leipzig,0.0,0.0
GER-Bundesliga,2425,1d23b7b3,2025-05-11,Frankfurt,St Pauli,2.0,2.0
GER-Bundesliga,2425,fe0fd091,2025-05-11,Leverkusen,Dortmund,2.0,4.0
GER-Bundesliga,2425,fe881f9c,2025-05-11,Stuttgart,Augsburg,4.0,0.0
GER-Bundesliga,2425,3201dcb5,2025-05-17,Augsburg,Union Berlin,1.0,2.0
GER-Bundesliga,2425,1bb6490a,2025-05-17,Dortmund,Holstein Kiel,3.0,0.0
GER-Bundesliga,2425,b4e069ab,2025-05-17,Freiburg,Frankfurt,1.0,3.0
GER-Bundesliga,2425,8600012e,2025-05-17,Gladbach,Wolfsburg,0.0,1.0
GER-Bundesliga,2425,6509021f,2025-05-17,Heidenheim,Werder Bremen,1.0,4.0
GER-Bundesliga,2425,0d8a2ebf,2025-05-17,Hoffenheim,Bayern Munich,0.0,4.0
GER-Bundesliga,2425,1e213908,2025-05-17,Mainz 05,Leverkusen,2.0,2.0
GER-Bundesliga,2425,e457ba22,2025-05-17,RB Leipzig,Stuttgart,2.0,3.0
GER-Bundesliga,2425,f8aa5a5b,2025-05-17,St Pauli,Bochum,0.0,2.0
GER-Bundesliga,2425,ea16299e,2025-05-22,Heidenheim,Elversberg,2.0,2.0
GER-Bundesliga,2425,933eae7f,2025-05-26,Elversberg,Heidenheim,1.0,2.0
GER-Bundesliga,2526,8eb0f477,2025-08-22,Bayern Munich,RB Leipzig,6.0,0.0
GER-Bundesliga,2526,c5a0f8ab,2025-08-23,Frankfurt,Werder Bremen,4.0,1.0
GER-Bundesliga,2526,88a38ef6,2025-08-23,Freiburg,Augsburg,1.0,3.0
GER-Bundesliga,2526,6e029e9d,2025-08-23,Heidenheim,Wolfsburg,1.0,3.0
GER-Bundesliga,2526,78cc44a5,2025-08-23,Leverkusen,Hoffenheim,1.0,2.0
GER-Bundesliga,2526,243e124a,2025-08-23,St Pauli,Dortmund,3.0,3.0
GER-Bundesliga,2526,b7adc246,2025-08-23,Union Berlin,Stuttgart,2.0,1.0
GER-Bundesliga,2526,fd0e77f1,2025-08-24,Gladbach,Hamburger SV,0.0,0.0
GER-Bundesliga,2526,1118532c,2025-08-24,Mainz 05,Köln,0.0,1.0
GER-Bundesliga,2526,c2913887,2025-08-29,Hamburger SV,St Pauli,0.0,2.0
GER-Bundesliga,2526,ea3ae751,2025-08-30,Augsburg,Bayern Munich,2.0,3.0
GER-Bundesliga,2526,3dd41a40,2025-08-30,Hoffenheim,Frankfurt,1.0,3.0
GER-Bundesliga,2526,81523ca0,2025-08-30,RB Leipzig,Heidenheim,2.0,0.0
GER-Bundesliga,2526,cc790c96,2025-08-30,Stuttgart,Gladbach,1.0,0.0
GER-Bundesliga,2526,8d20b088,2025-08-30,Werder Bremen,Leverkusen,3.0,3.0
GER-Bundesliga,2526,217ef044,2025-08-31,Dortmund,Union Berlin,3.0,0.0
GER-Bundesliga,2526,4291408f,2025-08-31,Köln,Freiburg,4.0,1.0
GER-Bundesliga,2526,e8d01789,2025-08-31,Wolfsburg,Mainz 05,1.0,1.0
GER-Bundesliga,2526,09882b39,2025-09-12,Leverkusen,Frankfurt,3.0,1.0
GER-Bundesliga,2526,91e6a499,2025-09-13,Bayern Munich,Hamburger SV,5.0,0.0
GER-Bundesliga,2526,47deb66f,2025-09-13,Freiburg,Stuttgart,3.0,1.0
GER-Bundesliga,2526,906ce9a1,2025-09-13,Heidenheim,Dortmund,0.0,2.0
GER-Bundesliga,2526,f99e3c2d,2025-09-13,Mainz 05,RB Leipzig,0.0,1.0
GER-Bundesliga,2526,09242157,2025-09-13,Union Berlin,Hoffenheim,2.0,4.0
GER-Bundesliga,2526,a7819671,2025-09-13,Wolfsburg,Köln,3.0,3.0
GER-Bundesliga,2526,3b5873a4,2025-09-14,Gladbach,Werder Bremen,0.0,4.0
GER-Bundesliga,2526,940c2e4e,2025-09-14,St Pauli,Augsburg,2.0,1.0
GER-Bundesliga,2526,44d66179,2025-09-19,Stuttgart,St Pauli,2.0,0.0
GER-Bundesliga,2526,a959bbb1,2025-09-20,Augsburg,Mainz 05,1.0,4.0
GER-Bundesliga,2526,bca86606,2025-09-20,Hamburger SV,Heidenheim,2.0,1.0
GER-Bundesliga,2526,f7a59cca,2025-09-20,Hoffenheim,Bayern Munich,1.0,4.0
GER-Bundesliga,2526,41b85666,2025-09-20,RB Leipzig,Köln,3.0,1.0
GER-Bundesliga,2526,a7e96019,2025-09-20,Werder Bremen,Freiburg,0.0,3.0
GER-Bundesliga,2526,d3e98705,2025-09-21,Dortmund,Wolfsburg,1.0,0.0
GER-Bundesliga,2526,448ea72f,2025-09-21,Frankfurt,Union Berlin,3.0,4.0
GER-Bundesliga,2526,9d5112e8,2025-09-21,Leverkusen,Gladbach,1.0,1.0
GER-Bundesliga,2526,a50ce74d,2025-09-26,Bayern Munich,Werder Bremen,4.0,0.0
GER-Bundesliga,2526,5212aa89,2025-09-27,Gladbach,Frankfurt,4.0,6.0
GER-Bundesliga,2526,d445268d,2025-09-27,Heidenheim,Augsburg,2.0,1.0
GER-Bundesliga,2526,92fc78f1,2025-09-27,Mainz 05,Dortmund,0.0,2.0
GER-Bundesliga,2526,a35c04e4,2025-09-27,St Pauli,Leverkusen,1.0,2.0
GER-Bundesliga,2526,914fabb2,2025-09-27,Wolfsburg,RB Leipzig,0.0,1.0
GER-Bundesliga,2526,a20222e0,2025-09-28,Freiburg,Hoffenheim,1.0,1.0
GER-Bundesliga,2526,00e4ff0d,2025-09-28,Köln,Stuttgart,1.0,2.0
GER-Bundesliga,2526,1c8580bc,2025-09-28,Union Berlin,Hamburger SV,0.0,0.0
GER-Bundesliga,2526,a3d6d7e4,2025-10-03,Hoffenheim,Köln,0.0,1.0
GER-Bundesliga,2526,30d2fc3a,2025-10-04,Augsburg,Wolfsburg,3.0,1.0
GER-Bundesliga,2526,76f8a93f,2025-10-04,Dortmund,RB Leipzig,1.0,1.0
GER-Bundesliga,2526,96ea3861,2025-10-04,Frankfurt,Bayern Munich,0.0,3.0
GER-Bundesliga,2526,a88c0cfc,2025-10-04,Leverkusen,Union Berlin,2.0,0.0
GER-Bundesliga,2526,86cee779,2025-10-04,Werder Bremen,St Pauli,1.0,0.0
GER-Bundesliga,2526,bacd63d5,2025-10-05,Gladbach,Freiburg,0.0,0.0
GER-Bundesliga,2526,5fa2c71d,2025-10-05,Hamburger SV,Mainz 05,4.0,0.0
GER-Bundesliga,2526,a0f25ade,2025-10-05,Stuttgart,Heidenheim,1.0,0.0
GER-Bundesliga,2526,ff4f138c,2025-10-17,Union Berlin,Gladbach,3.0,1.0
GER-Bundesliga,2526,2b1ceae8,2025-10-18,Bayern Munich,Dortmund,2.0,1.0
GER-Bundesliga,2526,cbbd67c2,2025-10-18,Heidenheim,Werder Bremen,2.0,2.0
GER-Bundesliga,2526,cc14e577,2025-10-18,Köln,Augsburg,1.0,1.0
GER-Bundesliga,2526,cbacd84f,2025-10-18,Mainz 05,Leverkusen,3.0,4.0
GER-Bundesliga,2526,98feecfc,2025-10-18,RB Leipzig,Hamburger SV,2.0,1.0
GER-Bundesliga,2526,b835211e,2025-10-18,Wolfsburg,Stuttgart,0.0,3.0
GER-Bundesliga,2526,1285edc1,2025-10-19,Freiburg,Frankfurt,2.0,2.0
GER-Bundesliga,2526,b4f6e363,2025-10-19,St Pauli,Hoffenheim,0.0,3.0
GER-Bundesliga,2526,e69d535e,2025-10-24,Werder Bremen,Union Berlin,1.0,0.0
GER-Bundesliga,2526,4ce34326,2025-10-25,Augsburg,RB Leipzig,0.0,6.0
GER-Bundesliga,2526,eeacfafc,2025-10-25,Dortmund,Köln,1.0,0.0
GER-Bundesliga,2526,0c04c6a6,2025-10-25,Frankfurt,St Pauli,2.0,0.0
GER-Bundesliga,2526,bcdd851c,2025-10-25,Gladbach,Bayern Munich,0.0,3.0
GER-Bundesliga,2526,e3020e39,2025-10-25,Hamburger SV,Wolfsburg,0.0,1.0
GER-Bundesliga,2526,482ddc24,2025-10-25,Hoffenheim,Heidenheim,3.0,1.0
GER-Bundesliga,2526,f42e0743,2025-10-26,Leverkusen,Freiburg,2.0,0.0
GER-Bundesliga,2526,b3cf49e5,2025-10-26,Stuttgart,Mainz 05,2.0,1.0
GER-Bundesliga,2526,598fe99f,2025-10-31,Augsburg,Dortmund,0.0,1.0
GER-Bundesliga,2526,23eeabbb,2025-11-01,Bayern Munich,Leverkusen,3.0,0.0
GER-Bundesliga,2526,334ac0b2,2025-11-01,Heidenheim,Frankfurt,1.0,1.0
GER-Bundesliga,2526,af4d208e,2025-11-01,Mainz 05,Werder Bremen,1.0,1.0
GER-Bundesliga,2526,86253a51,2025-11-01,RB Leipzig,Stuttgart,3.0,1.0
GER-Bundesliga,2526,582bbd5d,2025-11-01,St Pauli,Gladbach,0.0,4.0
GER-Bundesliga,2526,c63fd3ef,2025-11-01,Union Berlin,Freiburg,0.0,0.0
GER-Bundesliga,2526,5b856721,2025-11-02,Köln,Hamburger SV,4.0,1.0
GER-Bundesliga,2526,69d3f972,2025-11-02,Wolfsburg,Hoffenheim,2.0,3.0
GER-Bundesliga,2526,42691ed8,2025-11-07,Werder Bremen,Wolfsburg,2.0,1.0
GER-Bundesliga,2526,546be97e,2025-11-08,Gladbach,Köln,3.0,1.0
GER-Bundesliga,2526,52d75dc1,2025-11-08,Hamburger SV,Dortmund,1.0,1.0
GER-Bundesliga,2526,f05fd061,2025-11-08,Hoffenheim,RB Leipzig,3.0,1.0
GER-Bundesliga,2526,8e4a9eea,2025-11-08,Leverkusen,Heidenheim,6.0,0.0
GER-Bundesliga,2526,4ceaf237,2025-11-08,Union Berlin,Bayern Munich,2.0,2.0
GER-Bundesliga,2526,934c7914,2025-11-09,Frankfurt,Mainz 05,1.0,0.0
GER-Bundesliga,2526,9b9ef973,2025-11-09,Freiburg,St Pauli,2.0,1.0
GER-Bundesliga,2526,1c06d4ba,2025-11-09,Stuttgart,Augsburg,3.0,2.0
GER-Bundesliga,2526,9fc01308,2025-11-21,Mainz 05,Hoffenheim,1.0,1.0
GER-Bundesliga,2526,2ac33c25,2025-11-22,Augsburg,Hamburger SV,1.0,0.0
GER-Bundesliga,2526,1ed265a3,2025-11-22,Bayern Munich,Freiburg,6.0,2.0
GER-Bundesliga,2526,0a591c86,2025-11-22,Dortmund,Stuttgart,3.0,3.0
GER-Bundesliga,2526,75601473,2025-11-22,Heidenheim,Gladbach,0.0,3.0
GER-Bundesliga,2526,1cdc182e,2025-11-22,Köln,Frankfurt,3.0,4.0
GER-Bundesliga,2526,7da89746,2025-11-22,Wolfsburg,Leverkusen,1.0,3.0
GER-Bundesliga,2526,c1e7c407,2025-11-23,RB Leipzig,Werder Bremen,2.0,0.0
GER-Bundesliga,2526,8819acc2,2025-11-23,St Pauli,Union Berlin,0.0,1.0
GER-Bundesliga,2526,4c313506,2025-11-28,Gladbach,RB Leipzig,0.0,0.0
GER-Bundesliga,2526,8c986b0e,2025-11-29,Bayern Munich,St Pauli,3.0,1.0
GER-Bundesliga,2526,f44b0b62,2025-11-29,Hoffenheim,Augsburg,3.0,0.0
GER-Bundesliga,2526,17573d46,2025-11-29,Leverkusen,Dortmund,1.0,2.0
GER-Bundesliga,2526,725f87d9,2025-11-29,Union Berlin,Heidenheim,1.0,2.0
GER-Bundesliga,2526,b71d523d,2025-11-29,Werder Bremen,Köln,1.0,1.0
GER-Bundesliga,2526,a661ffbb,2025-11-30,Frankfurt,Wolfsburg,1.0,1.0
GER-Bundesliga,2526,057b3b0a,2025-11-30,Freiburg,Mainz 05,4.0,0.0
GER-Bundesliga,2526,ed319a92,2025-11-30,Hamburger SV,Stuttgart,2.0,1.0
GER-Bundesliga,2526,cb450c68,2025-12-05,Mainz 05,Gladbach,0.0,1.0
GER-Bundesliga,2526,bcb23639,2025-12-06,Augsburg,Leverkusen,2.0,0.0
GER-Bundesliga,2526,685d5d9b,2025-12-06,Heidenheim,Freiburg,2.0,1.0
GER-Bundesliga,2526,bd6f505b,2025-12-06,Köln,St Pauli,1.0,1.0
GER-Bundesliga,2526,680e8885,2025-12-06,RB Leipzig,Frankfurt,6.0,0.0
GER-Bundesliga,2526,951333e9,2025-12-06,Stuttgart,Bayern Munich,0.0,5.0
GER-Bundesliga,2526,21e9e374,2025-12-06,Wolfsburg,Union Berlin,3.0,1.0
GER-Bundesliga,2526,f2dc84bc,2025-12-07,Dortmund,Hoffenheim,2.0,0.0
GER-Bundesliga,2526,c333d68f,2025-12-07,Hamburger SV,Werder Bremen,3.0,2.0
GER-Bundesliga,2526,4dc11eae,2025-12-12,Union Berlin,RB Leipzig,3.0,1.0
GER-Bundesliga,2526,f34958b8,2025-12-13,Frankfurt,Augsburg,1.0,0.0
GER-Bundesliga,2526,80e5b371,2025-12-13,Gladbach,Wolfsburg,1.0,3.0
GER-Bundesliga,2526,864e8847,2025-12-13,Hoffenheim,Hamburger SV,4.0,1.0
GER-Bundesliga,2526,140ccda0,2025-12-13,Leverkusen,Köln,2.0,0.0
GER-Bundesliga,2526,11d46242,2025-12-13,St Pauli,Heidenheim,2.0,1.0
GER-Bundesliga,2526,26af6e0a,2025-12-14,Bayern Munich,Mainz 05,2.0,2.0
GER-Bundesliga,2526,575f0812,2025-12-14,Freiburg,Dortmund,1.0,1.0
GER-Bundesliga,2526,ed906624,2025-12-14,Werder Bremen,Stuttgart,0.0,4.0
GER-Bundesliga,2526,11bea5d1,2025-12-19,Dortmund,Gladbach,2.0,0.0
GER-Bundesliga,2526,3c8722f1,2025-12-20,Augsburg,Werder Bremen,0.0,0.0
GER-Bundesliga,2526,c89b2306,2025-12-20,Hamburger SV,Frankfurt,1.0,1.0
GER-Bundesliga,2526,2c1539b2,2025-12-20,Köln,Union Berlin,0.0,1.0
GER-Bundesliga,2526,10ba5054,2025-12-20,RB Leipzig,Leverkusen,1.0,3.0
GER-Bundesliga,2526,67fbedfd,2025-12-20,Stuttgart,Hoffenheim,0.0,0.0
GER-Bundesliga,2526,10d7ed3d,2025-12-20,Wolfsburg,Freiburg,3.0,4.0
GER-Bundesliga,2526,b79b9c38,2025-12-21,Heidenheim,Bayern Munich,0.0,4.0
GER-Bundesliga,2526,fb85cefc,2025-12-21,Mainz 05,St Pauli,0.0,0.0
GER-Bundesliga,2526,e5ec568b,2026-01-09,Frankfurt,Dortmund,3.0,3.0
GER-Bundesliga,2526,df9b2eb9,2026-01-10,Freiburg,Hamburger SV,2.0,1.0
GER-Bundesliga,2526,764e2067,2026-01-10,Heidenheim,Köln,2.0,2.0
GER-Bundesliga,2526,0f4d2493,2026-01-10,Leverkusen,Stuttgart,1.0,4.0
GER-Bundesliga,2526,1dd20f6a,2026-01-10,Union Berlin,Mainz 05,2.0,2.0
GER-Bundesliga,2526,7690e25a,2026-01-11,Bayern Munich,Wolfsburg,8.0,1.0
GER-Bundesliga,2526,1922420c,2026-01-11,Gladbach,Augsburg,4.0,0.0
GER-Bundesliga,2526,aca1feff,2026-01-13,Dortmund,Werder Bremen,3.0,0.0
GER-Bundesliga,2526,4dd99b68,2026-01-13,Mainz 05,Heidenheim,2.0,1.0
GER-Bundesliga,2526,2f46c737,2026-01-13,Stuttgart,Frankfurt,3.0,2.0
GER-Bundesliga,2526,dbbeb491,2026-01-14,Hoffenheim,Gladbach,5.0,1.0
GER-Bundesliga,2526,53ab1485,2026-01-14,Köln,Bayern Munich,1.0,3.0
GER-Bundesliga,2526,b181ca59,2026-01-14,RB Leipzig,Freiburg,2.0,0.0
GER-Bundesliga,2526,21b41ab6,2026-01-14,Wolfsburg,St Pauli,2.0,1.0
GER-Bundesliga,2526,1723418c,2026-01-15,Augsburg,Union Berlin,1.0,1.0
GER-Bundesliga,2526,fde336de,2026-01-16,Werder Bremen,Frankfurt,3.0,3.0
GER-Bundesliga,2526,6fd61e2a,2026-01-17,Dortmund,St Pauli,3.0,2.0
GER-Bundesliga,2526,2e95b881,2026-01-17,Hamburger SV,Gladbach,0.0,0.0
GER-Bundesliga,2526,0bb45d54,2026-01-17,Hoffenheim,Leverkusen,1.0,0.0
GER-Bundesliga,2526,5ac632fb,2026-01-17,Köln,Mainz 05,2.0,1.0
GER-Bundesliga,2526,0c23f491,2026-01-17,RB Leipzig,Bayern Munich,1.0,5.0
GER-Bundesliga,2526,5801a44c,2026-01-17,Wolfsburg,Heidenheim,1.0,1.0
GER-Bundesliga,2526,38d7cec3,2026-01-18,Augsburg,Freiburg,2.0,2.0
GER-Bundesliga,2526,bb714d74,2026-01-18,Stuttgart,Union Berlin,1.0,1.0
GER-Bundesliga,2526,b853846a,2026-01-23,St Pauli,Hamburger SV,0.0,0.0
GER-Bundesliga,2526,6778be9e,2026-01-24,Bayern Munich,Augsburg,1.0,2.0
GER-Bundesliga,2526,77afcd39,2026-01-24,Frankfurt,Hoffenheim,1.0,3.0
GER-Bundesliga,2526,029fac20,2026-01-24,Heidenheim,RB Leipzig,0.0,3.0
GER-Bundesliga,2526,9264ed6a,2026-01-24,Leverkusen,Werder Bremen,1.0,0.0
GER-Bundesliga,2526,15744897,2026-01-24,Mainz 05,Wolfsburg,3.0,1.0
GER-Bundesliga,2526,c0466b3d,2026-01-24,Union Berlin,Dortmund,0.0,3.0
GER-Bundesliga,2526,5b391b79,2026-01-25,Freiburg,Köln,2.0,1.0
GER-Bundesliga,2526,a8c3a4d0,2026-01-25,Gladbach,Stuttgart,0.0,3.0
GER-Bundesliga,2526,9564d1cf,2026-01-27,St Pauli,RB Leipzig,1.0,1.0
GER-Bundesliga,2526,5e345e8c,2026-01-27,Werder Bremen,Hoffenheim,0.0,2.0
GER-Bundesliga,2526,0416853b,2026-01-30,Köln,Wolfsburg,1.0,0.0
GER-Bundesliga,2526,8a67bbd9,2026-01-31,Augsburg,St Pauli,2.0,1.0
GER-Bundesliga,2526,98d37a14,2026-01-31,Frankfurt,Leverkusen,1.0,3.0
GER-Bundesliga,2526,6e03c5ad,2026-01-31,Hamburger SV,Bayern Munich,2.0,2.0
GER-Bundesliga,2526,81c24973,2026-01-31,Hoffenheim,Union Berlin,3.0,1.0
GER-Bundesliga,2526,34d4c9c1,2026-01-31,RB Leipzig,Mainz 05,1.0,2.0
GER-Bundesliga,2526,3d948b1d,2026-01-31,Werder Bremen,Gladbach,1.0,1.0
GER-Bundesliga,2526,a54c32b8,2026-02-01,Dortmund,Heidenheim,3.0,2.0
GER-Bundesliga,2526,82ef30eb,2026-02-01,Stuttgart,Freiburg,1.0,0.0
GER-Bundesliga,2526,8aae5cf4,2026-02-06,Union Berlin,Frankfurt,1.0,1.0
GER-Bundesliga,2526,d4607ca9,2026-02-07,Freiburg,Werder Bremen,1.0,0.0
GER-Bundesliga,2526,b577a101,2026-02-07,Gladbach,Leverkusen,1.0,1.0
GER-Bundesliga,2526,8c925078,2026-02-07,Heidenheim,Hamburger SV,0.0,2.0
GER-Bundesliga,2526,e0e52b04,2026-02-07,Mainz 05,Augsburg,2.0,0.0
GER-Bundesliga,2526,82df5762,2026-02-07,St Pauli,Stuttgart,2.0,1.0
GER-Bundesliga,2526,e8afbc0e,2026-02-07,Wolfsburg,Dortmund,1.0,2.0
GER-Bundesliga,2526,48bce21b,2026-02-08,Bayern Munich,Hoffenheim,5.0,1.0
GER-Bundesliga,2526,7aad3776,2026-02-08,Köln,RB Leipzig,1.0,2.0
GER-Bundesliga,2526,894008ad,2026-02-13,Dortmund,Mainz 05,4.0,0.0
GER-Bundesliga,2526,f26acadd,2026-02-14,Frankfurt,Gladbach,3.0,0.0
GER-Bundesliga,2526,ceee76b3,2026-02-14,Hamburger SV,Union Berlin,3.0,2.0
GER-Bundesliga,2526,37f7cd82,2026-02-14,Hoffenheim,Freiburg,3.0,0.0
GER-Bundesliga,2526,26ca2b0e,2026-02-14,Leverkusen,St Pauli,4.0,0.0
GER-Bundesliga,2526,445d47a5,2026-02-14,Stuttgart,Köln,3.0,1.0
GER-Bundesliga,2526,74e8641f,2026-02-14,Werder Bremen,Bayern Munich,0.0,3.0
GER-Bundesliga,2526,1e0ad2d3,2026-02-15,Augsburg,Heidenheim,1.0,0.0
GER-Bundesliga,2526,18f3a645,2026-02-15,RB Leipzig,Wolfsburg,2.0,2.0
GER-Bundesliga,2526,06bf3a10,2026-02-20,Mainz 05,Hamburger SV,1.0,1.0
GER-Bundesliga,2526,b738ae59,2026-02-21,Bayern Munich,Frankfurt,3.0,2.0
GER-Bundesliga,2526,4592852c,2026-02-21,Köln,Hoffenheim,2.0,2.0
GER-Bundesliga,2526,f72d2be2,2026-02-21,RB Leipzig,Dortmund,2.0,2.0
GER-Bundesliga,2526,0cfa148f,2026-02-21,Union Berlin,Leverkusen,1.0,0.0
GER-Bundesliga,2526,43ca1cd9,2026-02-21,Wolfsburg,Augsburg,2.0,3.0
GER-Bundesliga,2526,ff23f003,2026-02-22,Freiburg,Gladbach,2.0,1.0
GER-Bundesliga,2526,35871553,2026-02-22,Heidenheim,Stuttgart,3.0,3.0
GER-Bundesliga,2526,651f6453,2026-02-22,St Pauli,Werder Bremen,2.0,1.0
GER-Bundesliga,2526,d2700cf8,2026-02-27,Augsburg,Köln,2.0,0.0
GER-Bundesliga,2526,6c019706,2026-02-28,Dortmund,Bayern Munich,2.0,3.0
GER-Bundesliga,2526,cbd11b59,2026-02-28,Gladbach,Union Berlin,1.0,0.0
GER-Bundesliga,2526,2bbbc519,2026-02-28,Hoffenheim,St Pauli,0.0,1.0
GER-Bundesliga,2526,1b5d1f9b,2026-02-28,Leverkusen,Mainz 05,1.0,1.0
GER-Bundesliga,2526,87a8b203,2026-02-28,Werder Bremen,Heidenheim,2.0,0.0
GER-Bundesliga,2526,46f9d386,2026-03-01,Frankfurt,Freiburg,2.0,0.0
GER-Bundesliga,2526,dd7f0052,2026-03-01,Hamburger SV,RB Leipzig,1.0,2.0
GER-Bundesliga,2526,128b47aa,2026-03-01,Stuttgart,Wolfsburg,4.0,0.0
GER-Bundesliga,2526,06e9f9ba,2026-03-04,Hamburger SV,Leverkusen,0.0,1.0
GER-Bundesliga,2526,ca3db0b6,2026-03-06,Bayern Munich,Gladbach,4.0,1.0
GER-Bundesliga,2526,5d5e3dcf,2026-03-07,Freiburg,Leverkusen,3.0,3.0
GER-Bundesliga,2526,2aff1fd5,2026-03-07,Heidenheim,Hoffenheim,2.0,4.0
GER-Bundesliga,2526,1c341220,2026-03-07,Köln,Dortmund,1.0,2.0
GER-Bundesliga,2526,8616e731,2026-03-07,Mainz 05,Stuttgart,2.0,2.0
GER-Bundesliga,2526,f7c3d84a,2026-03-07,RB Leipzig,Augsburg,2.0,1.0
GER-Bundesliga,2526,51d5896e,2026-03-07,Wolfsburg,Hamburger SV,1.0,2.0
GER-Bundesliga,2526,e4150790,2026-03-08,St Pauli,Frankfurt,0.0,0.0
GER-Bundesliga,2526,fbee62a7,2026-03-08,Union Berlin,Werder Bremen,1.0,4.0
GER-Bundesliga,2526,92d83a26,2026-03-13,Gladbach,St Pauli,2.0,0.0
GER-Bundesliga,2526,e14fdd69,2026-03-14,Dortmund,Augsburg,2.0,0.0
GER-Bundesliga,2526,d8ad694b,2026-03-14,Frankfurt,Heidenheim,1.0,0.0
GER-Bundesliga,2526,fa813926,2026-03-14,Hamburger SV,Köln,1.0,1.0
GER-Bundesliga,2526,1f4c656e,2026-03-14,Hoffenheim,Wolfsburg,1.0,1.0
GER-Bundesliga,2526,180b738c,2026-03-14,Leverkusen,Bayern Munich,1.0,1.0
GER-Bundesliga,2526,9f4b70e5,2026-03-15,Freiburg,Union Berlin,0.0,1.0
GER-Bundesliga,2526,1ca6249a,2026-03-15,Stuttgart,RB Leipzig,1.0,0.0
GER-Bundesliga,2526,1f1b6c2b,2026-03-15,Werder Bremen,Mainz 05,0.0,2.0
GER-Bundesliga,2526,bf1db516,2026-03-20,RB Leipzig,Hoffenheim,5.0,0.0
GER-Bundesliga,2526,e676af12,2026-03-21,Bayern Munich,Union Berlin,4.0,0.0
GER-Bundesliga,2526,6b718dc2,2026-03-21,Dortmund,Hamburger SV,3.0,2.0
GER-Bundesliga,2526,af3bba86,2026-03-21,Heidenheim,Leverkusen,3.0,3.0
GER-Bundesliga,2526,a89b782c,2026-03-21,Köln,Gladbach,3.0,3.0
GER-Bundesliga,2526,f606c264,2026-03-21,Wolfsburg,Werder Bremen,0.0,1.0
GER-Bundesliga,2526,0c238550,2026-03-22,Augsburg,Stuttgart,2.0,5.0
GER-Bundesliga,2526,baa601e0,2026-03-22,Mainz 05,Frankfurt,2.0,1.0
GER-Bundesliga,2526,5be85af0,2026-03-22,St Pauli,Freiburg,1.0,2.0
GER-Bundesliga,2526,721548e3,2026-04-04,Freiburg,Bayern Munich,2.0,3.0
GER-Bundesliga,2526,21f35047,2026-04-04,Gladbach,Heidenheim,2.0,2.0
GER-Bundesliga,2526,08fc0714,2026-04-04,Hamburger SV,Augsburg,1.0,1.0
GER-Bundesliga,2526,3a7cec87,2026-04-04,Hoffenheim,Mainz 05,1.0,2.0
GER-Bundesliga,2526,a3af3bdd,2026-04-04,Leverkusen,Wolfsburg,6.0,3.0
GER-Bundesliga,2526,f9a08e10,2026-04-04,Stuttgart,Dortmund,0.0,2.0
GER-Bundesliga,2526,0b021c1c,2026-04-04,Werder Bremen,RB Leipzig,1.0,2.0
GER-Bundesliga,2526,d7d0a49a,2026-04-05,Frankfurt,Köln,2.0,2.0
GER-Bundesliga,2526,29d0a559,2026-04-05,Union Berlin,St Pauli,1.0,1.0
GER-Bundesliga,2526,f3e3307b,2026-04-10,Augsburg,Hoffenheim,2.0,2.0
GER-Bundesliga,2526,02ccc700,2026-04-11,Dortmund,Leverkusen,0.0,1.0
GER-Bundesliga,2526,c2961d47,2026-04-11,Heidenheim,Union Berlin,3.0,1.0
GER-Bundesliga,2526,f3fbd84a,2026-04-11,RB Leipzig,Gladbach,1.0,0.0
GER-Bundesliga,2526,eb95b3e4,2026-04-11,St Pauli,Bayern Munich,0.0,5.0
GER-Bundesliga,2526,ea4988fd,2026-04-11,Wolfsburg,Frankfurt,1.0,2.0
GER-Bundesliga,2526,e2b8a60b,2026-04-12,Köln,Werder Bremen,3.0,1.0
GER-Bundesliga,2526,aea46b41,2026-04-12,Mainz 05,Freiburg,0.0,1.0
GER-Bundesliga,2526,33a78af8,2026-04-12,Stuttgart,Hamburger SV,4.0,0.0
GER-Bundesliga,2526,e8d5d565,2026-04-17,St Pauli,Köln,1.0,1.0
GER-Bundesliga,2526,349c3dc6,2026-04-18,Frankfurt,RB Leipzig,1.0,3.0
GER-Bundesliga,2526,cb061c48,2026-04-18,Hoffenheim,Dortmund,2.0,1.0
GER-Bundesliga,2526,91c99b46,2026-04-18,Leverkusen,Augsburg,1.0,2.0
GER-Bundesliga,2526,edb9f6f2,2026-04-18,Union Berlin,Wolfsburg,1.0,2.0
GER-Bundesliga,2526,83b796d6,2026-04-18,Werder Bremen,Hamburger SV,3.0,1.0
GER-Bundesliga,2526,40b99496,2026-04-19,Bayern Munich,Stuttgart,4.0,2.0
GER-Bundesliga,2526,cfac82d8,2026-04-19,Freiburg,Heidenheim,2.0,1.0
GER-Bundesliga,2526,35c40901,2026-04-19,Gladbach,Mainz 05,1.0,1.0
GER-Bundesliga,2526,66412a04,2026-04-24,RB Leipzig,Union Berlin,3.0,1.0
GER-Bundesliga,2526,ab0bb21b,2026-04-25,Augsburg,Frankfurt,1.0,1.0
GER-Bundesliga,2526,2ad35573,2026-04-25,Hamburger SV,Hoffenheim,1.0,2.0
GER-Bundesliga,2526,fbf236d6,2026-04-25,Heidenheim,St Pauli,2.0,0.0
GER-Bundesliga,2526,b2b45dd2,2026-04-25,Köln,Leverkusen,1.0,2.0
GER-Bundesliga,2526,81b29be2,2026-04-25,Mainz 05,Bayern Munich,3.0,4.0
GER-Bundesliga,2526,47d17f33,2026-04-25,Wolfsburg,Gladbach,0.0,0.0
GER-Bundesliga,2526,e223c649,2026-04-26,Dortmund,Freiburg,4.0,0.0
GER-Bundesliga,2526,eea3f172,2026-04-26,Stuttgart,Werder Bremen,1.0,1.0
GER-Bundesliga,2526,fad9349e,2026-05-02,Bayern Munich,Heidenheim,3.0,3.0
GER-Bundesliga,2526,ebaec166,2026-05-02,Frankfurt,Hamburger SV,1.0,2.0
GER-Bundesliga,2526,8a4a2f4f,2026-05-02,Hoffenheim,Stuttgart,3.0,3.0
GER-Bundesliga,2526,f16f1bec,2026-05-02,Leverkusen,RB Leipzig,4.0,1.0
GER-Bundesliga,2526,a9bd5686,2026-05-02,Union Berlin,Köln,2.0,2.0
GER-Bundesliga,2526,3fe3f87d,2026-05-02,Werder Bremen,Augsburg,1.0,3.0
GER-Bundesliga,2526,2f3e5f0b,2026-05-03,Freiburg,Wolfsburg,1.0,1.0
GER-Bundesliga,2526,542cd80a,2026-05-03,Gladbach,Dortmund,1.0,0.0
GER-Bundesliga,2526,ee61d507,2026-05-03,St Pauli,Mainz 05,1.0,2.0
GER-Bundesliga,2526,89f22d19,2026-05-08,Dortmund,Frankfurt,3.0,2.0
GER-Bundesliga,2526,ac7b504f,2026-05-09,Augsburg,Gladbach,3.0,1.0
GER-Bundesliga,2526,54ebe602,2026-05-09,Hoffenheim,Werder Bremen,1.0,0.0
GER-Bundesliga,2526,a5fed5c1,2026-05-09,RB Leipzig,St Pauli,2.0,1.0
GER-Bundesliga,2526,392c179a,2026-05-09,Stuttgart,Leverkusen,3.0,1.0
GER-Bundesliga,2526,f06d7cc7,2026-05-09,Wolfsburg,Bayern Munich,0.0,1.0
GER-Bundesliga,2526,84da5f6d,2026-05-10,Hamburger SV,Freiburg,3.0,2.0
GER-Bundesliga,2526,2555c101,2026-05-10,Köln,Heidenheim,1.0,3.0
GER-Bundesliga,2526,587c415f,2026-05-10,Mainz 05,Union Berlin,1.0,3.0
GER-Bundesliga,2526,ac29565b,2026-05-16,Bayern Munich,Köln,5.0,1.0
GER-Bundesliga,2526,fca106ab,2026-05-16,Frankfurt,Stuttgart,2.0,2.0
GER-Bundesliga,2526,0fa6acd5,2026-05-16,Freiburg,RB Leipzig,4.0,1.0
GER-Bundesliga,2526,e6666402,2026-05-16,Gladbach,Hoffenheim,4.0,0.0
GER-Bundesliga,2526,7e8a2ac9,2026-05-16,Heidenheim,Mainz 05,0.0,2.0
GER-Bundesliga,2526,0b1d6401,2026-05-16,Leverkusen,Hamburger SV,1.0,1.0
GER-Bundesliga,2526,157cf480,2026-05-16,St Pauli,Wolfsburg,1.0,3.0
GER-Bundesliga,2526,327c23bd,2026-05-16,Union Berlin,Augsburg,4.0,0.0
GER-Bundesliga,2526,746a064e,2026-05-16,Werder Bremen,Dortmund,0.0,2.0
GER-Bundesliga,2526,ea2b1356,2026-05-21,Wolfsburg,Paderborn 07,0.0,0.0
GER-Bundesliga,2526,36b944ce,2026-05-25,Paderborn 07,Wolfsburg,2.0,1.0
ITA-Serie A,2122,e057a19f,2021-08-21,Empoli,Lazio,1.0,3.0
ITA-Serie A,2122,81074285,2021-08-21,Hellas Verona,Sassuolo,2.0,3.0
ITA-Serie A,2122,5c162318,2021-08-21,Inter,Genoa,4.0,0.0
ITA-Serie A,2122,0465e44e,2021-08-21,Torino,Atalanta,1.0,2.0
ITA-Serie A,2122,015e7a96,2021-08-22,Bologna,Salernitana,3.0,2.0
ITA-Serie A,2122,cca0edfd,2021-08-22,Napoli,Venezia,2.0,0.0
ITA-Serie A,2122,dabdad9f,2021-08-22,Roma,Fiorentina,3.0,1.0
ITA-Serie A,2122,3d5b1245,2021-08-22,Udinese,Juventus,2.0,2.0
ITA-Serie A,2122,b2c86bfc,2021-08-23,Cagliari,Spezia,2.0,2.0
ITA-Serie A,2122,2e04a6c0,2021-08-23,Sampdoria,Milan,0.0,1.0
ITA-Serie A,2122,c8bd861a,2021-08-27,Hellas Verona,Inter,1.0,3.0
ITA-Serie A,2122,2747c144,2021-08-27,Udinese,Venezia,3.0,0.0
ITA-Serie A,2122,b8799a66,2021-08-28,Atalanta,Bologna,0.0,0.0
ITA-Serie A,2122,27657443,2021-08-28,Fiorentina,Torino,2.0,1.0
ITA-Serie A,2122,4112adb3,2021-08-28,Juventus,Empoli,0.0,1.0
ITA-Serie A,2122,cbe9b1ae,2021-08-28,Lazio,Spezia,6.0,1.0
ITA-Serie A,2122,744087da,2021-08-29,Genoa,Napoli,1.0,2.0
ITA-Serie A,2122,0f78d641,2021-08-29,Milan,Cagliari,4.0,1.0
ITA-Serie A,2122,3a200383,2021-08-29,Salernitana,Roma,0.0,4.0
ITA-Serie A,2122,4637a73f,2021-08-29,Sassuolo,Sampdoria,0.0,0.0
ITA-Serie A,2122,7559e08b,2021-09-11,Atalanta,Fiorentina,1.0,2.0
ITA-Serie A,2122,0d2de0b9,2021-09-11,Empoli,Venezia,1.0,2.0
ITA-Serie A,2122,4e0811bf,2021-09-11,Napoli,Juventus,2.0,1.0
ITA-Serie A,2122,35744669,2021-09-12,Cagliari,Genoa,2.0,3.0
ITA-Serie A,2122,fe2d72aa,2021-09-12,Milan,Lazio,2.0,0.0
ITA-Serie A,2122,e3c9a6a7,2021-09-12,Roma,Sassuolo,2.0,1.0
ITA-Serie A,2122,220af622,2021-09-12,Sampdoria,Inter,2.0,2.0
ITA-Serie A,2122,f883c757,2021-09-12,Spezia,Udinese,0.0,1.0
ITA-Serie A,2122,5f201a49,2021-09-12,Torino,Salernitana,4.0,0.0
ITA-Serie A,2122,d304dec3,2021-09-13,Bologna,Hellas Verona,1.0,0.0
ITA-Serie A,2122,89e42420,2021-09-17,Sassuolo,Torino,0.0,1.0
ITA-Serie A,2122,4b9e4487,2021-09-18,Genoa,Fiorentina,1.0,2.0
ITA-Serie A,2122,0b704522,2021-09-18,Inter,Bologna,6.0,1.0
ITA-Serie A,2122,d54b884f,2021-09-18,Salernitana,Atalanta,0.0,1.0
ITA-Serie A,2122,03406df1,2021-09-19,Empoli,Sampdoria,0.0,3.0
ITA-Serie A,2122,ae8f060f,2021-09-19,Hellas Verona,Roma,3.0,2.0
ITA-Serie A,2122,e1ba445c,2021-09-19,Juventus,Milan,1.0,1.0
ITA-Serie A,2122,928e3270,2021-09-19,Lazio,Cagliari,2.0,2.0
ITA-Serie A,2122,e9413955,2021-09-19,Venezia,Spezia,1.0,2.0
ITA-Serie A,2122,f3741324,2021-09-20,Udinese,Napoli,0.0,4.0
ITA-Serie A,2122,6f32a770,2021-09-21,Atalanta,Sassuolo,2.0,1.0
ITA-Serie A,2122,2128c9b7,2021-09-21,Bologna,Genoa,2.0,2.0
ITA-Serie A,2122,0b49d6f1,2021-09-21,Fiorentina,Inter,1.0,3.0
ITA-Serie A,2122,091676a6,2021-09-22,Cagliari,Empoli,0.0,2.0
ITA-Serie A,2122,c2431356,2021-09-22,Milan,Venezia,2.0,0.0
ITA-Serie A,2122,84e68acd,2021-09-22,Salernitana,Hellas Verona,2.0,2.0
ITA-Serie A,2122,0cdf92e5,2021-09-22,Spezia,Juventus,2.0,3.0
ITA-Serie A,2122,8950ae54,2021-09-23,Roma,Udinese,1.0,0.0
ITA-Serie A,2122,ecd70e2b,2021-09-23,Sampdoria,Napoli,0.0,4.0
ITA-Serie A,2122,8c3d226a,2021-09-23,Torino,Lazio,1.0,1.0
ITA-Serie A,2122,ec3ea46c,2021-09-25,Genoa,Hellas Verona,3.0,3.0
ITA-Serie A,2122,26cac686,2021-09-25,Inter,Atalanta,2.0,2.0
ITA-Serie A,2122,8f05af5a,2021-09-25,Spezia,Milan,1.0,2.0
ITA-Serie A,2122,db1efad7,2021-09-26,Empoli,Bologna,4.0,2.0
ITA-Serie A,2122,2944c7e2,2021-09-26,Juventus,Sampdoria,3.0,2.0
ITA-Serie A,2122,1e1220b4,2021-09-26,Lazio,Roma,3.0,2.0
ITA-Serie A,2122,4cb4842e,2021-09-26,Napoli,Cagliari,2.0,0.0
ITA-Serie A,2122,16102e8e,2021-09-26,Sassuolo,Salernitana,1.0,0.0
ITA-Serie A,2122,6f2cface,2021-09-26,Udinese,Fiorentina,0.0,1.0
ITA-Serie A,2122,49f75774,2021-09-27,Venezia,Torino,1.0,1.0
ITA-Serie A,2122,9266a47d,2021-10-01,Cagliari,Venezia,1.0,1.0
ITA-Serie A,2122,cadc0b9e,2021-10-02,Salernitana,Genoa,1.0,0.0
ITA-Serie A,2122,8e6028af,2021-10-02,Sassuolo,Inter,1.0,2.0
ITA-Serie A,2122,b891da74,2021-10-02,Torino,Juventus,0.0,1.0
ITA-Serie A,2122,ae7758d1,2021-10-03,Atalanta,Milan,2.0,3.0
ITA-Serie A,2122,97a2d844,2021-10-03,Bologna,Lazio,3.0,0.0
ITA-Serie A,2122,364539fe,2021-10-03,Fiorentina,Napoli,1.0,2.0
ITA-Serie A,2122,af694309,2021-10-03,Hellas Verona,Spezia,4.0,0.0
ITA-Serie A,2122,a8cb51cb,2021-10-03,Roma,Empoli,2.0,0.0
ITA-Serie A,2122,a385f781,2021-10-03,Sampdoria,Udinese,3.0,3.0
ITA-Serie A,2122,0dcb20ef,2021-10-16,Lazio,Inter,3.0,1.0
ITA-Serie A,2122,36d9f7e2,2021-10-16,Milan,Hellas Verona,3.0,2.0
ITA-Serie A,2122,98a79271,2021-10-16,Spezia,Salernitana,2.0,1.0
ITA-Serie A,2122,492ec747,2021-10-17,Cagliari,Sampdoria,3.0,1.0
ITA-Serie A,2122,18b9df17,2021-10-17,Empoli,Atalanta,1.0,4.0
ITA-Serie A,2122,0ef1ccc2,2021-10-17,Genoa,Sassuolo,2.0,2.0
ITA-Serie A,2122,cba24703,2021-10-17,Juventus,Roma,1.0,0.0
ITA-Serie A,2122,a09f18f7,2021-10-17,Napoli,Torino,1.0,0.0
ITA-Serie A,2122,d1238df8,2021-10-17,Udinese,Bologna,1.0,1.0
ITA-Serie A,2122,e079b59a,2021-10-18,Venezia,Fiorentina,1.0,0.0
ITA-Serie A,2122,84765ee6,2021-10-22,Sampdoria,Spezia,2.0,1.0
ITA-Serie A,2122,c6cd35a7,2021-10-22,Torino,Genoa,3.0,2.0
ITA-Serie A,2122,03c04ac9,2021-10-23,Bologna,Milan,2.0,4.0
ITA-Serie A,2122,4d087c25,2021-10-23,Salernitana,Empoli,2.0,4.0
ITA-Serie A,2122,80a08dab,2021-10-23,Sassuolo,Venezia,3.0,1.0
ITA-Serie A,2122,884003bc,2021-10-24,Atalanta,Udinese,1.0,1.0
ITA-Serie A,2122,055736cf,2021-10-24,Fiorentina,Cagliari,3.0,0.0
ITA-Serie A,2122,451d86ac,2021-10-24,Hellas Verona,Lazio,4.0,1.0
ITA-Serie A,2122,6b095912,2021-10-24,Inter,Juventus,1.0,1.0
ITA-Serie A,2122,a99dbfea,2021-10-24,Roma,Napoli,0.0,0.0
ITA-Serie A,2122,c3a5ed16,2021-10-26,Milan,Torino,1.0,0.0
ITA-Serie A,2122,e477f7a6,2021-10-26,Spezia,Genoa,1.0,1.0
ITA-Serie A,2122,40261e2f,2021-10-26,Venezia,Salernitana,1.0,2.0
ITA-Serie A,2122,c2bd0034,2021-10-27,Cagliari,Roma,1.0,2.0
ITA-Serie A,2122,6f2b0b60,2021-10-27,Empoli,Inter,0.0,2.0
ITA-Serie A,2122,0b43e330,2021-10-27,Juventus,Sassuolo,1.0,2.0
ITA-Serie A,2122,00bd9193,2021-10-27,Lazio,Fiorentina,1.0,0.0
ITA-Serie A,2122,af5eee1e,2021-10-27,Sampdoria,Atalanta,1.0,3.0
ITA-Serie A,2122,fef41792,2021-10-27,Udinese,Hellas Verona,1.0,1.0
ITA-Serie A,2122,d1e97c1f,2021-10-28,Napoli,Bologna,3.0,0.0
ITA-Serie A,2122,a2dcd280,2021-10-30,Atalanta,Lazio,2.0,2.0
ITA-Serie A,2122,f91a95ea,2021-10-30,Hellas Verona,Juventus,2.0,1.0
ITA-Serie A,2122,9941470f,2021-10-30,Torino,Sampdoria,3.0,0.0
ITA-Serie A,2122,7d77c7d2,2021-10-31,Fiorentina,Spezia,3.0,0.0
ITA-Serie A,2122,8cf97f48,2021-10-31,Genoa,Venezia,0.0,0.0
ITA-Serie A,2122,fc09dd93,2021-10-31,Inter,Udinese,2.0,0.0
ITA-Serie A,2122,7d80fa2c,2021-10-31,Roma,Milan,1.0,2.0
ITA-Serie A,2122,bef6bffd,2021-10-31,Salernitana,Napoli,0.0,1.0
ITA-Serie A,2122,742c034b,2021-10-31,Sassuolo,Empoli,1.0,2.0
ITA-Serie A,2122,22c2e561,2021-11-01,Bologna,Cagliari,2.0,0.0
ITA-Serie A,2122,a60bbf85,2021-11-05,Empoli,Genoa,2.0,2.0
ITA-Serie A,2122,df78a1fa,2021-11-06,Cagliari,Atalanta,1.0,2.0
ITA-Serie A,2122,4c7bc2f8,2021-11-06,Juventus,Fiorentina,1.0,0.0
ITA-Serie A,2122,e52702fc,2021-11-06,Spezia,Torino,1.0,0.0
ITA-Serie A,2122,9dc65c23,2021-11-07,Lazio,Salernitana,3.0,0.0
ITA-Serie A,2122,0dd97be1,2021-11-07,Milan,Inter,1.0,1.0
ITA-Serie A,2122,ba0b7a5a,2021-11-07,Napoli,Hellas Verona,1.0,1.0
ITA-Serie A,2122,bc9af903,2021-11-07,Sampdoria,Bologna,1.0,2.0
ITA-Serie A,2122,f30249c5,2021-11-07,Udinese,Sassuolo,3.0,2.0
ITA-Serie A,2122,b0977f10,2021-11-07,Venezia,Roma,3.0,2.0
ITA-Serie A,2122,70ac2ffb,2021-11-20,Atalanta,Spezia,5.0,2.0
ITA-Serie A,2122,fc389008,2021-11-20,Fiorentina,Milan,4.0,3.0
ITA-Serie A,2122,c79685ce,2021-11-20,Lazio,Juventus,0.0,2.0
ITA-Serie A,2122,acfcf469,2021-11-21,Bologna,Venezia,0.0,1.0
ITA-Serie A,2122,d0eafd28,2021-11-21,Genoa,Roma,0.0,2.0
ITA-Serie A,2122,4ddb85ae,2021-11-21,Inter,Napoli,3.0,2.0
ITA-Serie A,2122,c5af2be5,2021-11-21,Salernitana,Sampdoria,0.0,2.0
ITA-Serie A,2122,6c31cc2b,2021-11-21,Sassuolo,Cagliari,2.0,2.0
ITA-Serie A,2122,00d5d4d8,2021-11-22,Hellas Verona,Empoli,2.0,1.0
ITA-Serie A,2122,57e23d41,2021-11-22,Torino,Udinese,2.0,1.0
ITA-Serie A,2122,6b41ba10,2021-11-26,Cagliari,Salernitana,1.0,1.0
ITA-Serie A,2122,5441a41d,2021-11-27,Empoli,Fiorentina,2.0,1.0
ITA-Serie A,2122,1ed35e03,2021-11-27,Juventus,Atalanta,0.0,1.0
ITA-Serie A,2122,32755e49,2021-11-27,Sampdoria,Hellas Verona,3.0,1.0
ITA-Serie A,2122,da139c2b,2021-11-27,Venezia,Inter,0.0,2.0
ITA-Serie A,2122,02ecaf9e,2021-11-28,Milan,Sassuolo,1.0,3.0
ITA-Serie A,2122,880095c6,2021-11-28,Napoli,Lazio,4.0,0.0
ITA-Serie A,2122,30401495,2021-11-28,Roma,Torino,1.0,0.0
ITA-Serie A,2122,13817595,2021-11-28,Spezia,Bologna,0.0,1.0
ITA-Serie A,2122,6a982c11,2021-11-28,Udinese,Genoa,0.0,0.0
ITA-Serie A,2122,23d2f4ee,2021-11-30,Atalanta,Venezia,4.0,0.0
ITA-Serie A,2122,a7574d94,2021-11-30,Fiorentina,Sampdoria,3.0,1.0
ITA-Serie A,2122,816fa570,2021-11-30,Hellas Verona,Cagliari,0.0,0.0
ITA-Serie A,2122,a8be50d4,2021-11-30,Salernitana,Juventus,0.0,2.0
ITA-Serie A,2122,a1d2e757,2021-12-01,Bologna,Roma,1.0,0.0
ITA-Serie A,2122,0664fa4e,2021-12-01,Genoa,Milan,0.0,3.0
ITA-Serie A,2122,7701265a,2021-12-01,Inter,Spezia,2.0,0.0
ITA-Serie A,2122,ea8c298c,2021-12-01,Sassuolo,Napoli,2.0,2.0
ITA-Serie A,2122,fb9d520b,2021-12-02,Lazio,Udinese,4.0,4.0
ITA-Serie A,2122,c9fd1c3c,2021-12-02,Torino,Empoli,2.0,2.0
ITA-Serie A,2122,6feb04b8,2021-12-04,Milan,Salernitana,2.0,0.0
ITA-Serie A,2122,61aaea83,2021-12-04,Napoli,Atalanta,2.0,3.0
ITA-Serie A,2122,83e0ac81,2021-12-04,Roma,Inter,0.0,3.0
ITA-Serie A,2122,84a63b19,2021-12-05,Bologna,Fiorentina,2.0,3.0
ITA-Serie A,2122,2c5c4cc0,2021-12-05,Juventus,Genoa,2.0,0.0
ITA-Serie A,2122,96f5a2b4,2021-12-05,Sampdoria,Lazio,1.0,3.0
ITA-Serie A,2122,b6946f8b,2021-12-05,Spezia,Sassuolo,2.0,2.0
ITA-Serie A,2122,5fe82949,2021-12-05,Venezia,Hellas Verona,3.0,4.0
ITA-Serie A,2122,4b37a18e,2021-12-06,Cagliari,Torino,1.0,1.0
ITA-Serie A,2122,ea327b27,2021-12-06,Empoli,Udinese,3.0,1.0
ITA-Serie A,2122,2c8ad04c,2021-12-10,Genoa,Sampdoria,1.0,3.0
ITA-Serie A,2122,2258a253,2021-12-11,Fiorentina,Salernitana,4.0,0.0
ITA-Serie A,2122,083343fd,2021-12-11,Udinese,Milan,1.0,1.0
ITA-Serie A,2122,6a984333,2021-12-11,Venezia,Juventus,1.0,1.0
ITA-Serie A,2122,cd17ca07,2021-12-12,Hellas Verona,Atalanta,1.0,2.0
ITA-Serie A,2122,c5ba8fd5,2021-12-12,Inter,Cagliari,4.0,0.0
ITA-Serie A,2122,9b5a9479,2021-12-12,Napoli,Empoli,0.0,1.0
ITA-Serie A,2122,11d49a69,2021-12-12,Sassuolo,Lazio,2.0,1.0
ITA-Serie A,2122,1420ca0a,2021-12-12,Torino,Bologna,2.0,1.0
ITA-Serie A,2122,33360771,2021-12-13,Roma,Spezia,2.0,0.0
ITA-Serie A,2122,64553f59,2021-12-17,Lazio,Genoa,3.0,1.0
ITA-Serie A,2122,41f59620,2021-12-17,Salernitana,Inter,0.0,5.0
ITA-Serie A,2122,5eeacbbe,2021-12-18,Atalanta,Roma,1.0,4.0
ITA-Serie A,2122,b6bfc338,2021-12-18,Bologna,Juventus,0.0,2.0
ITA-Serie A,2122,eb7370d9,2021-12-18,Cagliari,Udinese,0.0,4.0
ITA-Serie A,2122,d5838c4d,2021-12-19,Fiorentina,Sassuolo,2.0,2.0
ITA-Serie A,2122,e3029ebd,2021-12-19,Milan,Napoli,0.0,1.0
ITA-Serie A,2122,3c52cd53,2021-12-19,Sampdoria,Venezia,1.0,1.0
ITA-Serie A,2122,dd2c9a9e,2021-12-19,Spezia,Empoli,1.0,1.0
ITA-Serie A,2122,94913299,2021-12-19,Torino,Hellas Verona,1.0,0.0
ITA-Serie A,2122,2c2fe99f,2021-12-21,Genoa,Atalanta,0.0,0.0
ITA-Serie A,2122,8c84bd7d,2021-12-21,Juventus,Cagliari,2.0,0.0
ITA-Serie A,2122,396205f0,2021-12-22,Empoli,Milan,2.0,4.0
ITA-Serie A,2122,efd40d81,2021-12-22,Hellas Verona,Fiorentina,1.0,1.0
ITA-Serie A,2122,716547fc,2021-12-22,Inter,Torino,1.0,0.0
ITA-Serie A,2122,c573f9e2,2021-12-22,Napoli,Spezia,0.0,1.0
ITA-Serie A,2122,2d4b42c3,2021-12-22,Roma,Sampdoria,1.0,1.0
ITA-Serie A,2122,8e398e07,2021-12-22,Sassuolo,Bologna,0.0,3.0
ITA-Serie A,2122,2f439e5e,2021-12-22,Venezia,Lazio,1.0,3.0
ITA-Serie A,2122,0061f883,2022-01-06,Juventus,Napoli,1.0,1.0
ITA-Serie A,2122,1008974d,2022-01-06,Lazio,Empoli,3.0,3.0
ITA-Serie A,2122,8e60ec01,2022-01-06,Milan,Roma,3.0,1.0
ITA-Serie A,2122,760a25c6,2022-01-06,Sampdoria,Cagliari,1.0,2.0
ITA-Serie A,2122,7d553ee0,2022-01-06,Sassuolo,Genoa,1.0,1.0
ITA-Serie A,2122,d0ae4713,2022-01-06,Spezia,Hellas Verona,1.0,2.0
ITA-Serie A,2122,3f8dcf2f,2022-01-09,Empoli,Sassuolo,1.0,5.0
ITA-Serie A,2122,cb8d8313,2022-01-09,Genoa,Spezia,0.0,1.0
ITA-Serie A,2122,a080cb59,2022-01-09,Hellas Verona,Salernitana,1.0,2.0
ITA-Serie A,2122,a0ba3ca6,2022-01-09,Inter,Lazio,2.0,1.0
ITA-Serie A,2122,b1cc0886,2022-01-09,Napoli,Sampdoria,1.0,0.0
ITA-Serie A,2122,ed084613,2022-01-09,Roma,Juventus,3.0,4.0
ITA-Serie A,2122,e72244f8,2022-01-09,Udinese,Atalanta,2.0,6.0
ITA-Serie A,2122,18ac0a53,2022-01-09,Venezia,Milan,0.0,3.0
ITA-Serie A,2122,f108b2eb,2022-01-10,Torino,Fiorentina,4.0,0.0
ITA-Serie A,2122,f58006fb,2022-01-11,Cagliari,Bologna,2.0,1.0
ITA-Serie A,2122,b876929a,2022-01-15,Juventus,Udinese,2.0,0.0
ITA-Serie A,2122,58f7c81f,2022-01-15,Salernitana,Lazio,0.0,3.0
ITA-Serie A,2122,5a61b72f,2022-01-15,Sampdoria,Torino,1.0,2.0
ITA-Serie A,2122,b6107d5e,2022-01-16,Atalanta,Inter,0.0,0.0
ITA-Serie A,2122,8feacd2a,2022-01-16,Roma,Cagliari,1.0,0.0
ITA-Serie A,2122,4e9bc574,2022-01-16,Sassuolo,Hellas Verona,2.0,4.0
ITA-Serie A,2122,e3e227d2,2022-01-16,Venezia,Empoli,1.0,1.0
ITA-Serie A,2122,7fa4a885,2022-01-17,Bologna,Napoli,0.0,2.0
ITA-Serie A,2122,a6f1d693,2022-01-17,Fiorentina,Genoa,6.0,0.0
ITA-Serie A,2122,3a49d3a9,2022-01-17,Milan,Spezia,1.0,2.0
ITA-Serie A,2122,f5671990,2022-01-21,Hellas Verona,Bologna,2.0,1.0
ITA-Serie A,2122,096c86d2,2022-01-22,Genoa,Udinese,0.0,0.0
ITA-Serie A,2122,5fe182f1,2022-01-22,Inter,Venezia,2.0,1.0
ITA-Serie A,2122,a5ee61d2,2022-01-22,Lazio,Atalanta,0.0,0.0
ITA-Serie A,2122,19a449e0,2022-01-23,Cagliari,Fiorentina,1.0,1.0
ITA-Serie A,2122,917843fa,2022-01-23,Empoli,Roma,2.0,4.0
ITA-Serie A,2122,c439f074,2022-01-23,Milan,Juventus,0.0,0.0
ITA-Serie A,2122,861d5029,2022-01-23,Napoli,Salernitana,4.0,1.0
ITA-Serie A,2122,f12f62b3,2022-01-23,Spezia,Sampdoria,1.0,0.0
ITA-Serie A,2122,0dbee5b7,2022-01-23,Torino,Sassuolo,1.0,1.0
ITA-Serie A,2122,7ecdc5b7,2022-02-05,Fiorentina,Lazio,0.0,3.0
ITA-Serie A,2122,85e329ed,2022-02-05,Inter,Milan,1.0,2.0
ITA-Serie A,2122,d864a7c7,2022-02-05,Roma,Genoa,0.0,0.0
ITA-Serie A,2122,81a8232f,2022-02-06,Atalanta,Cagliari,1.0,2.0
ITA-Serie A,2122,6ad52ce3,2022-02-06,Bologna,Empoli,0.0,0.0
ITA-Serie A,2122,702fbbeb,2022-02-06,Juventus,Hellas Verona,2.0,0.0
ITA-Serie A,2122,f33fb856,2022-02-06,Sampdoria,Sassuolo,4.0,0.0
ITA-Serie A,2122,94b5ad10,2022-02-06,Udinese,Torino,2.0,0.0
ITA-Serie A,2122,3c6f1dc5,2022-02-06,Venezia,Napoli,0.0,2.0
ITA-Serie A,2122,106a8f38,2022-02-07,Salernitana,Spezia,2.0,2.0
ITA-Serie A,2122,0ae1530e,2022-02-12,Lazio,Bologna,3.0,0.0
ITA-Serie A,2122,139f09ad,2022-02-12,Napoli,Inter,1.0,1.0
ITA-Serie A,2122,37d97150,2022-02-12,Torino,Venezia,1.0,2.0
ITA-Serie A,2122,0b0f2610,2022-02-13,Atalanta,Juventus,1.0,1.0
ITA-Serie A,2122,0fa89a9d,2022-02-13,Empoli,Cagliari,1.0,1.0
ITA-Serie A,2122,e3b8fb0d,2022-02-13,Genoa,Salernitana,1.0,1.0
ITA-Serie A,2122,6e7906d8,2022-02-13,Hellas Verona,Udinese,4.0,0.0
ITA-Serie A,2122,a731be6f,2022-02-13,Milan,Sampdoria,1.0,0.0
ITA-Serie A,2122,8add55f1,2022-02-13,Sassuolo,Roma,2.0,2.0
ITA-Serie A,2122,dbd86099,2022-02-14,Spezia,Fiorentina,1.0,2.0
ITA-Serie A,2122,6641b37b,2022-02-18,Juventus,Torino,1.0,1.0
ITA-Serie A,2122,32622c0e,2022-02-19,Roma,Hellas Verona,2.0,2.0
ITA-Serie A,2122,2952f038,2022-02-19,Salernitana,Milan,2.0,2.0
ITA-Serie A,2122,38d8729f,2022-02-19,Sampdoria,Empoli,2.0,0.0
ITA-Serie A,2122,151fc44e,2022-02-20,Fiorentina,Atalanta,1.0,0.0
ITA-Serie A,2122,83fbf802,2022-02-20,Inter,Sassuolo,0.0,2.0
ITA-Serie A,2122,3f1bbbcd,2022-02-20,Udinese,Lazio,1.0,1.0
ITA-Serie A,2122,7eca1f3f,2022-02-20,Venezia,Genoa,1.0,1.0
ITA-Serie A,2122,210df948,2022-02-21,Bologna,Spezia,2.0,1.0
ITA-Serie A,2122,fd939a24,2022-02-21,Cagliari,Napoli,1.0,1.0
ITA-Serie A,2122,02de48da,2022-02-25,Genoa,Inter,0.0,0.0
ITA-Serie A,2122,cac946ce,2022-02-25,Milan,Udinese,1.0,1.0
ITA-Serie A,2122,e52f3cd7,2022-02-26,Empoli,Juventus,2.0,3.0
ITA-Serie A,2122,4821b14f,2022-02-26,Salernitana,Bologna,1.0,1.0
ITA-Serie A,2122,52954201,2022-02-26,Sassuolo,Fiorentina,2.0,1.0
ITA-Serie A,2122,6cd80c1a,2022-02-27,Hellas Verona,Venezia,3.0,1.0
ITA-Serie A,2122,c90dd7ce,2022-02-27,Lazio,Napoli,1.0,2.0
ITA-Serie A,2122,507d50ce,2022-02-27,Spezia,Roma,0.0,1.0
ITA-Serie A,2122,7bfedf81,2022-02-27,Torino,Cagliari,1.0,2.0
ITA-Serie A,2122,65258886,2022-02-28,Atalanta,Sampdoria,4.0,0.0
ITA-Serie A,2122,22a2c2cf,2022-03-04,Inter,Salernitana,5.0,0.0
ITA-Serie A,2122,1f5ef7e6,2022-03-05,Cagliari,Lazio,0.0,3.0
ITA-Serie A,2122,51617b56,2022-03-05,Roma,Atalanta,1.0,0.0
ITA-Serie A,2122,3f122955,2022-03-05,Udinese,Sampdoria,2.0,1.0
ITA-Serie A,2122,b68aceb0,2022-03-06,Bologna,Torino,0.0,0.0
ITA-Serie A,2122,0808a81d,2022-03-06,Fiorentina,Hellas Verona,1.0,1.0
ITA-Serie A,2122,bafe5081,2022-03-06,Genoa,Empoli,0.0,0.0
ITA-Serie A,2122,e9c66007,2022-03-06,Juventus,Spezia,1.0,0.0
ITA-Serie A,2122,c07431bd,2022-03-06,Napoli,Milan,0.0,1.0
ITA-Serie A,2122,d0180b27,2022-03-06,Venezia,Sassuolo,1.0,4.0
ITA-Serie A,2122,31f2171d,2022-03-12,Milan,Empoli,1.0,0.0
ITA-Serie A,2122,4b1ad5f6,2022-03-12,Salernitana,Sassuolo,2.0,2.0
ITA-Serie A,2122,b44e2bfb,2022-03-12,Sampdoria,Juventus,1.0,3.0
ITA-Serie A,2122,1a4c166c,2022-03-12,Spezia,Cagliari,2.0,0.0
ITA-Serie A,2122,b5dfd0c4,2022-03-13,Atalanta,Genoa,0.0,0.0
ITA-Serie A,2122,dedaf43b,2022-03-13,Fiorentina,Bologna,1.0,0.0
ITA-Serie A,2122,eb75d1da,2022-03-13,Hellas Verona,Napoli,1.0,2.0
ITA-Serie A,2122,a52a3753,2022-03-13,Torino,Inter,1.0,1.0
ITA-Serie A,2122,0d7c78dc,2022-03-13,Udinese,Roma,1.0,1.0
ITA-Serie A,2122,f8f6cfc7,2022-03-14,Lazio,Venezia,1.0,0.0
ITA-Serie A,2122,86c00ab0,2022-03-18,Genoa,Torino,1.0,0.0
ITA-Serie A,2122,523574c0,2022-03-18,Sassuolo,Spezia,4.0,1.0
ITA-Serie A,2122,19e9c5b1,2022-03-19,Cagliari,Milan,0.0,1.0
ITA-Serie A,2122,a65d88f9,2022-03-19,Inter,Fiorentina,1.0,1.0
ITA-Serie A,2122,c6500034,2022-03-19,Napoli,Udinese,2.0,1.0
ITA-Serie A,2122,97aab84b,2022-03-20,Bologna,Atalanta,0.0,1.0
ITA-Serie A,2122,d326539c,2022-03-20,Empoli,Hellas Verona,1.0,1.0
ITA-Serie A,2122,36a1b8e6,2022-03-20,Juventus,Salernitana,2.0,0.0
ITA-Serie A,2122,30b1b409,2022-03-20,Roma,Lazio,3.0,0.0
ITA-Serie A,2122,4fecf501,2022-03-20,Venezia,Sampdoria,0.0,2.0
ITA-Serie A,2122,de9bfd98,2022-04-02,Lazio,Sassuolo,2.0,1.0
ITA-Serie A,2122,732f70df,2022-04-02,Salernitana,Torino,0.0,1.0
ITA-Serie A,2122,84e7dc8c,2022-04-02,Spezia,Venezia,1.0,0.0
ITA-Serie A,2122,3a3f1bd9,2022-04-03,Atalanta,Napoli,1.0,3.0
ITA-Serie A,2122,5562ffe2,2022-04-03,Fiorentina,Empoli,1.0,0.0
ITA-Serie A,2122,adf797f9,2022-04-03,Juventus,Inter,0.0,1.0
ITA-Serie A,2122,e5297e88,2022-04-03,Sampdoria,Roma,0.0,1.0
ITA-Serie A,2122,69046b90,2022-04-03,Udinese,Cagliari,5.0,1.0
ITA-Serie A,2122,403c4086,2022-04-04,Hellas Verona,Genoa,1.0,0.0
ITA-Serie A,2122,e817596c,2022-04-04,Milan,Bologna,0.0,0.0
ITA-Serie A,2122,e794445c,2022-04-09,Cagliari,Juventus,1.0,2.0
ITA-Serie A,2122,f2137d55,2022-04-09,Empoli,Spezia,0.0,0.0
ITA-Serie A,2122,99bae774,2022-04-09,Inter,Hellas Verona,2.0,0.0
ITA-Serie A,2122,c4e5b725,2022-04-10,Genoa,Lazio,1.0,4.0
ITA-Serie A,2122,613f15a6,2022-04-10,Napoli,Fiorentina,2.0,3.0
ITA-Serie A,2122,22c2439a,2022-04-10,Roma,Salernitana,2.0,1.0
ITA-Serie A,2122,1fb759b0,2022-04-10,Sassuolo,Atalanta,2.0,1.0
ITA-Serie A,2122,34d0e8e3,2022-04-10,Torino,Milan,0.0,0.0
ITA-Serie A,2122,d7b947c1,2022-04-10,Venezia,Udinese,1.0,2.0
ITA-Serie A,2122,bf707612,2022-04-11,Bologna,Sampdoria,2.0,0.0
ITA-Serie A,2122,622f6ab0,2022-04-15,Milan,Genoa,2.0,0.0
ITA-Serie A,2122,c65e0b0b,2022-04-15,Spezia,Inter,1.0,3.0
ITA-Serie A,2122,8d16a88e,2022-04-16,Cagliari,Sassuolo,1.0,0.0
ITA-Serie A,2122,19610e31,2022-04-16,Fiorentina,Venezia,1.0,0.0
ITA-Serie A,2122,d0b62a15,2022-04-16,Juventus,Bologna,1.0,1.0
ITA-Serie A,2122,8bdb6007,2022-04-16,Lazio,Torino,1.0,1.0
ITA-Serie A,2122,27f9b418,2022-04-16,Sampdoria,Salernitana,1.0,2.0
ITA-Serie A,2122,0bc900a1,2022-04-16,Udinese,Empoli,4.0,1.0
ITA-Serie A,2122,c383e25c,2022-04-18,Atalanta,Hellas Verona,1.0,2.0
ITA-Serie A,2122,3c421631,2022-04-18,Napoli,Roma,1.0,1.0
ITA-Serie A,2122,daac9099,2022-04-20,Udinese,Salernitana,0.0,1.0
ITA-Serie A,2122,3d743c39,2022-04-23,Hellas Verona,Sampdoria,1.0,1.0
ITA-Serie A,2122,f986adc0,2022-04-23,Inter,Roma,3.0,1.0
ITA-Serie A,2122,12ecb77a,2022-04-23,Torino,Spezia,2.0,1.0
ITA-Serie A,2122,ff3311b9,2022-04-23,Venezia,Atalanta,1.0,3.0
ITA-Serie A,2122,d4c5ee27,2022-04-24,Bologna,Udinese,2.0,2.0
ITA-Serie A,2122,b790b304,2022-04-24,Empoli,Napoli,3.0,2.0
ITA-Serie A,2122,048c4283,2022-04-24,Genoa,Cagliari,1.0,0.0
ITA-Serie A,2122,cac707b0,2022-04-24,Lazio,Milan,1.0,2.0
ITA-Serie A,2122,4eda5b2a,2022-04-24,Salernitana,Fiorentina,2.0,1.0
ITA-Serie A,2122,ba21320e,2022-04-25,Sassuolo,Juventus,1.0,2.0
ITA-Serie A,2122,839241f2,2022-04-27,Atalanta,Torino,4.0,4.0
ITA-Serie A,2122,a44bfac1,2022-04-27,Bologna,Inter,2.0,1.0
ITA-Serie A,2122,49dea116,2022-04-27,Fiorentina,Udinese,0.0,4.0
ITA-Serie A,2122,ed6f9a39,2022-04-30,Cagliari,Hellas Verona,1.0,2.0
ITA-Serie A,2122,bfc3f469,2022-04-30,Napoli,Sassuolo,6.0,1.0
ITA-Serie A,2122,91663813,2022-04-30,Sampdoria,Genoa,1.0,0.0
ITA-Serie A,2122,f547dea4,2022-04-30,Spezia,Lazio,3.0,4.0
ITA-Serie A,2122,de9a190e,2022-05-01,Empoli,Torino,1.0,3.0
ITA-Serie A,2122,79817286,2022-05-01,Juventus,Venezia,2.0,1.0
ITA-Serie A,2122,0c434253,2022-05-01,Milan,Fiorentina,1.0,0.0
ITA-Serie A,2122,9efec77e,2022-05-01,Roma,Bologna,0.0,0.0
ITA-Serie A,2122,a22046da,2022-05-01,Udinese,Inter,1.0,2.0
ITA-Serie A,2122,1b8faf73,2022-05-02,Atalanta,Salernitana,1.0,1.0
ITA-Serie A,2122,894f8336,2022-05-05,Salernitana,Venezia,2.0,1.0
ITA-Serie A,2122,56c431f9,2022-05-06,Genoa,Juventus,2.0,1.0
ITA-Serie A,2122,2a943f30,2022-05-06,Inter,Empoli,4.0,2.0
ITA-Serie A,2122,fe9148fe,2022-05-07,Lazio,Sampdoria,2.0,0.0
ITA-Serie A,2122,1f829de9,2022-05-07,Sassuolo,Udinese,1.0,1.0
ITA-Serie A,2122,081edfb9,2022-05-07,Torino,Napoli,0.0,1.0
ITA-Serie A,2122,02bf675c,2022-05-08,Hellas Verona,Milan,1.0,3.0
ITA-Serie A,2122,3a835f66,2022-05-08,Salernitana,Cagliari,1.0,1.0
ITA-Serie A,2122,88752781,2022-05-08,Spezia,Atalanta,1.0,3.0
ITA-Serie A,2122,cdfe49cb,2022-05-08,Venezia,Bologna,4.0,3.0
ITA-Serie A,2122,a721e634,2022-05-09,Fiorentina,Roma,2.0,0.0
ITA-Serie A,2122,291b2c32,2022-05-14,Empoli,Salernitana,1.0,1.0
ITA-Serie A,2122,e0a112c3,2022-05-14,Hellas Verona,Torino,0.0,1.0
ITA-Serie A,2122,304a0600,2022-05-14,Roma,Venezia,1.0,1.0
ITA-Serie A,2122,af925232,2022-05-14,Udinese,Spezia,2.0,3.0
ITA-Serie A,2122,f2860c11,2022-05-15,Bologna,Sassuolo,1.0,3.0
ITA-Serie A,2122,1fe1118e,2022-05-15,Cagliari,Inter,1.0,3.0
ITA-Serie A,2122,0a41ccfd,2022-05-15,Milan,Atalanta,2.0,0.0
ITA-Serie A,2122,bc5d71d8,2022-05-15,Napoli,Genoa,3.0,0.0
ITA-Serie A,2122,8e9a1625,2022-05-16,Juventus,Lazio,2.0,2.0
ITA-Serie A,2122,a3327345,2022-05-16,Sampdoria,Fiorentina,4.0,1.0
ITA-Serie A,2122,e61c7d8b,2022-05-20,Torino,Roma,0.0,3.0
ITA-Serie A,2122,14289a5e,2022-05-21,Atalanta,Empoli,0.0,1.0
ITA-Serie A,2122,d5fd01a8,2022-05-21,Fiorentina,Juventus,2.0,0.0
ITA-Serie A,2122,7eb59953,2022-05-21,Genoa,Bologna,0.0,1.0
ITA-Serie A,2122,33db6118,2022-05-21,Lazio,Hellas Verona,3.0,3.0
ITA-Serie A,2122,fc73f7ef,2022-05-22,Inter,Sampdoria,3.0,0.0
ITA-Serie A,2122,ec53c97f,2022-05-22,Salernitana,Udinese,0.0,4.0
ITA-Serie A,2122,d75d8667,2022-05-22,Sassuolo,Milan,0.0,3.0
ITA-Serie A,2122,0fff7f55,2022-05-22,Spezia,Napoli,0.0,3.0
ITA-Serie A,2122,4437ab7b,2022-05-22,Venezia,Cagliari,0.0,0.0
ITA-Serie A,2223,6b610c5c,2022-08-13,Lecce,Inter,1.0,2.0
ITA-Serie A,2223,bb758ef8,2022-08-13,Milan,Udinese,4.0,2.0
ITA-Serie A,2223,5f0a8b10,2022-08-13,Monza,Torino,1.0,2.0
ITA-Serie A,2223,185d9e37,2022-08-13,Sampdoria,Atalanta,0.0,2.0
ITA-Serie A,2223,3ed8bdff,2022-08-14,Fiorentina,Cremonese,3.0,2.0
ITA-Serie A,2223,c5003e68,2022-08-14,Lazio,Bologna,2.0,1.0
ITA-Serie A,2223,ff9838f3,2022-08-14,Salernitana,Roma,0.0,1.0
ITA-Serie A,2223,26520b87,2022-08-14,Spezia,Empoli,1.0,0.0
ITA-Serie A,2223,3e0bda8d,2022-08-15,Hellas Verona,Napoli,2.0,5.0
ITA-Serie A,2223,59f4c84f,2022-08-15,Juventus,Sassuolo,3.0,0.0
ITA-Serie A,2223,33ff40ce,2022-08-20,Inter,Spezia,3.0,0.0
ITA-Serie A,2223,4dbb8f95,2022-08-20,Sassuolo,Lecce,1.0,0.0
ITA-Serie A,2223,a1ed12f1,2022-08-20,Torino,Lazio,0.0,0.0
ITA-Serie A,2223,c0a89a83,2022-08-20,Udinese,Salernitana,0.0,0.0
ITA-Serie A,2223,dbd39404,2022-08-21,Atalanta,Milan,1.0,1.0
ITA-Serie A,2223,aa8df669,2022-08-21,Bologna,Hellas Verona,1.0,1.0
ITA-Serie A,2223,39edb8e7,2022-08-21,Empoli,Fiorentina,0.0,0.0
ITA-Serie A,2223,a61a4534,2022-08-21,Napoli,Monza,4.0,0.0
ITA-Serie A,2223,836b2832,2022-08-22,Roma,Cremonese,1.0,0.0
ITA-Serie A,2223,3181dd80,2022-08-22,Sampdoria,Juventus,0.0,0.0
ITA-Serie A,2223,e5be6a0a,2022-08-26,Lazio,Inter,3.0,1.0
ITA-Serie A,2223,0210ca9e,2022-08-26,Monza,Udinese,1.0,2.0
ITA-Serie A,2223,ff16ac21,2022-08-27,Cremonese,Torino,1.0,2.0
ITA-Serie A,2223,23a2abe6,2022-08-27,Juventus,Roma,1.0,1.0
ITA-Serie A,2223,04907750,2022-08-27,Milan,Bologna,2.0,0.0
ITA-Serie A,2223,c4e3939b,2022-08-27,Spezia,Sassuolo,2.0,2.0
ITA-Serie A,2223,e2bb77f0,2022-08-28,Fiorentina,Napoli,0.0,0.0
ITA-Serie A,2223,c5d6e8c5,2022-08-28,Hellas Verona,Atalanta,0.0,1.0
ITA-Serie A,2223,b39f604a,2022-08-28,Lecce,Empoli,1.0,1.0
ITA-Serie A,2223,3aeb5a7a,2022-08-28,Salernitana,Sampdoria,4.0,0.0
ITA-Serie A,2223,20916b65,2022-08-30,Inter,Cremonese,3.0,1.0
ITA-Serie A,2223,707c399a,2022-08-30,Roma,Monza,3.0,0.0
ITA-Serie A,2223,0341a612,2022-08-30,Sassuolo,Milan,0.0,0.0
ITA-Serie A,2223,523392a5,2022-08-31,Empoli,Hellas Verona,1.0,1.0
ITA-Serie A,2223,467ad271,2022-08-31,Juventus,Spezia,2.0,0.0
ITA-Serie A,2223,d2dba35c,2022-08-31,Napoli,Lecce,1.0,1.0
ITA-Serie A,2223,22235a4e,2022-08-31,Sampdoria,Lazio,1.0,1.0
ITA-Serie A,2223,3b87ef37,2022-08-31,Udinese,Fiorentina,1.0,0.0
ITA-Serie A,2223,a8d5d5fc,2022-09-01,Atalanta,Torino,3.0,1.0
ITA-Serie A,2223,df30d258,2022-09-01,Bologna,Salernitana,1.0,1.0
ITA-Serie A,2223,cc24f0a1,2022-09-03,Fiorentina,Juventus,1.0,1.0
ITA-Serie A,2223,59d945a1,2022-09-03,Lazio,Napoli,1.0,2.0
ITA-Serie A,2223,32e63a16,2022-09-03,Milan,Inter,3.0,2.0
ITA-Serie A,2223,923a83e0,2022-09-04,Cremonese,Sassuolo,0.0,0.0
ITA-Serie A,2223,c8543255,2022-09-04,Hellas Verona,Sampdoria,2.0,1.0
ITA-Serie A,2223,250097f3,2022-09-04,Spezia,Bologna,2.0,2.0
ITA-Serie A,2223,7de0fe74,2022-09-04,Udinese,Roma,4.0,0.0
ITA-Serie A,2223,c859cc09,2022-09-05,Monza,Atalanta,0.0,2.0
ITA-Serie A,2223,36c3d84d,2022-09-05,Salernitana,Empoli,2.0,2.0
ITA-Serie A,2223,def4d163,2022-09-05,Torino,Lecce,1.0,0.0
ITA-Serie A,2223,c85b25b5,2022-09-10,Inter,Torino,1.0,0.0
ITA-Serie A,2223,b8081607,2022-09-10,Napoli,Spezia,1.0,0.0
ITA-Serie A,2223,4faaa6ec,2022-09-10,Sampdoria,Milan,1.0,2.0
ITA-Serie A,2223,38a5cf6c,2022-09-11,Atalanta,Cremonese,1.0,1.0
ITA-Serie A,2223,14c086eb,2022-09-11,Bologna,Fiorentina,2.0,1.0
ITA-Serie A,2223,d30f4885,2022-09-11,Juventus,Salernitana,2.0,2.0
ITA-Serie A,2223,b372a1ce,2022-09-11,Lazio,Hellas Verona,2.0,0.0
ITA-Serie A,2223,1a32ed3c,2022-09-11,Lecce,Monza,1.0,1.0
ITA-Serie A,2223,b76dac48,2022-09-11,Sassuolo,Udinese,1.0,3.0
ITA-Serie A,2223,6c06536f,2022-09-12,Empoli,Roma,1.0,2.0
ITA-Serie A,2223,e289cc52,2022-09-16,Salernitana,Lecce,1.0,2.0
ITA-Serie A,2223,be773055,2022-09-17,Bologna,Empoli,0.0,1.0
ITA-Serie A,2223,4005dac1,2022-09-17,Spezia,Sampdoria,2.0,1.0
ITA-Serie A,2223,a7f11ac3,2022-09-17,Torino,Sassuolo,0.0,1.0
ITA-Serie A,2223,1c27f475,2022-09-18,Cremonese,Lazio,0.0,4.0
ITA-Serie A,2223,c48d99be,2022-09-18,Fiorentina,Hellas Verona,2.0,0.0
ITA-Serie A,2223,6f318e21,2022-09-18,Milan,Napoli,1.0,2.0
ITA-Serie A,2223,7f6b336d,2022-09-18,Monza,Juventus,1.0,0.0
ITA-Serie A,2223,7f3c30b2,2022-09-18,Roma,Atalanta,0.0,1.0
ITA-Serie A,2223,f5b53307,2022-09-18,Udinese,Inter,3.0,1.0
ITA-Serie A,2223,41b8fcde,2022-10-01,Empoli,Milan,1.0,3.0
ITA-Serie A,2223,e8065e11,2022-10-01,Inter,Roma,1.0,2.0
ITA-Serie A,2223,5b1b5139,2022-10-01,Napoli,Torino,3.0,1.0
ITA-Serie A,2223,1824b24f,2022-10-02,Atalanta,Fiorentina,1.0,0.0
ITA-Serie A,2223,1b6d7e97,2022-10-02,Juventus,Bologna,3.0,0.0
ITA-Serie A,2223,8f0179e7,2022-10-02,Lazio,Spezia,4.0,0.0
ITA-Serie A,2223,d2384d3e,2022-10-02,Lecce,Cremonese,1.0,1.0
ITA-Serie A,2223,f369742b,2022-10-02,Sampdoria,Monza,0.0,3.0
ITA-Serie A,2223,1ad969fe,2022-10-02,Sassuolo,Salernitana,5.0,0.0
ITA-Serie A,2223,d2d715e4,2022-10-03,Hellas Verona,Udinese,1.0,2.0
ITA-Serie A,2223,9d6251c0,2022-10-08,Bologna,Sampdoria,1.0,1.0
ITA-Serie A,2223,2336a6d4,2022-10-08,Milan,Juventus,2.0,0.0
ITA-Serie A,2223,bf6846ad,2022-10-08,Sassuolo,Inter,1.0,2.0
ITA-Serie A,2223,dd82988b,2022-10-09,Cremonese,Napoli,1.0,4.0
ITA-Serie A,2223,08f73f52,2022-10-09,Monza,Spezia,2.0,0.0
ITA-Serie A,2223,6a7ff463,2022-10-09,Roma,Lecce,2.0,1.0
ITA-Serie A,2223,01893b95,2022-10-09,Salernitana,Hellas Verona,2.0,1.0
ITA-Serie A,2223,880f23f3,2022-10-09,Torino,Empoli,1.0,1.0
ITA-Serie A,2223,0006415c,2022-10-09,Udinese,Atalanta,2.0,2.0
ITA-Serie A,2223,91790ad1,2022-10-10,Fiorentina,Lazio,0.0,4.0
ITA-Serie A,2223,4b70032c,2022-10-15,Atalanta,Sassuolo,2.0,1.0
ITA-Serie A,2223,4c8ab4e7,2022-10-15,Empoli,Monza,1.0,0.0
ITA-Serie A,2223,b183d7de,2022-10-15,Torino,Juventus,0.0,1.0
ITA-Serie A,2223,52018970,2022-10-16,Hellas Verona,Milan,1.0,2.0
ITA-Serie A,2223,76b81245,2022-10-16,Inter,Salernitana,2.0,0.0
ITA-Serie A,2223,87eec089,2022-10-16,Lazio,Udinese,0.0,0.0
ITA-Serie A,2223,6e610879,2022-10-16,Napoli,Bologna,3.0,2.0
ITA-Serie A,2223,a571c771,2022-10-16,Spezia,Cremonese,2.0,2.0
ITA-Serie A,2223,b2d9765e,2022-10-17,Lecce,Fiorentina,1.0,1.0
ITA-Serie A,2223,a014cee9,2022-10-17,Sampdoria,Roma,0.0,1.0
ITA-Serie A,2223,6f946be3,2022-10-21,Juventus,Empoli,4.0,0.0
ITA-Serie A,2223,b4dacc54,2022-10-22,Fiorentina,Inter,3.0,4.0
ITA-Serie A,2223,be45e24c,2022-10-22,Milan,Monza,4.0,1.0
ITA-Serie A,2223,7652b57c,2022-10-22,Salernitana,Spezia,1.0,0.0
ITA-Serie A,2223,bdccb729,2022-10-23,Atalanta,Lazio,0.0,2.0
ITA-Serie A,2223,5b7c698e,2022-10-23,Bologna,Lecce,2.0,0.0
ITA-Serie A,2223,0b675836,2022-10-23,Roma,Napoli,0.0,1.0
ITA-Serie A,2223,e229f8ab,2022-10-23,Udinese,Torino,1.0,2.0
ITA-Serie A,2223,709b24f5,2022-10-24,Cremonese,Sampdoria,0.0,1.0
ITA-Serie A,2223,76d03b2f,2022-10-24,Sassuolo,Hellas Verona,2.0,1.0
ITA-Serie A,2223,23d1b698,2022-10-29,Inter,Sampdoria,3.0,0.0
ITA-Serie A,2223,52ff141b,2022-10-29,Lecce,Juventus,0.0,1.0
ITA-Serie A,2223,6f92d2c6,2022-10-29,Napoli,Sassuolo,4.0,0.0
ITA-Serie A,2223,e7db664f,2022-10-30,Cremonese,Udinese,0.0,0.0
ITA-Serie A,2223,09ea7c8b,2022-10-30,Empoli,Atalanta,0.0,2.0
ITA-Serie A,2223,221597ad,2022-10-30,Lazio,Salernitana,1.0,3.0
ITA-Serie A,2223,29e78eae,2022-10-30,Spezia,Fiorentina,1.0,2.0
ITA-Serie A,2223,045a51a7,2022-10-30,Torino,Milan,2.0,1.0
ITA-Serie A,2223,a5748739,2022-10-31,Hellas Verona,Roma,1.0,3.0
ITA-Serie A,2223,b8726ee1,2022-10-31,Monza,Bologna,1.0,2.0
ITA-Serie A,2223,9d62ed82,2022-11-04,Udinese,Lecce,1.0,1.0
ITA-Serie A,2223,1ce36894,2022-11-05,Atalanta,Napoli,1.0,2.0
ITA-Serie A,2223,03de512c,2022-11-05,Empoli,Sassuolo,1.0,0.0
ITA-Serie A,2223,3a4b495b,2022-11-05,Milan,Spezia,2.0,1.0
ITA-Serie A,2223,871ec5bd,2022-11-05,Salernitana,Cremonese,2.0,2.0
ITA-Serie A,2223,93bc56e9,2022-11-06,Bologna,Torino,2.0,1.0
ITA-Serie A,2223,5c19d6a1,2022-11-06,Juventus,Inter,2.0,0.0
ITA-Serie A,2223,27024e3f,2022-11-06,Monza,Hellas Verona,2.0,0.0
ITA-Serie A,2223,892d3ce3,2022-11-06,Roma,Lazio,0.0,1.0
ITA-Serie A,2223,9dbe93c2,2022-11-06,Sampdoria,Fiorentina,0.0,2.0
ITA-Serie A,2223,ca82e0f9,2022-11-08,Cremonese,Milan,0.0,0.0
ITA-Serie A,2223,1ba68186,2022-11-08,Napoli,Empoli,2.0,0.0
ITA-Serie A,2223,21c7a48f,2022-11-08,Spezia,Udinese,1.0,1.0
ITA-Serie A,2223,d03642ed,2022-11-09,Fiorentina,Salernitana,2.0,1.0
ITA-Serie A,2223,fcc0539a,2022-11-09,Inter,Bologna,6.0,1.0
ITA-Serie A,2223,1b9b7480,2022-11-09,Lecce,Atalanta,2.0,1.0
ITA-Serie A,2223,2c1655ec,2022-11-09,Sassuolo,Roma,1.0,1.0
ITA-Serie A,2223,ee91c50a,2022-11-09,Torino,Sampdoria,2.0,0.0
ITA-Serie A,2223,e12082b8,2022-11-10,Hellas Verona,Juventus,0.0,1.0
ITA-Serie A,2223,cada0de5,2022-11-10,Lazio,Monza,1.0,0.0
ITA-Serie A,2223,df64bd6f,2022-11-11,Empoli,Cremonese,2.0,0.0
ITA-Serie A,2223,09697cf3,2022-11-12,Bologna,Sassuolo,3.0,0.0
ITA-Serie A,2223,f1eb6e94,2022-11-12,Napoli,Udinese,3.0,2.0
ITA-Serie A,2223,08f8d9a3,2022-11-12,Sampdoria,Lecce,0.0,2.0
ITA-Serie A,2223,155e504e,2022-11-13,Atalanta,Inter,2.0,3.0
ITA-Serie A,2223,c1a9d593,2022-11-13,Hellas Verona,Spezia,1.0,2.0
ITA-Serie A,2223,926113a9,2022-11-13,Juventus,Lazio,3.0,0.0
ITA-Serie A,2223,aad9d12b,2022-11-13,Milan,Fiorentina,2.0,1.0
ITA-Serie A,2223,7f01a577,2022-11-13,Monza,Salernitana,3.0,0.0
ITA-Serie A,2223,579ceb27,2022-11-13,Roma,Torino,1.0,1.0
ITA-Serie A,2223,fc78363f,2023-01-04,Cremonese,Juventus,0.0,1.0
ITA-Serie A,2223,b5100dd9,2023-01-04,Fiorentina,Monza,1.0,1.0
ITA-Serie A,2223,2825e6b8,2023-01-04,Inter,Napoli,1.0,0.0
ITA-Serie A,2223,c4a2de77,2023-01-04,Lecce,Lazio,2.0,1.0
ITA-Serie A,2223,94763792,2023-01-04,Roma,Bologna,1.0,0.0
ITA-Serie A,2223,172891bf,2023-01-04,Salernitana,Milan,1.0,2.0
ITA-Serie A,2223,066d6ebe,2023-01-04,Sassuolo,Sampdoria,1.0,2.0
ITA-Serie A,2223,1468d56b,2023-01-04,Spezia,Atalanta,2.0,2.0
ITA-Serie A,2223,25fb9390,2023-01-04,Torino,Hellas Verona,1.0,1.0
ITA-Serie A,2223,47316e44,2023-01-04,Udinese,Empoli,1.0,1.0
ITA-Serie A,2223,76065d07,2023-01-07,Fiorentina,Sassuolo,2.0,1.0
ITA-Serie A,2223,83f4ac3e,2023-01-07,Juventus,Udinese,1.0,0.0
ITA-Serie A,2223,529bca76,2023-01-07,Monza,Inter,2.0,2.0
ITA-Serie A,2223,c792ad8e,2023-01-08,Lazio,Empoli,2.0,2.0
ITA-Serie A,2223,7df41f5d,2023-01-08,Milan,Roma,2.0,2.0
ITA-Serie A,2223,b6ec4538,2023-01-08,Salernitana,Torino,1.0,1.0
ITA-Serie A,2223,461e1cd9,2023-01-08,Sampdoria,Napoli,0.0,2.0
ITA-Serie A,2223,80887584,2023-01-08,Spezia,Lecce,0.0,0.0
ITA-Serie A,2223,8e0a562e,2023-01-09,Bologna,Atalanta,1.0,2.0
ITA-Serie A,2223,69dfa487,2023-01-09,Hellas Verona,Cremonese,2.0,0.0
ITA-Serie A,2223,79fc240e,2023-01-13,Napoli,Juventus,5.0,1.0
ITA-Serie A,2223,5c21bad9,2023-01-14,Cremonese,Monza,2.0,3.0
ITA-Serie A,2223,001d9fe1,2023-01-14,Inter,Hellas Verona,1.0,0.0
ITA-Serie A,2223,6bfdc35d,2023-01-14,Lecce,Milan,2.0,2.0
ITA-Serie A,2223,32c232da,2023-01-15,Atalanta,Salernitana,8.0,2.0
ITA-Serie A,2223,ecf1ec87,2023-01-15,Roma,Fiorentina,2.0,0.0
ITA-Serie A,2223,b6c6949a,2023-01-15,Sassuolo,Lazio,0.0,2.0
ITA-Serie A,2223,6613b258,2023-01-15,Torino,Spezia,0.0,1.0
ITA-Serie A,2223,2697eeef,2023-01-15,Udinese,Bologna,1.0,2.0
ITA-Serie A,2223,1be755c8,2023-01-16,Empoli,Sampdoria,1.0,0.0
ITA-Serie A,2223,6479cc76,2023-01-21,Fiorentina,Torino,0.0,1.0
ITA-Serie A,2223,f1fff3fd,2023-01-21,Hellas Verona,Lecce,2.0,0.0
ITA-Serie A,2223,a3682444,2023-01-21,Salernitana,Napoli,0.0,2.0
ITA-Serie A,2223,186531ca,2023-01-22,Juventus,Atalanta,3.0,3.0
ITA-Serie A,2223,c695b21f,2023-01-22,Monza,Sassuolo,1.0,1.0
ITA-Serie A,2223,44f6e3f2,2023-01-22,Sampdoria,Udinese,0.0,1.0
ITA-Serie A,2223,30e3a23e,2023-01-22,Spezia,Roma,0.0,2.0
ITA-Serie A,2223,cbea426b,2023-01-23,Bologna,Cremonese,1.0,1.0
ITA-Serie A,2223,10fbe0f2,2023-01-23,Inter,Empoli,0.0,1.0
ITA-Serie A,2223,7037e95a,2023-01-24,Lazio,Milan,4.0,0.0
ITA-Serie A,2223,1d0fd8c2,2023-01-27,Bologna,Spezia,2.0,0.0
ITA-Serie A,2223,e9135f8a,2023-01-27,Lecce,Salernitana,1.0,2.0
ITA-Serie A,2223,cb0becb9,2023-01-28,Atalanta,Sampdoria,2.0,0.0
ITA-Serie A,2223,df7be0f9,2023-01-28,Cremonese,Inter,1.0,2.0
ITA-Serie A,2223,621ac50b,2023-01-28,Empoli,Torino,2.0,2.0
ITA-Serie A,2223,56f5c9a8,2023-01-29,Juventus,Monza,0.0,2.0
ITA-Serie A,2223,d24399b4,2023-01-29,Lazio,Fiorentina,1.0,1.0
ITA-Serie A,2223,9a8fdc4b,2023-01-29,Milan,Sassuolo,2.0,5.0
ITA-Serie A,2223,786fed72,2023-01-29,Napoli,Roma,2.0,1.0
ITA-Serie A,2223,f55180e6,2023-01-30,Udinese,Hellas Verona,1.0,1.0
ITA-Serie A,2223,9efd7838,2023-02-04,Cremonese,Lecce,0.0,2.0
ITA-Serie A,2223,7f7ae152,2023-02-04,Roma,Empoli,2.0,0.0
ITA-Serie A,2223,6b7d513c,2023-02-04,Sassuolo,Atalanta,1.0,0.0
ITA-Serie A,2223,398db9e5,2023-02-05,Fiorentina,Bologna,1.0,2.0
ITA-Serie A,2223,c38bc949,2023-02-05,Inter,Milan,1.0,0.0
ITA-Serie A,2223,3aecb110,2023-02-05,Spezia,Napoli,0.0,3.0
ITA-Serie A,2223,afff7705,2023-02-05,Torino,Udinese,1.0,0.0
ITA-Serie A,2223,032c7096,2023-02-06,Hellas Verona,Lazio,1.0,1.0
ITA-Serie A,2223,ecac9c2e,2023-02-06,Monza,Sampdoria,2.0,2.0
ITA-Serie A,2223,e8f06195,2023-02-07,Salernitana,Juventus,0.0,3.0
ITA-Serie A,2223,71cfa6f4,2023-02-10,Milan,Torino,1.0,0.0
ITA-Serie A,2223,5d432e17,2023-02-11,Empoli,Spezia,2.0,2.0
ITA-Serie A,2223,b19b25a4,2023-02-11,Lazio,Atalanta,0.0,2.0
ITA-Serie A,2223,4bdf0904,2023-02-11,Lecce,Roma,1.0,1.0
ITA-Serie A,2223,6c3c1d89,2023-02-12,Bologna,Monza,0.0,1.0
ITA-Serie A,2223,4f041990,2023-02-12,Juventus,Fiorentina,1.0,0.0
ITA-Serie A,2223,0372e194,2023-02-12,Napoli,Cremonese,3.0,0.0
ITA-Serie A,2223,ffb15eb5,2023-02-12,Udinese,Sassuolo,2.0,2.0
ITA-Serie A,2223,0c6b5f13,2023-02-13,Hellas Verona,Salernitana,1.0,0.0
ITA-Serie A,2223,eb4740b9,2023-02-13,Sampdoria,Inter,0.0,0.0
ITA-Serie A,2223,581b5e33,2023-02-17,Sassuolo,Napoli,0.0,2.0
ITA-Serie A,2223,ac4f1fd6,2023-02-18,Inter,Udinese,3.0,1.0
ITA-Serie A,2223,e80da77d,2023-02-18,Monza,Milan,0.0,1.0
ITA-Serie A,2223,b1cd9b66,2023-02-18,Sampdoria,Bologna,1.0,2.0
ITA-Serie A,2223,10ee64ba,2023-02-19,Atalanta,Lecce,1.0,2.0
ITA-Serie A,2223,32c3a2f8,2023-02-19,Fiorentina,Empoli,1.0,1.0
ITA-Serie A,2223,ce77b37c,2023-02-19,Roma,Hellas Verona,1.0,0.0
ITA-Serie A,2223,065f50e3,2023-02-19,Salernitana,Lazio,0.0,2.0
ITA-Serie A,2223,9c021949,2023-02-19,Spezia,Juventus,0.0,2.0
ITA-Serie A,2223,9e337291,2023-02-20,Torino,Cremonese,2.0,2.0
ITA-Serie A,2223,d75d0a23,2023-02-25,Empoli,Napoli,0.0,2.0
ITA-Serie A,2223,1b5c17cb,2023-02-25,Lecce,Sassuolo,0.0,1.0
ITA-Serie A,2223,31e3094a,2023-02-26,Bologna,Inter,1.0,0.0
ITA-Serie A,2223,4e10ab87,2023-02-26,Milan,Atalanta,2.0,0.0
ITA-Serie A,2223,f8947700,2023-02-26,Salernitana,Monza,3.0,0.0
ITA-Serie A,2223,9f4b902c,2023-02-26,Udinese,Spezia,2.0,2.0
ITA-Serie A,2223,aba512a2,2023-02-27,Hellas Verona,Fiorentina,0.0,3.0
ITA-Serie A,2223,4e4301dd,2023-02-27,Lazio,Sampdoria,1.0,0.0
ITA-Serie A,2223,e07a15e6,2023-02-28,Cremonese,Roma,2.0,1.0
ITA-Serie A,2223,93ca63ac,2023-02-28,Juventus,Torino,4.0,2.0
ITA-Serie A,2223,8d3018cb,2023-03-03,Napoli,Lazio,0.0,1.0
ITA-Serie A,2223,9cd87b54,2023-03-04,Atalanta,Udinese,0.0,0.0
ITA-Serie A,2223,b5e96b1b,2023-03-04,Fiorentina,Milan,2.0,1.0
ITA-Serie A,2223,797ce905,2023-03-04,Monza,Empoli,2.0,1.0
ITA-Serie A,2223,f5f78a69,2023-03-05,Inter,Lecce,2.0,0.0
ITA-Serie A,2223,f76d4fdf,2023-03-05,Roma,Juventus,1.0,0.0
ITA-Serie A,2223,53e0079d,2023-03-05,Sampdoria,Salernitana,0.0,0.0
ITA-Serie A,2223,b63b2da7,2023-03-05,Spezia,Hellas Verona,0.0,0.0
ITA-Serie A,2223,0788be5b,2023-03-06,Sassuolo,Cremonese,3.0,2.0
ITA-Serie A,2223,960f75f8,2023-03-06,Torino,Bologna,1.0,0.0
ITA-Serie A,2223,23af9298,2023-03-10,Spezia,Inter,2.0,1.0
ITA-Serie A,2223,50a09098,2023-03-11,Bologna,Lazio,0.0,0.0
ITA-Serie A,2223,2974362b,2023-03-11,Empoli,Udinese,0.0,1.0
ITA-Serie A,2223,92f3cffe,2023-03-11,Napoli,Atalanta,2.0,0.0
ITA-Serie A,2223,15d330d8,2023-03-12,Cremonese,Fiorentina,0.0,2.0
ITA-Serie A,2223,e4baa282,2023-03-12,Hellas Verona,Monza,1.0,1.0
ITA-Serie A,2223,9c0f0395,2023-03-12,Juventus,Sampdoria,4.0,2.0
ITA-Serie A,2223,1d26d2a3,2023-03-12,Lecce,Torino,0.0,2.0
ITA-Serie A,2223,89b8aae3,2023-03-12,Roma,Sassuolo,3.0,4.0
ITA-Serie A,2223,8e214fe9,2023-03-13,Milan,Salernitana,1.0,1.0
ITA-Serie A,2223,061a08ab,2023-03-17,Atalanta,Empoli,2.0,1.0
ITA-Serie A,2223,380bce36,2023-03-17,Sassuolo,Spezia,1.0,0.0
ITA-Serie A,2223,8d30b914,2023-03-18,Monza,Cremonese,1.0,1.0
ITA-Serie A,2223,bf36af54,2023-03-18,Salernitana,Bologna,2.0,2.0
ITA-Serie A,2223,58bf57ff,2023-03-18,Udinese,Milan,3.0,1.0
ITA-Serie A,2223,87aa639a,2023-03-19,Fiorentina,Lecce,1.0,0.0
ITA-Serie A,2223,2418f475,2023-03-19,Inter,Juventus,0.0,1.0
ITA-Serie A,2223,bf18ca69,2023-03-19,Lazio,Roma,1.0,0.0
ITA-Serie A,2223,7843ca52,2023-03-19,Sampdoria,Hellas Verona,3.0,1.0
ITA-Serie A,2223,d048f6e2,2023-03-19,Torino,Napoli,0.0,4.0
ITA-Serie A,2223,765caef9,2023-04-01,Cremonese,Atalanta,1.0,3.0
ITA-Serie A,2223,067eccc7,2023-04-01,Inter,Fiorentina,0.0,1.0
ITA-Serie A,2223,e9d5928b,2023-04-01,Juventus,Hellas Verona,1.0,0.0
ITA-Serie A,2223,722d10a6,2023-04-02,Bologna,Udinese,3.0,0.0
ITA-Serie A,2223,d7771fc2,2023-04-02,Monza,Lazio,0.0,2.0
ITA-Serie A,2223,cc8a66d5,2023-04-02,Napoli,Milan,0.0,4.0
ITA-Serie A,2223,4de4258a,2023-04-02,Roma,Sampdoria,3.0,0.0
ITA-Serie A,2223,7bebff51,2023-04-02,Spezia,Salernitana,1.0,1.0
ITA-Serie A,2223,7b8bff61,2023-04-03,Empoli,Lecce,1.0,0.0
ITA-Serie A,2223,627f9db3,2023-04-03,Sassuolo,Torino,1.0,1.0
ITA-Serie A,2223,f952d6cb,2023-04-07,Lecce,Napoli,1.0,2.0
ITA-Serie A,2223,b6603e7a,2023-04-07,Milan,Empoli,0.0,0.0
ITA-Serie A,2223,f39d286a,2023-04-07,Salernitana,Inter,1.0,1.0
ITA-Serie A,2223,2680e49c,2023-04-08,Atalanta,Bologna,0.0,2.0
ITA-Serie A,2223,09071495,2023-04-08,Fiorentina,Spezia,1.0,1.0
ITA-Serie A,2223,11368184,2023-04-08,Hellas Verona,Sassuolo,2.0,1.0
ITA-Serie A,2223,87367231,2023-04-08,Lazio,Juventus,2.0,1.0
ITA-Serie A,2223,b7f86e2b,2023-04-08,Sampdoria,Cremonese,2.0,3.0
ITA-Serie A,2223,7c243fe7,2023-04-08,Torino,Roma,0.0,1.0
ITA-Serie A,2223,1a3e5973,2023-04-08,Udinese,Monza,2.0,2.0
ITA-Serie A,2223,1d03b358,2023-04-14,Cremonese,Empoli,1.0,0.0
ITA-Serie A,2223,513a7d11,2023-04-14,Spezia,Lazio,0.0,3.0
ITA-Serie A,2223,c88d1095,2023-04-15,Bologna,Milan,1.0,1.0
ITA-Serie A,2223,69a5c5bf,2023-04-15,Inter,Monza,0.0,1.0
ITA-Serie A,2223,848e6854,2023-04-15,Napoli,Hellas Verona,0.0,0.0
ITA-Serie A,2223,2b433a91,2023-04-16,Lecce,Sampdoria,1.0,1.0
ITA-Serie A,2223,a3c2687a,2023-04-16,Roma,Udinese,3.0,0.0
ITA-Serie A,2223,ee18a239,2023-04-16,Sassuolo,Juventus,1.0,0.0
ITA-Serie A,2223,e49ad6cf,2023-04-16,Torino,Salernitana,1.0,1.0
ITA-Serie A,2223,cb9caf1b,2023-04-17,Fiorentina,Atalanta,1.0,1.0
ITA-Serie A,2223,16551b6f,2023-04-21,Hellas Verona,Bologna,2.0,1.0
ITA-Serie A,2223,bad0eeaa,2023-04-22,Lazio,Torino,0.0,1.0
ITA-Serie A,2223,c4b38610,2023-04-22,Salernitana,Sassuolo,3.0,0.0
ITA-Serie A,2223,d37c5c6e,2023-04-22,Sampdoria,Spezia,1.0,1.0
ITA-Serie A,2223,50158e30,2023-04-23,Empoli,Inter,0.0,3.0
ITA-Serie A,2223,b06a67ca,2023-04-23,Juventus,Napoli,0.0,1.0
ITA-Serie A,2223,d7e0f3f0,2023-04-23,Milan,Lecce,2.0,0.0
ITA-Serie A,2223,631115c4,2023-04-23,Monza,Fiorentina,3.0,2.0
ITA-Serie A,2223,081fdd6b,2023-04-23,Udinese,Cremonese,3.0,0.0
ITA-Serie A,2223,f890833d,2023-04-24,Atalanta,Roma,3.0,1.0
ITA-Serie A,2223,0b43c35e,2023-04-28,Lecce,Udinese,1.0,0.0
ITA-Serie A,2223,545c2cd0,2023-04-28,Spezia,Monza,0.0,2.0
ITA-Serie A,2223,9272416d,2023-04-29,Roma,Milan,1.0,1.0
ITA-Serie A,2223,01babd1c,2023-04-29,Torino,Atalanta,1.0,2.0
ITA-Serie A,2223,153bfab3,2023-04-30,Bologna,Juventus,1.0,1.0
ITA-Serie A,2223,6c978db4,2023-04-30,Cremonese,Hellas Verona,1.0,1.0
ITA-Serie A,2223,46520cb0,2023-04-30,Fiorentina,Sampdoria,5.0,0.0
ITA-Serie A,2223,66363a42,2023-04-30,Inter,Lazio,3.0,1.0
ITA-Serie A,2223,e6fda8f8,2023-04-30,Napoli,Salernitana,1.0,1.0
ITA-Serie A,2223,a694adf3,2023-04-30,Sassuolo,Empoli,2.0,1.0
ITA-Serie A,2223,e74ef1d8,2023-05-03,Atalanta,Spezia,3.0,2.0
ITA-Serie A,2223,c487126f,2023-05-03,Hellas Verona,Inter,0.0,6.0
ITA-Serie A,2223,44e9c13b,2023-05-03,Juventus,Lecce,2.0,1.0
ITA-Serie A,2223,b9e702d0,2023-05-03,Lazio,Sassuolo,2.0,0.0
ITA-Serie A,2223,978e3d86,2023-05-03,Milan,Cremonese,1.0,1.0
ITA-Serie A,2223,caeb207e,2023-05-03,Monza,Roma,1.0,1.0
ITA-Serie A,2223,8390ea38,2023-05-03,Salernitana,Fiorentina,3.0,3.0
ITA-Serie A,2223,226dc5e0,2023-05-03,Sampdoria,Torino,0.0,2.0
ITA-Serie A,2223,99554d9f,2023-05-04,Empoli,Bologna,3.0,1.0
ITA-Serie A,2223,47f27780,2023-05-04,Udinese,Napoli,1.0,1.0
ITA-Serie A,2223,2f6c6675,2023-05-06,Cremonese,Spezia,2.0,0.0
ITA-Serie A,2223,d502cee9,2023-05-06,Milan,Lazio,2.0,0.0
ITA-Serie A,2223,45bc0837,2023-05-06,Roma,Inter,0.0,2.0
ITA-Serie A,2223,f725ba27,2023-05-07,Atalanta,Juventus,0.0,2.0
ITA-Serie A,2223,9d3a7419,2023-05-07,Lecce,Hellas Verona,0.0,1.0
ITA-Serie A,2223,6e08de10,2023-05-07,Napoli,Fiorentina,1.0,0.0
ITA-Serie A,2223,f2170761,2023-05-07,Torino,Monza,1.0,1.0
ITA-Serie A,2223,384638a6,2023-05-08,Empoli,Salernitana,2.0,1.0
ITA-Serie A,2223,dc28f0cf,2023-05-08,Sassuolo,Bologna,1.0,1.0
ITA-Serie A,2223,1e4613ad,2023-05-08,Udinese,Sampdoria,2.0,0.0
ITA-Serie A,2223,e906f8d4,2023-05-12,Lazio,Lecce,2.0,2.0
ITA-Serie A,2223,31c1df52,2023-05-13,Inter,Sassuolo,4.0,2.0
ITA-Serie A,2223,356b2e53,2023-05-13,Salernitana,Atalanta,1.0,0.0
ITA-Serie A,2223,4739933d,2023-05-13,Spezia,Milan,2.0,0.0
ITA-Serie A,2223,e3682065,2023-05-14,Bologna,Roma,0.0,0.0
ITA-Serie A,2223,81c773b1,2023-05-14,Fiorentina,Udinese,2.0,0.0
ITA-Serie A,2223,33a2394a,2023-05-14,Hellas Verona,Torino,0.0,1.0
ITA-Serie A,2223,67d71e30,2023-05-14,Juventus,Cremonese,2.0,0.0
ITA-Serie A,2223,8c81edd7,2023-05-14,Monza,Napoli,2.0,0.0
ITA-Serie A,2223,db9a7479,2023-05-15,Sampdoria,Empoli,1.0,1.0
ITA-Serie A,2223,60d2260e,2023-05-19,Sassuolo,Monza,1.0,2.0
ITA-Serie A,2223,e7941b47,2023-05-20,Atalanta,Hellas Verona,3.0,1.0
ITA-Serie A,2223,a496e598,2023-05-20,Cremonese,Bologna,1.0,5.0
ITA-Serie A,2223,9adbcb83,2023-05-20,Milan,Sampdoria,5.0,1.0
ITA-Serie A,2223,31df1268,2023-05-21,Lecce,Spezia,0.0,0.0
ITA-Serie A,2223,d22aead3,2023-05-21,Napoli,Inter,3.0,1.0
ITA-Serie A,2223,c02c3b21,2023-05-21,Torino,Fiorentina,1.0,1.0
ITA-Serie A,2223,7caf50be,2023-05-21,Udinese,Lazio,0.0,1.0
ITA-Serie A,2223,7fd6b785,2023-05-22,Empoli,Juventus,4.0,1.0
ITA-Serie A,2223,83de7ca2,2023-05-22,Roma,Salernitana,2.0,2.0
ITA-Serie A,2223,e4822dc4,2023-05-26,Sampdoria,Sassuolo,2.0,2.0
ITA-Serie A,2223,db3e8df3,2023-05-27,Fiorentina,Roma,2.0,1.0
ITA-Serie A,2223,33fc1b77,2023-05-27,Inter,Atalanta,3.0,2.0
ITA-Serie A,2223,cc5813d7,2023-05-27,Salernitana,Udinese,3.0,2.0
ITA-Serie A,2223,3feeb5a0,2023-05-27,Spezia,Torino,0.0,4.0
ITA-Serie A,2223,1207c6f7,2023-05-28,Bologna,Napoli,2.0,2.0
ITA-Serie A,2223,51bad534,2023-05-28,Hellas Verona,Empoli,1.0,1.0
ITA-Serie A,2223,18e89b55,2023-05-28,Juventus,Milan,0.0,1.0
ITA-Serie A,2223,2fffba94,2023-05-28,Lazio,Cremonese,3.0,2.0
ITA-Serie A,2223,aabd5510,2023-05-28,Monza,Lecce,0.0,1.0
ITA-Serie A,2223,6292b87d,2023-06-02,Sassuolo,Fiorentina,1.0,3.0
ITA-Serie A,2223,29da29c1,2023-06-03,Cremonese,Salernitana,2.0,0.0
ITA-Serie A,2223,d0e9b4c5,2023-06-03,Empoli,Lazio,0.0,2.0
ITA-Serie A,2223,0eb77679,2023-06-03,Torino,Inter,0.0,1.0
ITA-Serie A,2223,08c664e0,2023-06-04,Atalanta,Monza,5.0,2.0
ITA-Serie A,2223,5fc0f97e,2023-06-04,Lecce,Bologna,2.0,3.0
ITA-Serie A,2223,0913fff4,2023-06-04,Milan,Hellas Verona,3.0,1.0
ITA-Serie A,2223,971ace55,2023-06-04,Napoli,Sampdoria,2.0,0.0
ITA-Serie A,2223,941a08b5,2023-06-04,Roma,Spezia,2.0,1.0
ITA-Serie A,2223,45b97b33,2023-06-04,Udinese,Juventus,0.0,1.0
ITA-Serie A,2223,e0449015,2023-06-11,Spezia,Hellas Verona,1.0,3.0
ITA-Serie A,2324,b787871d,2023-08-19,Empoli,Hellas Verona,0.0,1.0
ITA-Serie A,2324,305afcf5,2023-08-19,Frosinone,Napoli,1.0,3.0
ITA-Serie A,2324,8260e428,2023-08-19,Genoa,Fiorentina,1.0,4.0
ITA-Serie A,2324,254420f7,2023-08-19,Inter,Monza,2.0,0.0
ITA-Serie A,2324,3e38d727,2023-08-20,Lecce,Lazio,2.0,1.0
ITA-Serie A,2324,9191f715,2023-08-20,Roma,Salernitana,2.0,2.0
ITA-Serie A,2324,32dc37db,2023-08-20,Sassuolo,Atalanta,0.0,2.0
ITA-Serie A,2324,8b6e8a62,2023-08-20,Udinese,Juventus,0.0,3.0
ITA-Serie A,2324,93dccf6e,2023-08-21,Bologna,Milan,0.0,2.0
ITA-Serie A,2324,fdc03e7f,2023-08-21,Torino,Cagliari,0.0,0.0
ITA-Serie A,2324,0b355cdd,2023-08-26,Frosinone,Atalanta,2.0,1.0
ITA-Serie A,2324,3c6a9d3d,2023-08-26,Hellas Verona,Roma,2.0,1.0
ITA-Serie A,2324,4cc2731e,2023-08-26,Milan,Torino,4.0,1.0
ITA-Serie A,2324,3d880bc3,2023-08-26,Monza,Empoli,2.0,0.0
ITA-Serie A,2324,d179c57a,2023-08-27,Fiorentina,Lecce,2.0,2.0
ITA-Serie A,2324,6992283e,2023-08-27,Juventus,Bologna,1.0,1.0
ITA-Serie A,2324,e7878318,2023-08-27,Lazio,Genoa,0.0,1.0
ITA-Serie A,2324,4401df22,2023-08-27,Napoli,Sassuolo,2.0,0.0
ITA-Serie A,2324,631e94b3,2023-08-28,Cagliari,Inter,0.0,2.0
ITA-Serie A,2324,767c80b3,2023-08-28,Salernitana,Udinese,1.0,1.0
ITA-Serie A,2324,03e9b7f3,2023-09-01,Roma,Milan,1.0,2.0
ITA-Serie A,2324,ebe46174,2023-09-01,Sassuolo,Hellas Verona,3.0,1.0
ITA-Serie A,2324,6e72c38b,2023-09-02,Atalanta,Monza,3.0,0.0
ITA-Serie A,2324,1b8aeae3,2023-09-02,Bologna,Cagliari,2.0,1.0
ITA-Serie A,2324,2c2145a0,2023-09-02,Napoli,Lazio,1.0,2.0
ITA-Serie A,2324,6a639449,2023-09-02,Udinese,Frosinone,0.0,0.0
ITA-Serie A,2324,b14694a6,2023-09-03,Empoli,Juventus,0.0,2.0
ITA-Serie A,2324,c59bb445,2023-09-03,Inter,Fiorentina,4.0,0.0
ITA-Serie A,2324,79dc2417,2023-09-03,Lecce,Salernitana,2.0,0.0
ITA-Serie A,2324,83d4ffcd,2023-09-03,Torino,Genoa,1.0,0.0
ITA-Serie A,2324,528f1128,2023-09-16,Genoa,Napoli,2.0,2.0
ITA-Serie A,2324,10a39d69,2023-09-16,Inter,Milan,5.0,1.0
ITA-Serie A,2324,b3226234,2023-09-16,Juventus,Lazio,3.0,1.0
ITA-Serie A,2324,3ac89aa7,2023-09-17,Cagliari,Udinese,0.0,0.0
ITA-Serie A,2324,2a18afe9,2023-09-17,Fiorentina,Atalanta,3.0,2.0
ITA-Serie A,2324,f3fd4b8a,2023-09-17,Frosinone,Sassuolo,4.0,2.0
ITA-Serie A,2324,3cf257a0,2023-09-17,Monza,Lecce,1.0,1.0
ITA-Serie A,2324,f164bc78,2023-09-17,Roma,Empoli,7.0,0.0
ITA-Serie A,2324,2e114c4b,2023-09-18,Hellas Verona,Bologna,0.0,0.0
ITA-Serie A,2324,a9334418,2023-09-18,Salernitana,Torino,0.0,3.0
ITA-Serie A,2324,c66e200a,2023-09-22,Lecce,Genoa,1.0,0.0
ITA-Serie A,2324,da7586b5,2023-09-22,Salernitana,Frosinone,1.0,1.0
ITA-Serie A,2324,5778b5c6,2023-09-23,Lazio,Monza,1.0,1.0
ITA-Serie A,2324,bbc5eb68,2023-09-23,Milan,Hellas Verona,1.0,0.0
ITA-Serie A,2324,14cf8fd1,2023-09-23,Sassuolo,Juventus,4.0,2.0
ITA-Serie A,2324,915c6bb6,2023-09-24,Atalanta,Cagliari,2.0,0.0
ITA-Serie A,2324,17137b70,2023-09-24,Bologna,Napoli,0.0,0.0
ITA-Serie A,2324,8d6212de,2023-09-24,Empoli,Inter,0.0,1.0
ITA-Serie A,2324,fdd625ef,2023-09-24,Torino,Roma,1.0,1.0
ITA-Serie A,2324,a7ffc8e0,2023-09-24,Udinese,Fiorentina,0.0,2.0
ITA-Serie A,2324,eb1af48a,2023-09-26,Juventus,Lecce,1.0,0.0
ITA-Serie A,2324,520c6833,2023-09-27,Cagliari,Milan,1.0,3.0
ITA-Serie A,2324,46a8983c,2023-09-27,Empoli,Salernitana,1.0,0.0
ITA-Serie A,2324,3e492e66,2023-09-27,Hellas Verona,Atalanta,0.0,1.0
ITA-Serie A,2324,e70ac4b1,2023-09-27,Inter,Sassuolo,1.0,2.0
ITA-Serie A,2324,69d105e3,2023-09-27,Lazio,Torino,2.0,0.0
ITA-Serie A,2324,464aa9ae,2023-09-27,Napoli,Udinese,4.0,1.0
ITA-Serie A,2324,c8e4b03a,2023-09-28,Frosinone,Fiorentina,1.0,1.0
ITA-Serie A,2324,44c33847,2023-09-28,Genoa,Roma,4.0,1.0
ITA-Serie A,2324,9a8e6c44,2023-09-28,Monza,Bologna,0.0,0.0
ITA-Serie A,2324,4c10f199,2023-09-30,Lecce,Napoli,0.0,4.0
ITA-Serie A,2324,a315e1cc,2023-09-30,Milan,Lazio,2.0,0.0
ITA-Serie A,2324,276d542d,2023-09-30,Salernitana,Inter,0.0,4.0
ITA-Serie A,2324,13a50e02,2023-10-01,Atalanta,Juventus,0.0,0.0
ITA-Serie A,2324,8f129029,2023-10-01,Bologna,Empoli,3.0,0.0
ITA-Serie A,2324,0133f321,2023-10-01,Roma,Frosinone,2.0,0.0
ITA-Serie A,2324,507d7e86,2023-10-01,Udinese,Genoa,2.0,2.0
ITA-Serie A,2324,7dd8d98a,2023-10-02,Fiorentina,Cagliari,3.0,0.0
ITA-Serie A,2324,13b84a7a,2023-10-02,Sassuolo,Monza,0.0,1.0
ITA-Serie A,2324,ea8ff4b0,2023-10-02,Torino,Hellas Verona,0.0,0.0
ITA-Serie A,2324,2397e099,2023-10-06,Empoli,Udinese,0.0,0.0
ITA-Serie A,2324,26509ebd,2023-10-06,Lecce,Sassuolo,1.0,1.0
ITA-Serie A,2324,3bd415eb,2023-10-07,Genoa,Milan,0.0,1.0
ITA-Serie A,2324,b46d0026,2023-10-07,Inter,Bologna,2.0,2.0
ITA-Serie A,2324,1d1f902c,2023-10-07,Juventus,Torino,2.0,0.0
ITA-Serie A,2324,604ceaa0,2023-10-08,Cagliari,Roma,1.0,4.0
ITA-Serie A,2324,ea945c75,2023-10-08,Frosinone,Hellas Verona,2.0,1.0
ITA-Serie A,2324,c0603b97,2023-10-08,Lazio,Atalanta,3.0,2.0
ITA-Serie A,2324,d0fdea52,2023-10-08,Monza,Salernitana,3.0,0.0
ITA-Serie A,2324,2cc7a7ed,2023-10-08,Napoli,Fiorentina,1.0,3.0
ITA-Serie A,2324,a4d889b8,2023-10-21,Hellas Verona,Napoli,1.0,3.0
ITA-Serie A,2324,b756439f,2023-10-21,Sassuolo,Lazio,0.0,2.0
ITA-Serie A,2324,e8141133,2023-10-21,Torino,Inter,0.0,3.0
ITA-Serie A,2324,045aca2a,2023-10-22,Atalanta,Genoa,2.0,0.0
ITA-Serie A,2324,04811e11,2023-10-22,Bologna,Frosinone,2.0,1.0
ITA-Serie A,2324,bea57463,2023-10-22,Milan,Juventus,0.0,1.0
ITA-Serie A,2324,87563b45,2023-10-22,Roma,Monza,1.0,0.0
ITA-Serie A,2324,6635e569,2023-10-22,Salernitana,Cagliari,2.0,2.0
ITA-Serie A,2324,e961a763,2023-10-23,Fiorentina,Empoli,0.0,2.0
ITA-Serie A,2324,cd802be7,2023-10-23,Udinese,Lecce,1.0,1.0
ITA-Serie A,2324,7f1d09c9,2023-10-27,Genoa,Salernitana,1.0,0.0
ITA-Serie A,2324,0c01fc2f,2023-10-28,Juventus,Hellas Verona,1.0,0.0
ITA-Serie A,2324,8fe12227,2023-10-28,Lecce,Torino,0.0,1.0
ITA-Serie A,2324,4f7ed7cb,2023-10-28,Sassuolo,Bologna,1.0,1.0
ITA-Serie A,2324,0272be62,2023-10-29,Cagliari,Frosinone,4.0,3.0
ITA-Serie A,2324,027a1ba2,2023-10-29,Inter,Roma,1.0,0.0
ITA-Serie A,2324,70a51fa4,2023-10-29,Monza,Udinese,1.0,1.0
ITA-Serie A,2324,ede9d5b8,2023-10-29,Napoli,Milan,2.0,2.0
ITA-Serie A,2324,6e46ce92,2023-10-30,Empoli,Atalanta,0.0,3.0
ITA-Serie A,2324,624e865d,2023-10-30,Lazio,Fiorentina,1.0,0.0
ITA-Serie A,2324,f1f6882a,2023-11-03,Bologna,Lazio,1.0,0.0
ITA-Serie A,2324,c8fcbfaf,2023-11-04,Atalanta,Inter,1.0,2.0
ITA-Serie A,2324,8a7a42ac,2023-11-04,Milan,Udinese,0.0,1.0
ITA-Serie A,2324,ab7a7fcd,2023-11-04,Salernitana,Napoli,0.0,2.0
ITA-Serie A,2324,56068b2c,2023-11-05,Cagliari,Genoa,2.0,1.0
ITA-Serie A,2324,8603814f,2023-11-05,Fiorentina,Juventus,0.0,1.0
ITA-Serie A,2324,128aed93,2023-11-05,Hellas Verona,Monza,1.0,3.0
ITA-Serie A,2324,4c1693f0,2023-11-05,Roma,Lecce,2.0,1.0
ITA-Serie A,2324,5dfc2507,2023-11-06,Frosinone,Empoli,2.0,1.0
ITA-Serie A,2324,d9d399b5,2023-11-06,Torino,Sassuolo,2.0,1.0
ITA-Serie A,2324,1aa2417e,2023-11-10,Genoa,Hellas Verona,1.0,0.0
ITA-Serie A,2324,3de0d6e2,2023-11-10,Sassuolo,Salernitana,2.0,2.0
ITA-Serie A,2324,30bc4996,2023-11-11,Juventus,Cagliari,2.0,1.0
ITA-Serie A,2324,26587ad3,2023-11-11,Lecce,Milan,2.0,2.0
ITA-Serie A,2324,2f8d44e3,2023-11-11,Monza,Torino,1.0,1.0
ITA-Serie A,2324,0bdc5ea4,2023-11-12,Fiorentina,Bologna,2.0,1.0
ITA-Serie A,2324,93b6cf24,2023-11-12,Inter,Frosinone,2.0,0.0
ITA-Serie A,2324,1c159031,2023-11-12,Lazio,Roma,0.0,0.0
ITA-Serie A,2324,c54b9d5c,2023-11-12,Napoli,Empoli,0.0,1.0
ITA-Serie A,2324,df8d2100,2023-11-12,Udinese,Atalanta,1.0,1.0
ITA-Serie A,2324,67af3925,2023-11-25,Atalanta,Napoli,1.0,2.0
ITA-Serie A,2324,875da0ea,2023-11-25,Milan,Fiorentina,1.0,0.0
ITA-Serie A,2324,0084ffeb,2023-11-25,Salernitana,Lazio,2.0,1.0
ITA-Serie A,2324,47ec2cb2,2023-11-26,Cagliari,Monza,1.0,1.0
ITA-Serie A,2324,ff49299b,2023-11-26,Empoli,Sassuolo,3.0,4.0
ITA-Serie A,2324,1860d133,2023-11-26,Frosinone,Genoa,2.0,1.0
ITA-Serie A,2324,5d1039da,2023-11-26,Juventus,Inter,1.0,1.0
ITA-Serie A,2324,2b8b1d61,2023-11-26,Roma,Udinese,3.0,1.0
ITA-Serie A,2324,a564e4e1,2023-11-27,Bologna,Torino,2.0,0.0
ITA-Serie A,2324,d50d93be,2023-11-27,Hellas Verona,Lecce,2.0,2.0
ITA-Serie A,2324,54baa72c,2023-12-01,Monza,Juventus,1.0,2.0
ITA-Serie A,2324,0780d7e3,2023-12-02,Genoa,Empoli,1.0,1.0
ITA-Serie A,2324,e8ae600f,2023-12-02,Lazio,Cagliari,1.0,0.0
ITA-Serie A,2324,c2a7440f,2023-12-02,Milan,Frosinone,3.0,1.0
ITA-Serie A,2324,d152da0e,2023-12-03,Fiorentina,Salernitana,3.0,0.0
ITA-Serie A,2324,5e47db9d,2023-12-03,Lecce,Bologna,1.0,1.0
ITA-Serie A,2324,60106a8e,2023-12-03,Napoli,Inter,0.0,3.0
ITA-Serie A,2324,78393dd6,2023-12-03,Sassuolo,Roma,1.0,2.0
ITA-Serie A,2324,18868f08,2023-12-03,Udinese,Hellas Verona,3.0,3.0
ITA-Serie A,2324,426a05d8,2023-12-04,Torino,Atalanta,3.0,0.0
ITA-Serie A,2324,f2ffde12,2023-12-08,Juventus,Napoli,1.0,0.0
ITA-Serie A,2324,0c234040,2023-12-09,Atalanta,Milan,3.0,2.0
ITA-Serie A,2324,5325a9b6,2023-12-09,Hellas Verona,Lazio,1.0,1.0
ITA-Serie A,2324,26772f25,2023-12-09,Inter,Udinese,4.0,0.0
ITA-Serie A,2324,5f74c6e7,2023-12-10,Frosinone,Torino,0.0,0.0
ITA-Serie A,2324,c46b68ad,2023-12-10,Monza,Genoa,1.0,0.0
ITA-Serie A,2324,ebfc4b5d,2023-12-10,Roma,Fiorentina,1.0,1.0
ITA-Serie A,2324,1935ee01,2023-12-10,Salernitana,Bologna,1.0,2.0
ITA-Serie A,2324,9d5df4d8,2023-12-11,Cagliari,Sassuolo,2.0,1.0
ITA-Serie A,2324,a83df9d0,2023-12-11,Empoli,Lecce,1.0,1.0
ITA-Serie A,2324,c95a31e6,2023-12-15,Genoa,Juventus,1.0,1.0
ITA-Serie A,2324,9ca90d35,2023-12-16,Lecce,Frosinone,2.0,1.0
ITA-Serie A,2324,1b1b2ce1,2023-12-16,Napoli,Cagliari,2.0,1.0
ITA-Serie A,2324,d64c7b97,2023-12-16,Torino,Empoli,1.0,0.0
ITA-Serie A,2324,0562758e,2023-12-17,Bologna,Roma,2.0,0.0
ITA-Serie A,2324,182d1f9b,2023-12-17,Fiorentina,Hellas Verona,1.0,0.0
ITA-Serie A,2324,ebcc474c,2023-12-17,Lazio,Inter,0.0,2.0
ITA-Serie A,2324,5c1fc7a4,2023-12-17,Milan,Monza,3.0,0.0
ITA-Serie A,2324,2e9fcf23,2023-12-17,Udinese,Sassuolo,2.0,2.0
ITA-Serie A,2324,09971293,2023-12-18,Atalanta,Salernitana,4.0,1.0
ITA-Serie A,2324,ff7b7785,2023-12-22,Empoli,Lazio,0.0,2.0
ITA-Serie A,2324,9c0fc917,2023-12-22,Monza,Fiorentina,0.0,1.0
ITA-Serie A,2324,bdb5f23c,2023-12-22,Salernitana,Milan,2.0,2.0
ITA-Serie A,2324,fc3e6bb7,2023-12-22,Sassuolo,Genoa,1.0,2.0
ITA-Serie A,2324,bf3695d0,2023-12-23,Bologna,Atalanta,1.0,0.0
ITA-Serie A,2324,44fc849f,2023-12-23,Frosinone,Juventus,1.0,2.0
ITA-Serie A,2324,bd8f8dc3,2023-12-23,Hellas Verona,Cagliari,2.0,0.0
ITA-Serie A,2324,a4100b39,2023-12-23,Inter,Lecce,2.0,0.0
ITA-Serie A,2324,b532dc3c,2023-12-23,Roma,Napoli,2.0,0.0
ITA-Serie A,2324,325f62dc,2023-12-23,Torino,Udinese,1.0,1.0
ITA-Serie A,2324,af10add0,2023-12-29,Fiorentina,Torino,1.0,0.0
ITA-Serie A,2324,ce6440ec,2023-12-29,Genoa,Inter,1.0,1.0
ITA-Serie A,2324,0127e76f,2023-12-29,Lazio,Frosinone,3.0,1.0
ITA-Serie A,2324,247f8cd7,2023-12-29,Napoli,Monza,0.0,0.0
ITA-Serie A,2324,65cf973f,2023-12-30,Atalanta,Lecce,1.0,0.0
ITA-Serie A,2324,9baa497e,2023-12-30,Cagliari,Empoli,0.0,0.0
ITA-Serie A,2324,c3c1ffd2,2023-12-30,Hellas Verona,Salernitana,0.0,1.0
ITA-Serie A,2324,d034386f,2023-12-30,Juventus,Roma,1.0,0.0
ITA-Serie A,2324,2441721c,2023-12-30,Milan,Sassuolo,1.0,0.0
ITA-Serie A,2324,9577ee17,2023-12-30,Udinese,Bologna,3.0,0.0
ITA-Serie A,2324,430b16c5,2024-01-05,Bologna,Genoa,1.0,1.0
ITA-Serie A,2324,79f61c8a,2024-01-06,Frosinone,Monza,2.0,3.0
ITA-Serie A,2324,d238abdd,2024-01-06,Inter,Hellas Verona,2.0,1.0
ITA-Serie A,2324,77d540ef,2024-01-06,Lecce,Cagliari,1.0,1.0
ITA-Serie A,2324,729b1cb3,2024-01-06,Sassuolo,Fiorentina,1.0,0.0
ITA-Serie A,2324,84fd252a,2024-01-07,Empoli,Milan,0.0,3.0
ITA-Serie A,2324,6d865e81,2024-01-07,Roma,Atalanta,1.0,1.0
ITA-Serie A,2324,e74d3589,2024-01-07,Salernitana,Juventus,1.0,2.0
ITA-Serie A,2324,6dd86ed1,2024-01-07,Torino,Napoli,3.0,0.0
ITA-Serie A,2324,65d51821,2024-01-07,Udinese,Lazio,1.0,2.0
ITA-Serie A,2324,6b9bc82f,2024-01-13,Genoa,Torino,0.0,0.0
ITA-Serie A,2324,1e1a6ee6,2024-01-13,Hellas Verona,Empoli,2.0,1.0
ITA-Serie A,2324,f42d4375,2024-01-13,Monza,Inter,1.0,5.0
ITA-Serie A,2324,4481a44c,2024-01-13,Napoli,Salernitana,2.0,1.0
ITA-Serie A,2324,91852b28,2024-01-14,Cagliari,Bologna,2.0,1.0
ITA-Serie A,2324,b52c1e88,2024-01-14,Fiorentina,Udinese,2.0,2.0
ITA-Serie A,2324,945c196b,2024-01-14,Lazio,Lecce,1.0,0.0
ITA-Serie A,2324,3877f7ac,2024-01-14,Milan,Roma,3.0,1.0
ITA-Serie A,2324,fb9c9cdb,2024-01-15,Atalanta,Frosinone,5.0,0.0
ITA-Serie A,2324,a5520dc8,2024-01-16,Juventus,Sassuolo,3.0,0.0
ITA-Serie A,2324,4979e519,2024-01-20,Roma,Hellas Verona,2.0,1.0
ITA-Serie A,2324,5bfc3571,2024-01-20,Udinese,Milan,2.0,3.0
ITA-Serie A,2324,57d1e07a,2024-01-21,Empoli,Monza,3.0,0.0
ITA-Serie A,2324,b6ac3781,2024-01-21,Frosinone,Cagliari,3.0,1.0
ITA-Serie A,2324,5faf15cc,2024-01-21,Lecce,Juventus,0.0,3.0
ITA-Serie A,2324,9513979f,2024-01-21,Salernitana,Genoa,1.0,2.0
ITA-Serie A,2324,94279bcd,2024-01-26,Cagliari,Torino,1.0,2.0
ITA-Serie A,2324,8d8d45e1,2024-01-27,Atalanta,Udinese,2.0,0.0
ITA-Serie A,2324,ae33c4fb,2024-01-27,Juventus,Empoli,1.0,1.0
ITA-Serie A,2324,0956366b,2024-01-27,Milan,Bologna,2.0,2.0
ITA-Serie A,2324,102c1e1a,2024-01-28,Fiorentina,Inter,0.0,1.0
ITA-Serie A,2324,73b5dbc0,2024-01-28,Genoa,Lecce,2.0,1.0
ITA-Serie A,2324,4d9bfc36,2024-01-28,Hellas Verona,Frosinone,1.0,1.0
ITA-Serie A,2324,5f2e86f8,2024-01-28,Lazio,Napoli,0.0,0.0
ITA-Serie A,2324,16c39caa,2024-01-28,Monza,Sassuolo,1.0,0.0
ITA-Serie A,2324,d0918b41,2024-01-29,Salernitana,Roma,1.0,2.0
ITA-Serie A,2324,28d15df1,2024-02-02,Lecce,Fiorentina,3.0,2.0
ITA-Serie A,2324,6b5e4d06,2024-02-03,Bologna,Sassuolo,4.0,2.0
ITA-Serie A,2324,fdc54c79,2024-02-03,Empoli,Genoa,0.0,0.0
ITA-Serie A,2324,14c72d2c,2024-02-03,Frosinone,Milan,2.0,3.0
ITA-Serie A,2324,31094073,2024-02-03,Udinese,Monza,0.0,0.0
ITA-Serie A,2324,839bed1a,2024-02-04,Atalanta,Lazio,3.0,1.0
ITA-Serie A,2324,df2030e2,2024-02-04,Inter,Juventus,1.0,0.0
ITA-Serie A,2324,9333828d,2024-02-04,Napoli,Hellas Verona,2.0,1.0
ITA-Serie A,2324,0aa345fd,2024-02-04,Torino,Salernitana,0.0,0.0
ITA-Serie A,2324,798802e2,2024-02-05,Roma,Cagliari,4.0,0.0
ITA-Serie A,2324,41f47040,2024-02-09,Salernitana,Empoli,1.0,3.0
ITA-Serie A,2324,c058cdf4,2024-02-10,Cagliari,Lazio,1.0,3.0
ITA-Serie A,2324,7d4cb549,2024-02-10,Roma,Inter,2.0,4.0
ITA-Serie A,2324,44120e9d,2024-02-10,Sassuolo,Torino,1.0,1.0
ITA-Serie A,2324,50fb8ad3,2024-02-11,Bologna,Lecce,4.0,0.0
ITA-Serie A,2324,6d37f665,2024-02-11,Fiorentina,Frosinone,5.0,1.0
ITA-Serie A,2324,af2e9e84,2024-02-11,Genoa,Atalanta,1.0,4.0
ITA-Serie A,2324,07524327,2024-02-11,Milan,Napoli,1.0,0.0
ITA-Serie A,2324,5cba7c58,2024-02-11,Monza,Hellas Verona,0.0,0.0
ITA-Serie A,2324,70d80153,2024-02-12,Juventus,Udinese,0.0,1.0
ITA-Serie A,2324,218232ce,2024-02-14,Bologna,Fiorentina,2.0,0.0
ITA-Serie A,2324,19a73f2f,2024-02-16,Inter,Salernitana,4.0,0.0
ITA-Serie A,2324,adbef025,2024-02-16,Torino,Lecce,2.0,0.0
ITA-Serie A,2324,1e203a3e,2024-02-17,Atalanta,Sassuolo,3.0,0.0
ITA-Serie A,2324,b690885f,2024-02-17,Hellas Verona,Juventus,2.0,2.0
ITA-Serie A,2324,bf05bb55,2024-02-17,Napoli,Genoa,1.0,1.0
ITA-Serie A,2324,802e40b2,2024-02-18,Empoli,Fiorentina,1.0,1.0
ITA-Serie A,2324,ea07d8c6,2024-02-18,Frosinone,Roma,0.0,3.0
ITA-Serie A,2324,c79de8a0,2024-02-18,Lazio,Bologna,1.0,2.0
ITA-Serie A,2324,c735ea6b,2024-02-18,Monza,Milan,4.0,2.0
ITA-Serie A,2324,8b73e145,2024-02-18,Udinese,Cagliari,1.0,1.0
ITA-Serie A,2324,e7598003,2024-02-22,Torino,Lazio,0.0,2.0
ITA-Serie A,2324,35d4984a,2024-02-23,Bologna,Hellas Verona,2.0,0.0
ITA-Serie A,2324,e0b0bdc5,2024-02-24,Genoa,Udinese,2.0,0.0
ITA-Serie A,2324,9eb1114c,2024-02-24,Salernitana,Monza,0.0,2.0
ITA-Serie A,2324,fd1c0d24,2024-02-24,Sassuolo,Empoli,2.0,3.0
ITA-Serie A,2324,9809e688,2024-02-25,Cagliari,Napoli,1.0,1.0
ITA-Serie A,2324,21134622,2024-02-25,Juventus,Frosinone,3.0,2.0
ITA-Serie A,2324,e65f6ac6,2024-02-25,Lecce,Inter,0.0,4.0
ITA-Serie A,2324,030a751b,2024-02-25,Milan,Atalanta,1.0,1.0
ITA-Serie A,2324,76d3d638,2024-02-26,Fiorentina,Lazio,2.0,1.0
ITA-Serie A,2324,60c4d8af,2024-02-26,Roma,Torino,3.0,2.0
ITA-Serie A,2324,70446f62,2024-02-28,Inter,Atalanta,4.0,0.0
ITA-Serie A,2324,3019b840,2024-02-28,Sassuolo,Napoli,1.0,6.0
ITA-Serie A,2324,2c7b2e0f,2024-03-01,Lazio,Milan,0.0,1.0
ITA-Serie A,2324,d4ae6c82,2024-03-02,Monza,Roma,1.0,4.0
ITA-Serie A,2324,576d1e86,2024-03-02,Torino,Fiorentina,0.0,0.0
ITA-Serie A,2324,9b628018,2024-03-02,Udinese,Salernitana,1.0,1.0
ITA-Serie A,2324,27aab55a,2024-03-03,Atalanta,Bologna,1.0,2.0
ITA-Serie A,2324,af92650d,2024-03-03,Empoli,Cagliari,0.0,1.0
ITA-Serie A,2324,0960e2c8,2024-03-03,Frosinone,Lecce,1.0,1.0
ITA-Serie A,2324,90141069,2024-03-03,Hellas Verona,Sassuolo,1.0,0.0
ITA-Serie A,2324,51db492f,2024-03-03,Napoli,Juventus,2.0,1.0
ITA-Serie A,2324,c4577218,2024-03-04,Inter,Genoa,2.0,1.0
ITA-Serie A,2324,9d189799,2024-03-08,Napoli,Torino,1.0,1.0
ITA-Serie A,2324,de22618d,2024-03-09,Bologna,Inter,0.0,1.0
ITA-Serie A,2324,446ec5e0,2024-03-09,Cagliari,Salernitana,4.0,2.0
ITA-Serie A,2324,f8dba673,2024-03-09,Genoa,Monza,2.0,3.0
ITA-Serie A,2324,def050b8,2024-03-09,Sassuolo,Frosinone,1.0,0.0
ITA-Serie A,2324,363812cb,2024-03-10,Fiorentina,Roma,2.0,2.0
ITA-Serie A,2324,b18f50f9,2024-03-10,Juventus,Atalanta,2.0,2.0
ITA-Serie A,2324,d48f5312,2024-03-10,Lecce,Hellas Verona,0.0,1.0
ITA-Serie A,2324,11b229fa,2024-03-10,Milan,Empoli,1.0,0.0
ITA-Serie A,2324,b33bb354,2024-03-11,Lazio,Udinese,1.0,2.0
ITA-Serie A,2324,241bbdd3,2024-03-15,Empoli,Bologna,0.0,1.0
ITA-Serie A,2324,8ec58037,2024-03-16,Frosinone,Lazio,2.0,3.0
ITA-Serie A,2324,d2087228,2024-03-16,Monza,Cagliari,1.0,0.0
ITA-Serie A,2324,4a8236bd,2024-03-16,Salernitana,Lecce,0.0,1.0
ITA-Serie A,2324,6309f668,2024-03-16,Udinese,Torino,0.0,2.0
ITA-Serie A,2324,73d4a95b,2024-03-17,Hellas Verona,Milan,1.0,3.0
ITA-Serie A,2324,3ea9e35f,2024-03-17,Inter,Napoli,1.0,1.0
ITA-Serie A,2324,4406f8bc,2024-03-17,Juventus,Genoa,0.0,0.0
ITA-Serie A,2324,a59ffc20,2024-03-17,Roma,Sassuolo,1.0,0.0
ITA-Serie A,2324,a9ac1dd4,2024-03-30,Fiorentina,Milan,1.0,2.0
ITA-Serie A,2324,949865c6,2024-03-30,Genoa,Frosinone,1.0,1.0
ITA-Serie A,2324,2b4a58d1,2024-03-30,Lazio,Juventus,1.0,0.0
ITA-Serie A,2324,45e6d215,2024-03-30,Napoli,Atalanta,0.0,3.0
ITA-Serie A,2324,a797c77d,2024-03-30,Torino,Monza,1.0,0.0
ITA-Serie A,2324,b2dfb23d,2024-04-01,Bologna,Salernitana,3.0,0.0
ITA-Serie A,2324,f7d8a40e,2024-04-01,Cagliari,Hellas Verona,1.0,1.0
ITA-Serie A,2324,58bfb9d7,2024-04-01,Inter,Empoli,2.0,0.0
ITA-Serie A,2324,e48fdc60,2024-04-01,Lecce,Roma,0.0,0.0
ITA-Serie A,2324,f6e582c5,2024-04-01,Sassuolo,Udinese,1.0,1.0
ITA-Serie A,2324,093991c7,2024-04-05,Salernitana,Sassuolo,2.0,2.0
ITA-Serie A,2324,4b35fb0d,2024-04-06,Empoli,Torino,3.0,2.0
ITA-Serie A,2324,43765d2c,2024-04-06,Milan,Lecce,3.0,0.0
ITA-Serie A,2324,c6904d7c,2024-04-06,Roma,Lazio,1.0,0.0
ITA-Serie A,2324,3a4f86ae,2024-04-07,Cagliari,Atalanta,2.0,1.0
ITA-Serie A,2324,9e8b48ec,2024-04-07,Frosinone,Bologna,0.0,0.0
ITA-Serie A,2324,b266d1c5,2024-04-07,Hellas Verona,Genoa,1.0,2.0
ITA-Serie A,2324,186d535c,2024-04-07,Juventus,Fiorentina,1.0,0.0
ITA-Serie A,2324,9bd21fb8,2024-04-07,Monza,Napoli,2.0,4.0
ITA-Serie A,2324,13a593d3,2024-04-08,Udinese,Inter,1.0,2.0
ITA-Serie A,2324,500cf804,2024-04-12,Lazio,Salernitana,4.0,1.0
ITA-Serie A,2324,7ae9f1cb,2024-04-13,Bologna,Monza,0.0,0.0
ITA-Serie A,2324,e1660e90,2024-04-13,Lecce,Empoli,1.0,0.0
ITA-Serie A,2324,df4af29b,2024-04-13,Torino,Juventus,0.0,0.0
ITA-Serie A,2324,6fa3136b,2024-04-14,Inter,Cagliari,2.0,2.0
ITA-Serie A,2324,4cd52f7a,2024-04-14,Napoli,Frosinone,2.0,2.0
ITA-Serie A,2324,55d35708,2024-04-14,Sassuolo,Milan,3.0,3.0
ITA-Serie A,2324,6a69ffd2,2024-04-15,Atalanta,Hellas Verona,2.0,2.0
ITA-Serie A,2324,f4f2aa58,2024-04-15,Fiorentina,Genoa,1.0,1.0
ITA-Serie A,2324,9886fa0c,2024-04-19,Cagliari,Juventus,2.0,2.0
ITA-Serie A,2324,a83ed0d9,2024-04-19,Genoa,Lazio,0.0,1.0
ITA-Serie A,2324,08b10a76,2024-04-20,Empoli,Napoli,1.0,0.0
ITA-Serie A,2324,e1ddfae8,2024-04-20,Hellas Verona,Udinese,1.0,0.0
ITA-Serie A,2324,8959e7b1,2024-04-21,Monza,Atalanta,1.0,2.0
ITA-Serie A,2324,fcfc5c95,2024-04-21,Salernitana,Fiorentina,0.0,2.0
ITA-Serie A,2324,d1e0f970,2024-04-21,Sassuolo,Lecce,0.0,3.0
ITA-Serie A,2324,ee365788,2024-04-21,Torino,Frosinone,0.0,0.0
ITA-Serie A,2324,f8a1cbc3,2024-04-22,Milan,Inter,1.0,2.0
ITA-Serie A,2324,483d3341,2024-04-22,Roma,Bologna,1.0,3.0
ITA-Serie A,2324,bca64d25,2024-04-25,Udinese,Roma,1.0,2.0
ITA-Serie A,2324,4fefb5fb,2024-04-26,Frosinone,Salernitana,3.0,0.0
ITA-Serie A,2324,023acbca,2024-04-27,Juventus,Milan,0.0,0.0
ITA-Serie A,2324,730f4d2a,2024-04-27,Lazio,Hellas Verona,1.0,0.0
ITA-Serie A,2324,04472974,2024-04-27,Lecce,Monza,1.0,1.0
ITA-Serie A,2324,526fed3e,2024-04-28,Atalanta,Empoli,2.0,0.0
ITA-Serie A,2324,e7aba6c2,2024-04-28,Bologna,Udinese,1.0,1.0
ITA-Serie A,2324,a325ac75,2024-04-28,Fiorentina,Sassuolo,5.0,1.0
ITA-Serie A,2324,dbd84631,2024-04-28,Inter,Torino,2.0,0.0
ITA-Serie A,2324,5820452a,2024-04-28,Napoli,Roma,2.0,2.0
ITA-Serie A,2324,29911872,2024-04-29,Genoa,Cagliari,3.0,0.0
ITA-Serie A,2324,b1ee8734,2024-05-03,Torino,Bologna,0.0,0.0
ITA-Serie A,2324,4a66cc9f,2024-05-04,Monza,Lazio,2.0,2.0
ITA-Serie A,2324,ed10c7dd,2024-05-04,Sassuolo,Inter,1.0,0.0
ITA-Serie A,2324,37175126,2024-05-05,Cagliari,Lecce,1.0,1.0
ITA-Serie A,2324,8e717098,2024-05-05,Empoli,Frosinone,0.0,0.0
ITA-Serie A,2324,f7dadfce,2024-05-05,Hellas Verona,Fiorentina,2.0,1.0
ITA-Serie A,2324,a1381aec,2024-05-05,Milan,Genoa,3.0,3.0
ITA-Serie A,2324,f1a8a603,2024-05-05,Roma,Juventus,1.0,1.0
ITA-Serie A,2324,4d799b02,2024-05-06,Salernitana,Atalanta,1.0,2.0
ITA-Serie A,2324,03676818,2024-05-06,Udinese,Napoli,1.0,1.0
ITA-Serie A,2324,74782a23,2024-05-10,Frosinone,Inter,0.0,5.0
ITA-Serie A,2324,dec7c7ae,2024-05-11,Milan,Cagliari,5.0,1.0
ITA-Serie A,2324,faae1fb0,2024-05-11,Napoli,Bologna,0.0,2.0
ITA-Serie A,2324,9eba4ff1,2024-05-12,Atalanta,Roma,2.0,1.0
ITA-Serie A,2324,4e7774b9,2024-05-12,Genoa,Sassuolo,2.0,1.0
ITA-Serie A,2324,cee937fb,2024-05-12,Hellas Verona,Torino,1.0,2.0
ITA-Serie A,2324,8724a3c4,2024-05-12,Juventus,Salernitana,1.0,1.0
ITA-Serie A,2324,f6279636,2024-05-12,Lazio,Empoli,2.0,0.0
ITA-Serie A,2324,10f0c822,2024-05-13,Fiorentina,Monza,2.0,1.0
ITA-Serie A,2324,515646b5,2024-05-13,Lecce,Udinese,0.0,2.0
ITA-Serie A,2324,b2fbe157,2024-05-17,Fiorentina,Napoli,2.0,2.0
ITA-Serie A,2324,d63c561d,2024-05-18,Lecce,Atalanta,0.0,2.0
ITA-Serie A,2324,a6891295,2024-05-18,Torino,Milan,3.0,1.0
ITA-Serie A,2324,d6135ea2,2024-05-19,Inter,Lazio,1.0,1.0
ITA-Serie A,2324,ab8f65b4,2024-05-19,Monza,Frosinone,0.0,1.0
ITA-Serie A,2324,44d3d4bd,2024-05-19,Roma,Genoa,1.0,0.0
ITA-Serie A,2324,fdf3012f,2024-05-19,Sassuolo,Cagliari,0.0,2.0
ITA-Serie A,2324,bcf20196,2024-05-19,Udinese,Empoli,1.0,1.0
ITA-Serie A,2324,f98081f6,2024-05-20,Bologna,Juventus,3.0,3.0
ITA-Serie A,2324,59f4da77,2024-05-20,Salernitana,Hellas Verona,1.0,2.0
ITA-Serie A,2324,833bac38,2024-05-23,Cagliari,Fiorentina,2.0,3.0
ITA-Serie A,2324,0411cef1,2024-05-24,Genoa,Bologna,2.0,0.0
ITA-Serie A,2324,b0036fc8,2024-05-25,Juventus,Monza,2.0,0.0
ITA-Serie A,2324,9492fa68,2024-05-25,Milan,Salernitana,3.0,3.0
ITA-Serie A,2324,a2652733,2024-05-26,Atalanta,Torino,3.0,0.0
ITA-Serie A,2324,2ee9be16,2024-05-26,Empoli,Roma,2.0,1.0
ITA-Serie A,2324,65f327b4,2024-05-26,Frosinone,Udinese,0.0,1.0
ITA-Serie A,2324,d97ac2fa,2024-05-26,Hellas Verona,Inter,2.0,2.0
ITA-Serie A,2324,2b4865cf,2024-05-26,Lazio,Sassuolo,1.0,1.0
ITA-Serie A,2324,c234b266,2024-05-26,Napoli,Lecce,0.0,0.0
ITA-Serie A,2324,ceb127e3,2024-06-02,Atalanta,Fiorentina,2.0,3.0
ITA-Serie A,2425,e1942888,2024-08-17,Empoli,Monza,0.0,0.0
ITA-Serie A,2425,5dd9a8ae,2024-08-17,Genoa,Inter,2.0,2.0
ITA-Serie A,2425,6321e075,2024-08-17,Milan,Torino,2.0,2.0
ITA-Serie A,2425,99186416,2024-08-17,Parma,Fiorentina,1.0,1.0
ITA-Serie A,2425,a538d1ae,2024-08-18,Bologna,Udinese,1.0,1.0
ITA-Serie A,2425,8314db9d,2024-08-18,Cagliari,Roma,0.0,0.0
ITA-Serie A,2425,6a1d7fbe,2024-08-18,Hellas Verona,Napoli,3.0,0.0
ITA-Serie A,2425,8c25dfec,2024-08-18,Lazio,Venezia,3.0,1.0
ITA-Serie A,2425,888690a6,2024-08-19,Juventus,Como,3.0,0.0
ITA-Serie A,2425,5b248995,2024-08-19,Lecce,Atalanta,0.0,4.0
ITA-Serie A,2425,bf16fd3f,2024-08-24,Inter,Lecce,2.0,0.0
ITA-Serie A,2425,d9489d1e,2024-08-24,Monza,Genoa,0.0,1.0
ITA-Serie A,2425,d2885a35,2024-08-24,Parma,Milan,2.0,1.0
ITA-Serie A,2425,b6b8cabd,2024-08-24,Udinese,Lazio,2.0,1.0
ITA-Serie A,2425,cab6fee7,2024-08-25,Fiorentina,Venezia,0.0,0.0
ITA-Serie A,2425,cd189339,2024-08-25,Napoli,Bologna,3.0,0.0
ITA-Serie A,2425,31d64d59,2024-08-25,Roma,Empoli,1.0,2.0
ITA-Serie A,2425,324b2f87,2024-08-25,Torino,Atalanta,2.0,1.0
ITA-Serie A,2425,0948742e,2024-08-26,Cagliari,Como,1.0,1.0
ITA-Serie A,2425,22c07009,2024-08-26,Hellas Verona,Juventus,0.0,3.0
ITA-Serie A,2425,adc30b79,2024-08-30,Inter,Atalanta,4.0,0.0
ITA-Serie A,2425,55203d33,2024-08-30,Venezia,Torino,0.0,1.0
ITA-Serie A,2425,bd4cd3af,2024-08-31,Bologna,Empoli,1.0,1.0
ITA-Serie A,2425,105b1a82,2024-08-31,Lazio,Milan,2.0,2.0
ITA-Serie A,2425,25367b4b,2024-08-31,Lecce,Cagliari,1.0,0.0
ITA-Serie A,2425,f6ed3bc4,2024-08-31,Napoli,Parma,2.0,1.0
ITA-Serie A,2425,2fc37926,2024-09-01,Fiorentina,Monza,2.0,2.0
ITA-Serie A,2425,aab74d02,2024-09-01,Genoa,Hellas Verona,0.0,2.0
ITA-Serie A,2425,6a978d77,2024-09-01,Juventus,Roma,0.0,0.0
ITA-Serie A,2425,24249630,2024-09-01,Udinese,Como,1.0,0.0
ITA-Serie A,2425,30c9c7af,2024-09-14,Como,Bologna,2.0,2.0
ITA-Serie A,2425,5ede3e48,2024-09-14,Empoli,Juventus,0.0,0.0
ITA-Serie A,2425,ec4ceae1,2024-09-14,Milan,Venezia,4.0,0.0
ITA-Serie A,2425,c69565c7,2024-09-15,Atalanta,Fiorentina,3.0,2.0
ITA-Serie A,2425,226b0118,2024-09-15,Cagliari,Napoli,0.0,4.0
ITA-Serie A,2425,ad2de1d0,2024-09-15,Genoa,Roma,1.0,1.0
ITA-Serie A,2425,cb14ff92,2024-09-15,Monza,Inter,1.0,1.0
ITA-Serie A,2425,dab3859c,2024-09-15,Torino,Lecce,0.0,0.0
ITA-Serie A,2425,45f09f95,2024-09-16,Lazio,Hellas Verona,2.0,1.0
ITA-Serie A,2425,580f27c1,2024-09-16,Parma,Udinese,2.0,3.0
ITA-Serie A,2425,89a8e948,2024-09-20,Cagliari,Empoli,0.0,2.0
ITA-Serie A,2425,2e904a65,2024-09-20,Hellas Verona,Torino,2.0,3.0
ITA-Serie A,2425,87a4e1ae,2024-09-21,Juventus,Napoli,0.0,0.0
ITA-Serie A,2425,8aed6358,2024-09-21,Lecce,Parma,2.0,2.0
ITA-Serie A,2425,2cd93038,2024-09-21,Venezia,Genoa,2.0,0.0
ITA-Serie A,2425,ad104788,2024-09-22,Fiorentina,Lazio,2.0,1.0
ITA-Serie A,2425,5ceec90c,2024-09-22,Inter,Milan,1.0,2.0
ITA-Serie A,2425,9c510611,2024-09-22,Monza,Bologna,1.0,2.0
ITA-Serie A,2425,2c1f7af3,2024-09-22,Roma,Udinese,3.0,0.0
ITA-Serie A,2425,3e592227,2024-09-24,Atalanta,Como,2.0,3.0
ITA-Serie A,2425,6d6624e2,2024-09-27,Milan,Lecce,3.0,0.0
ITA-Serie A,2425,5ebd3c92,2024-09-28,Bologna,Atalanta,1.0,1.0
ITA-Serie A,2425,b21bad0d,2024-09-28,Genoa,Juventus,0.0,3.0
ITA-Serie A,2425,a87c6b35,2024-09-28,Udinese,Inter,2.0,3.0
ITA-Serie A,2425,1b4d793e,2024-09-29,Como,Hellas Verona,3.0,2.0
ITA-Serie A,2425,11c1605f,2024-09-29,Empoli,Fiorentina,0.0,0.0
ITA-Serie A,2425,54f6fa48,2024-09-29,Napoli,Monza,2.0,0.0
ITA-Serie A,2425,ec69829c,2024-09-29,Roma,Venezia,2.0,1.0
ITA-Serie A,2425,caf6a7d2,2024-09-29,Torino,Lazio,2.0,3.0
ITA-Serie A,2425,df2ec112,2024-09-30,Parma,Cagliari,2.0,3.0
ITA-Serie A,2425,f8385042,2024-10-04,Hellas Verona,Venezia,2.0,1.0
ITA-Serie A,2425,e474c2fe,2024-10-04,Napoli,Como,3.0,1.0
ITA-Serie A,2425,b1035fb5,2024-10-05,Atalanta,Genoa,5.0,1.0
ITA-Serie A,2425,282abdf2,2024-10-05,Inter,Torino,3.0,2.0
ITA-Serie A,2425,e86c2b7c,2024-10-05,Udinese,Lecce,1.0,0.0
ITA-Serie A,2425,0ca23022,2024-10-06,Bologna,Parma,0.0,0.0
ITA-Serie A,2425,7b49f33b,2024-10-06,Fiorentina,Milan,2.0,1.0
ITA-Serie A,2425,3f957426,2024-10-06,Juventus,Cagliari,1.0,1.0
ITA-Serie A,2425,6b642876,2024-10-06,Lazio,Empoli,2.0,1.0
ITA-Serie A,2425,d19770cf,2024-10-06,Monza,Roma,1.0,1.0
ITA-Serie A,2425,0e383c84,2024-10-19,Como,Parma,1.0,1.0
ITA-Serie A,2425,b69fbc8e,2024-10-19,Genoa,Bologna,2.0,2.0
ITA-Serie A,2425,2a7043fd,2024-10-19,Juventus,Lazio,1.0,0.0
ITA-Serie A,2425,c9b4f966,2024-10-19,Milan,Udinese,1.0,0.0
ITA-Serie A,2425,1d1a4e0d,2024-10-20,Cagliari,Torino,3.0,2.0
ITA-Serie A,2425,e486a986,2024-10-20,Empoli,Napoli,0.0,1.0
ITA-Serie A,2425,015e4919,2024-10-20,Lecce,Fiorentina,0.0,6.0
ITA-Serie A,2425,f65c16b7,2024-10-20,Roma,Inter,0.0,1.0
ITA-Serie A,2425,2ec189f4,2024-10-20,Venezia,Atalanta,0.0,2.0
ITA-Serie A,2425,1bf8a854,2024-10-21,Hellas Verona,Monza,0.0,3.0
ITA-Serie A,2425,05c25e1e,2024-10-25,Torino,Como,1.0,0.0
ITA-Serie A,2425,8bd5bba7,2024-10-25,Udinese,Cagliari,2.0,0.0
ITA-Serie A,2425,8e432430,2024-10-26,Atalanta,Hellas Verona,6.0,1.0
ITA-Serie A,2425,69ffe801,2024-10-26,Napoli,Lecce,1.0,0.0
ITA-Serie A,2425,54bfe5ba,2024-10-27,Fiorentina,Roma,5.0,1.0
ITA-Serie A,2425,1e164a6c,2024-10-27,Inter,Juventus,4.0,4.0
ITA-Serie A,2425,67b8955a,2024-10-27,Lazio,Genoa,3.0,0.0
ITA-Serie A,2425,ee055cc8,2024-10-27,Monza,Venezia,2.0,2.0
ITA-Serie A,2425,edec012f,2024-10-27,Parma,Empoli,1.0,1.0
ITA-Serie A,2425,cbe119cc,2024-10-29,Cagliari,Bologna,0.0,2.0
ITA-Serie A,2425,1affd587,2024-10-29,Lecce,Hellas Verona,1.0,0.0
ITA-Serie A,2425,da11c409,2024-10-29,Milan,Napoli,0.0,2.0
ITA-Serie A,2425,75f96018,2024-10-30,Atalanta,Monza,2.0,0.0
ITA-Serie A,2425,a2a61f01,2024-10-30,Empoli,Inter,0.0,3.0
ITA-Serie A,2425,bc7ed4c6,2024-10-30,Juventus,Parma,2.0,2.0
ITA-Serie A,2425,50efe60a,2024-10-30,Venezia,Udinese,3.0,2.0
ITA-Serie A,2425,128ece0d,2024-10-31,Como,Lazio,1.0,5.0
ITA-Serie A,2425,463a6b71,2024-10-31,Genoa,Fiorentina,0.0,1.0
ITA-Serie A,2425,2d7f07e3,2024-10-31,Roma,Torino,1.0,0.0
ITA-Serie A,2425,131fb996,2024-11-02,Bologna,Lecce,1.0,0.0
ITA-Serie A,2425,6e2f5ec6,2024-11-02,Monza,Milan,0.0,1.0
ITA-Serie A,2425,2680b604,2024-11-02,Udinese,Juventus,0.0,2.0
ITA-Serie A,2425,0c67c952,2024-11-03,Hellas Verona,Roma,3.0,2.0
ITA-Serie A,2425,f6ba9194,2024-11-03,Inter,Venezia,1.0,0.0
ITA-Serie A,2425,31d4ab7d,2024-11-03,Napoli,Atalanta,0.0,3.0
ITA-Serie A,2425,7c298383,2024-11-03,Torino,Fiorentina,0.0,1.0
ITA-Serie A,2425,cf8ba91a,2024-11-04,Empoli,Como,1.0,0.0
ITA-Serie A,2425,b3fa2e3c,2024-11-04,Lazio,Cagliari,2.0,1.0
ITA-Serie A,2425,d8a1b693,2024-11-04,Parma,Genoa,0.0,1.0
ITA-Serie A,2425,ee077ae1,2024-11-07,Genoa,Como,1.0,1.0
ITA-Serie A,2425,dac22768,2024-11-08,Lecce,Empoli,1.0,1.0
ITA-Serie A,2425,23026b6f,2024-11-09,Cagliari,Milan,3.0,3.0
ITA-Serie A,2425,51962386,2024-11-09,Juventus,Torino,2.0,0.0
ITA-Serie A,2425,8b0cfe1d,2024-11-09,Venezia,Parma,1.0,2.0
ITA-Serie A,2425,fcc555f9,2024-11-10,Atalanta,Udinese,2.0,1.0
ITA-Serie A,2425,c9d4e593,2024-11-10,Fiorentina,Hellas Verona,3.0,1.0
ITA-Serie A,2425,8a3f7f87,2024-11-10,Inter,Napoli,1.0,1.0
ITA-Serie A,2425,90116cdb,2024-11-10,Monza,Lazio,0.0,1.0
ITA-Serie A,2425,b93d514f,2024-11-10,Roma,Bologna,2.0,3.0
ITA-Serie A,2425,f40e8673,2024-11-23,Hellas Verona,Inter,0.0,5.0
ITA-Serie A,2425,3d6d1119,2024-11-23,Milan,Juventus,0.0,0.0
ITA-Serie A,2425,b0abcd14,2024-11-23,Parma,Atalanta,1.0,3.0
ITA-Serie A,2425,8ad4e7bb,2024-11-24,Como,Fiorentina,0.0,2.0
ITA-Serie A,2425,6a1e4119,2024-11-24,Genoa,Cagliari,2.0,2.0
ITA-Serie A,2425,b823aa0b,2024-11-24,Lazio,Bologna,3.0,0.0
ITA-Serie A,2425,5993c0f0,2024-11-24,Napoli,Roma,1.0,0.0
ITA-Serie A,2425,a9bc6012,2024-11-24,Torino,Monza,1.0,1.0
ITA-Serie A,2425,249de3fa,2024-11-25,Empoli,Udinese,1.0,1.0
ITA-Serie A,2425,616c48a5,2024-11-25,Venezia,Lecce,0.0,1.0
ITA-Serie A,2425,b2adb745,2024-11-29,Cagliari,Hellas Verona,1.0,0.0
ITA-Serie A,2425,75f6e865,2024-11-30,Bologna,Venezia,3.0,0.0
ITA-Serie A,2425,54be0ee5,2024-11-30,Como,Monza,1.0,1.0
ITA-Serie A,2425,1d6a6ac7,2024-11-30,Milan,Empoli,3.0,0.0
ITA-Serie A,2425,6663ff8b,2024-12-01,Lecce,Juventus,1.0,1.0
ITA-Serie A,2425,655f8c05,2024-12-01,Parma,Lazio,3.0,1.0
ITA-Serie A,2425,148db1a0,2024-12-01,Torino,Napoli,0.0,1.0
ITA-Serie A,2425,bb7b34e8,2024-12-01,Udinese,Genoa,0.0,2.0
ITA-Serie A,2425,74396b38,2024-12-02,Roma,Atalanta,0.0,2.0
ITA-Serie A,2425,3c291cde,2024-12-06,Atalanta,Milan,2.0,1.0
ITA-Serie A,2425,36a8e6c1,2024-12-06,Inter,Parma,3.0,1.0
ITA-Serie A,2425,5209f745,2024-12-07,Genoa,Torino,0.0,0.0
ITA-Serie A,2425,f335a456,2024-12-07,Juventus,Bologna,2.0,2.0
ITA-Serie A,2425,2f4aac74,2024-12-07,Roma,Lecce,4.0,1.0
ITA-Serie A,2425,a3f7f065,2024-12-08,Fiorentina,Cagliari,1.0,0.0
ITA-Serie A,2425,52d351e8,2024-12-08,Hellas Verona,Empoli,1.0,4.0
ITA-Serie A,2425,aea55efb,2024-12-08,Napoli,Lazio,0.0,1.0
ITA-Serie A,2425,4171bb56,2024-12-08,Venezia,Como,2.0,2.0
ITA-Serie A,2425,fbe80ac9,2024-12-09,Monza,Udinese,1.0,2.0
ITA-Serie A,2425,33b426d2,2024-12-13,Empoli,Torino,0.0,1.0
ITA-Serie A,2425,69244b8a,2024-12-14,Cagliari,Atalanta,0.0,1.0
ITA-Serie A,2425,6eb424b7,2024-12-14,Juventus,Venezia,2.0,2.0
ITA-Serie A,2425,700e4d44,2024-12-14,Udinese,Napoli,1.0,3.0
ITA-Serie A,2425,a4be7984,2024-12-15,Bologna,Fiorentina,1.0,0.0
ITA-Serie A,2425,27c53562,2024-12-15,Como,Roma,2.0,0.0
ITA-Serie A,2425,4bd3b181,2024-12-15,Lecce,Monza,2.0,1.0
ITA-Serie A,2425,715aa683,2024-12-15,Milan,Genoa,0.0,0.0
ITA-Serie A,2425,c31235f0,2024-12-15,Parma,Hellas Verona,2.0,3.0
ITA-Serie A,2425,180750a4,2024-12-16,Lazio,Inter,0.0,6.0
ITA-Serie A,2425,95273d30,2024-12-20,Hellas Verona,Milan,0.0,1.0
ITA-Serie A,2425,f40ec8ec,2024-12-21,Genoa,Napoli,1.0,2.0
ITA-Serie A,2425,e9e5a4d3,2024-12-21,Lecce,Lazio,1.0,2.0
ITA-Serie A,2425,b6364093,2024-12-21,Torino,Bologna,0.0,2.0
ITA-Serie A,2425,8ea96d1a,2024-12-22,Atalanta,Empoli,3.0,2.0
ITA-Serie A,2425,d259dc6c,2024-12-22,Monza,Juventus,1.0,2.0
ITA-Serie A,2425,ee646ed8,2024-12-22,Roma,Parma,5.0,0.0
ITA-Serie A,2425,e97ff3c8,2024-12-22,Venezia,Cagliari,2.0,1.0
ITA-Serie A,2425,bc6b88d2,2024-12-23,Fiorentina,Udinese,1.0,2.0
ITA-Serie A,2425,815f82e8,2024-12-23,Inter,Como,2.0,0.0
ITA-Serie A,2425,a4004016,2024-12-28,Cagliari,Inter,0.0,3.0
ITA-Serie A,2425,6d5e84f9,2024-12-28,Empoli,Genoa,1.0,2.0
ITA-Serie A,2425,864b029d,2024-12-28,Lazio,Atalanta,1.0,1.0
ITA-Serie A,2425,45c4ef98,2024-12-28,Parma,Monza,2.0,1.0
ITA-Serie A,2425,866b53df,2024-12-29,Juventus,Fiorentina,2.0,2.0
ITA-Serie A,2425,3f619cbf,2024-12-29,Milan,Roma,1.0,1.0
ITA-Serie A,2425,84d5d1b8,2024-12-29,Napoli,Venezia,1.0,0.0
ITA-Serie A,2425,eda442e1,2024-12-29,Udinese,Torino,2.0,2.0
ITA-Serie A,2425,8607729b,2024-12-30,Bologna,Hellas Verona,2.0,3.0
ITA-Serie A,2425,e75996b8,2024-12-30,Como,Lecce,2.0,0.0
ITA-Serie A,2425,b061fbf8,2025-01-04,Fiorentina,Napoli,0.0,3.0
ITA-Serie A,2425,9a2501ce,2025-01-04,Hellas Verona,Udinese,0.0,0.0
ITA-Serie A,2425,81fed71a,2025-01-04,Venezia,Empoli,1.0,1.0
ITA-Serie A,2425,02f898b8,2025-01-05,Lecce,Genoa,0.0,0.0
ITA-Serie A,2425,91f9e319,2025-01-05,Monza,Cagliari,1.0,2.0
ITA-Serie A,2425,5e0b2192,2025-01-05,Roma,Lazio,2.0,0.0
ITA-Serie A,2425,cdeef583,2025-01-05,Torino,Parma,0.0,0.0
ITA-Serie A,2425,f8c231d6,2025-01-10,Lazio,Como,1.0,1.0
ITA-Serie A,2425,fad008cb,2025-01-11,Empoli,Lecce,1.0,3.0
ITA-Serie A,2425,48765cf8,2025-01-11,Milan,Cagliari,1.0,1.0
ITA-Serie A,2425,ccb3439a,2025-01-11,Torino,Juventus,1.0,1.0
ITA-Serie A,2425,69cd8e7c,2025-01-11,Udinese,Atalanta,0.0,0.0
ITA-Serie A,2425,a5eda625,2025-01-12,Bologna,Roma,2.0,2.0
ITA-Serie A,2425,ac1441eb,2025-01-12,Genoa,Parma,1.0,0.0
ITA-Serie A,2425,340f5b84,2025-01-12,Napoli,Hellas Verona,2.0,0.0
ITA-Serie A,2425,358fd054,2025-01-12,Venezia,Inter,0.0,1.0
ITA-Serie A,2425,d27a6eb4,2025-01-13,Monza,Fiorentina,2.0,1.0
ITA-Serie A,2425,167a39df,2025-01-14,Atalanta,Juventus,1.0,1.0
ITA-Serie A,2425,c8bcd0d8,2025-01-14,Como,Milan,1.0,2.0
ITA-Serie A,2425,276006d8,2025-01-15,Inter,Bologna,2.0,2.0
ITA-Serie A,2425,00edb7b5,2025-01-17,Roma,Genoa,3.0,1.0
ITA-Serie A,2425,c60e5b0e,2025-01-18,Atalanta,Napoli,2.0,3.0
ITA-Serie A,2425,9f9010d6,2025-01-18,Bologna,Monza,3.0,1.0
ITA-Serie A,2425,4ba45ccb,2025-01-18,Juventus,Milan,2.0,0.0
ITA-Serie A,2425,25c00123,2025-01-19,Cagliari,Lecce,4.0,1.0
ITA-Serie A,2425,15a113e1,2025-01-19,Fiorentina,Torino,1.0,1.0
ITA-Serie A,2425,a125644d,2025-01-19,Hellas Verona,Lazio,0.0,3.0
ITA-Serie A,2425,94972e08,2025-01-19,Inter,Empoli,3.0,1.0
ITA-Serie A,2425,fa8b77b9,2025-01-19,Parma,Venezia,1.0,1.0
ITA-Serie A,2425,0e2d0788,2025-01-20,Como,Udinese,4.0,1.0
ITA-Serie A,2425,ef7d0127,2025-01-24,Torino,Cagliari,2.0,0.0
ITA-Serie A,2425,b003f7e9,2025-01-25,Como,Atalanta,1.0,2.0
ITA-Serie A,2425,23c955ea,2025-01-25,Empoli,Bologna,1.0,1.0
ITA-Serie A,2425,8e264909,2025-01-25,Napoli,Juventus,2.0,1.0
ITA-Serie A,2425,5f421e14,2025-01-26,Lazio,Fiorentina,1.0,2.0
ITA-Serie A,2425,c93d7be3,2025-01-26,Lecce,Inter,0.0,4.0
ITA-Serie A,2425,212a47ce,2025-01-26,Milan,Parma,3.0,2.0
ITA-Serie A,2425,bab3336a,2025-01-26,Udinese,Roma,1.0,2.0
ITA-Serie A,2425,3cf963e6,2025-01-27,Genoa,Monza,2.0,0.0
ITA-Serie A,2425,172aa746,2025-01-27,Venezia,Hellas Verona,1.0,1.0
ITA-Serie A,2425,be735978,2025-01-31,Parma,Lecce,1.0,3.0
ITA-Serie A,2425,5ce2b496,2025-02-01,Atalanta,Torino,1.0,1.0
ITA-Serie A,2425,313b466d,2025-02-01,Bologna,Como,2.0,0.0
ITA-Serie A,2425,95dc31fb,2025-02-01,Monza,Hellas Verona,0.0,1.0
ITA-Serie A,2425,55a39dc2,2025-02-01,Udinese,Venezia,3.0,2.0
ITA-Serie A,2425,d04f2be7,2025-02-02,Fiorentina,Genoa,2.0,1.0
ITA-Serie A,2425,448d4707,2025-02-02,Juventus,Empoli,4.0,1.0
ITA-Serie A,2425,c14ebb74,2025-02-02,Milan,Inter,1.0,1.0
ITA-Serie A,2425,bc8eb4c8,2025-02-02,Roma,Napoli,1.0,1.0
ITA-Serie A,2425,4b57b989,2025-02-03,Cagliari,Lazio,1.0,2.0
ITA-Serie A,2425,f7e35659,2025-02-06,Fiorentina,Inter,3.0,0.0
ITA-Serie A,2425,3278f598,2025-02-07,Como,Juventus,1.0,2.0
ITA-Serie A,2425,3af8a61d,2025-02-08,Empoli,Milan,0.0,2.0
ITA-Serie A,2425,d1303859,2025-02-08,Hellas Verona,Atalanta,0.0,5.0
ITA-Serie A,2425,094512d6,2025-02-08,Torino,Genoa,1.0,1.0
ITA-Serie A,2425,23f6ed48,2025-02-09,Cagliari,Parma,2.0,1.0
ITA-Serie A,2425,a8e48bad,2025-02-09,Lazio,Monza,5.0,1.0
ITA-Serie A,2425,2b41c316,2025-02-09,Lecce,Bologna,0.0,0.0
ITA-Serie A,2425,2d512f04,2025-02-09,Napoli,Udinese,1.0,1.0
ITA-Serie A,2425,99a32fd5,2025-02-09,Venezia,Roma,0.0,1.0
ITA-Serie A,2425,ccfbf3d4,2025-02-10,Inter,Fiorentina,2.0,1.0
ITA-Serie A,2425,a88cd10b,2025-02-14,Bologna,Torino,3.0,2.0
ITA-Serie A,2425,aad0599d,2025-02-15,Atalanta,Cagliari,0.0,0.0
ITA-Serie A,2425,95099d4b,2025-02-15,Lazio,Napoli,2.0,2.0
ITA-Serie A,2425,70955f6e,2025-02-15,Milan,Hellas Verona,1.0,0.0
ITA-Serie A,2425,02aa80e2,2025-02-16,Fiorentina,Como,0.0,2.0
ITA-Serie A,2425,1937abc6,2025-02-16,Juventus,Inter,1.0,0.0
ITA-Serie A,2425,eccedcc2,2025-02-16,Monza,Lecce,0.0,0.0
ITA-Serie A,2425,375b1b94,2025-02-16,Parma,Roma,0.0,1.0
ITA-Serie A,2425,1fbf8daa,2025-02-16,Udinese,Empoli,3.0,0.0
ITA-Serie A,2425,696a318f,2025-02-17,Genoa,Venezia,2.0,0.0
ITA-Serie A,2425,9ec509fe,2025-02-21,Lecce,Udinese,0.0,1.0
ITA-Serie A,2425,d32f9068,2025-02-22,Inter,Genoa,1.0,0.0
ITA-Serie A,2425,ebb1f74f,2025-02-22,Parma,Bologna,2.0,0.0
ITA-Serie A,2425,e6575a92,2025-02-22,Torino,Milan,2.0,1.0
ITA-Serie A,2425,48f3bc32,2025-02-22,Venezia,Lazio,0.0,0.0
ITA-Serie A,2425,e87e1d99,2025-02-23,Cagliari,Juventus,0.0,1.0
ITA-Serie A,2425,f232cc45,2025-02-23,Como,Napoli,2.0,1.0
ITA-Serie A,2425,89964eba,2025-02-23,Empoli,Atalanta,0.0,5.0
ITA-Serie A,2425,e156f514,2025-02-23,Hellas Verona,Fiorentina,1.0,0.0
ITA-Serie A,2425,e00a9736,2025-02-24,Roma,Monza,4.0,0.0
ITA-Serie A,2425,5f718bc4,2025-02-27,Bologna,Milan,2.0,1.0
ITA-Serie A,2425,d99d1615,2025-02-28,Fiorentina,Lecce,1.0,0.0
ITA-Serie A,2425,af143178,2025-03-01,Atalanta,Venezia,0.0,0.0
ITA-Serie A,2425,74de313e,2025-03-01,Napoli,Inter,1.0,1.0
ITA-Serie A,2425,55b0643e,2025-03-01,Udinese,Parma,1.0,0.0
ITA-Serie A,2425,ece34ddb,2025-03-02,Bologna,Cagliari,2.0,1.0
ITA-Serie A,2425,a38d0698,2025-03-02,Genoa,Empoli,1.0,1.0
ITA-Serie A,2425,8ea3005d,2025-03-02,Milan,Lazio,1.0,2.0
ITA-Serie A,2425,ff368ffa,2025-03-02,Monza,Torino,0.0,2.0
ITA-Serie A,2425,a7745557,2025-03-02,Roma,Como,2.0,1.0
ITA-Serie A,2425,3974ef83,2025-03-03,Juventus,Hellas Verona,2.0,0.0
ITA-Serie A,2425,f3d49f01,2025-03-07,Cagliari,Genoa,1.0,1.0
ITA-Serie A,2425,80e5cecf,2025-03-08,Como,Venezia,1.0,1.0
ITA-Serie A,2425,86ce720b,2025-03-08,Inter,Monza,3.0,2.0
ITA-Serie A,2425,001d3a5d,2025-03-08,Lecce,Milan,2.0,3.0
ITA-Serie A,2425,6074c57f,2025-03-08,Parma,Torino,2.0,2.0
ITA-Serie A,2425,ce1efae1,2025-03-09,Empoli,Roma,0.0,1.0
ITA-Serie A,2425,396148a3,2025-03-09,Hellas Verona,Bologna,1.0,2.0
ITA-Serie A,2425,ecdc4b8d,2025-03-09,Juventus,Atalanta,0.0,4.0
ITA-Serie A,2425,33dc159c,2025-03-09,Napoli,Fiorentina,2.0,1.0
ITA-Serie A,2425,f9658b87,2025-03-10,Lazio,Udinese,1.0,1.0
ITA-Serie A,2425,65b3e4b2,2025-03-14,Genoa,Lecce,2.0,1.0
ITA-Serie A,2425,a7ffc114,2025-03-15,Milan,Como,2.0,1.0
ITA-Serie A,2425,a90db6a7,2025-03-15,Monza,Parma,1.0,1.0
ITA-Serie A,2425,f021f721,2025-03-15,Torino,Empoli,1.0,0.0
ITA-Serie A,2425,30070e2c,2025-03-15,Udinese,Hellas Verona,0.0,1.0
ITA-Serie A,2425,0247cede,2025-03-16,Atalanta,Inter,0.0,2.0
ITA-Serie A,2425,6ea9a6f4,2025-03-16,Bologna,Lazio,5.0,0.0
ITA-Serie A,2425,8c211ded,2025-03-16,Fiorentina,Juventus,3.0,0.0
ITA-Serie A,2425,4fb25784,2025-03-16,Roma,Cagliari,1.0,0.0
ITA-Serie A,2425,bebdb801,2025-03-16,Venezia,Napoli,0.0,0.0
ITA-Serie A,2425,dc730fc2,2025-03-29,Como,Empoli,1.0,1.0
ITA-Serie A,2425,b11ec446,2025-03-29,Juventus,Genoa,1.0,0.0
ITA-Serie A,2425,f29c7427,2025-03-29,Lecce,Roma,0.0,1.0
ITA-Serie A,2425,3c6a91ff,2025-03-29,Venezia,Bologna,0.0,1.0
ITA-Serie A,2425,b5cbd016,2025-03-30,Cagliari,Monza,3.0,0.0
ITA-Serie A,2425,3a802457,2025-03-30,Fiorentina,Atalanta,1.0,0.0
ITA-Serie A,2425,29412934,2025-03-30,Inter,Udinese,2.0,1.0
ITA-Serie A,2425,f211a752,2025-03-30,Napoli,Milan,2.0,1.0
ITA-Serie A,2425,a7028401,2025-03-31,Hellas Verona,Parma,0.0,0.0
ITA-Serie A,2425,26731b01,2025-03-31,Lazio,Torino,1.0,1.0
ITA-Serie A,2425,839ac664,2025-04-04,Genoa,Udinese,1.0,0.0
ITA-Serie A,2425,686be623,2025-04-05,Milan,Fiorentina,2.0,2.0
ITA-Serie A,2425,e970c3a4,2025-04-05,Monza,Como,1.0,3.0
ITA-Serie A,2425,c0287d8d,2025-04-05,Parma,Inter,2.0,2.0
ITA-Serie A,2425,617486d8,2025-04-06,Atalanta,Lazio,0.0,1.0
ITA-Serie A,2425,2db8cc44,2025-04-06,Empoli,Cagliari,0.0,0.0
ITA-Serie A,2425,4c323af9,2025-04-06,Lecce,Venezia,1.0,1.0
ITA-Serie A,2425,97fb2367,2025-04-06,Roma,Juventus,1.0,1.0
ITA-Serie A,2425,d0dd0be5,2025-04-06,Torino,Hellas Verona,1.0,1.0
ITA-Serie A,2425,d8fb6510,2025-04-07,Bologna,Napoli,1.0,1.0
ITA-Serie A,2425,08727bbe,2025-04-11,Udinese,Milan,0.0,4.0
ITA-Serie A,2425,ef4a7f22,2025-04-12,Inter,Cagliari,3.0,1.0
ITA-Serie A,2425,8984b658,2025-04-12,Juventus,Lecce,2.0,1.0
ITA-Serie A,2425,48567cfa,2025-04-12,Venezia,Monza,1.0,0.0
ITA-Serie A,2425,fc3de8a2,2025-04-13,Atalanta,Bologna,2.0,0.0
ITA-Serie A,2425,508b84c8,2025-04-13,Como,Torino,1.0,0.0
ITA-Serie A,2425,790548b5,2025-04-13,Fiorentina,Parma,0.0,0.0
ITA-Serie A,2425,35af7e08,2025-04-13,Hellas Verona,Genoa,0.0,0.0
ITA-Serie A,2425,7ce59536,2025-04-13,Lazio,Roma,1.0,1.0
ITA-Serie A,2425,25fd6dcc,2025-04-14,Napoli,Empoli,3.0,0.0
ITA-Serie A,2425,51659765,2025-04-19,Lecce,Como,0.0,3.0
ITA-Serie A,2425,43293eff,2025-04-19,Monza,Napoli,0.0,1.0
ITA-Serie A,2425,bfe41ff3,2025-04-19,Roma,Hellas Verona,1.0,0.0
ITA-Serie A,2425,c84d74dd,2025-04-20,Bologna,Inter,1.0,0.0
ITA-Serie A,2425,a32623e7,2025-04-20,Empoli,Venezia,2.0,2.0
ITA-Serie A,2425,c810b524,2025-04-20,Milan,Atalanta,0.0,1.0
ITA-Serie A,2425,2ab6a96f,2025-04-23,Cagliari,Fiorentina,1.0,2.0
ITA-Serie A,2425,40628936,2025-04-23,Genoa,Lazio,0.0,2.0
ITA-Serie A,2425,2dc01d9d,2025-04-23,Parma,Juventus,1.0,0.0
ITA-Serie A,2425,9a00f207,2025-04-23,Torino,Udinese,2.0,0.0
ITA-Serie A,2425,f8863600,2025-04-27,Atalanta,Lecce,1.0,1.0
ITA-Serie A,2425,65b86f16,2025-04-27,Como,Genoa,1.0,0.0
ITA-Serie A,2425,a2af722c,2025-04-27,Fiorentina,Empoli,2.0,1.0
ITA-Serie A,2425,bd8b0528,2025-04-27,Inter,Roma,0.0,1.0
ITA-Serie A,2425,a12f6bbe,2025-04-27,Juventus,Monza,2.0,0.0
ITA-Serie A,2425,b0a980eb,2025-04-27,Napoli,Torino,2.0,0.0
ITA-Serie A,2425,b5347b9e,2025-04-27,Venezia,Milan,0.0,2.0
ITA-Serie A,2425,74ff68ec,2025-04-28,Hellas Verona,Cagliari,0.0,2.0
ITA-Serie A,2425,e492b3dc,2025-04-28,Lazio,Parma,2.0,2.0
ITA-Serie A,2425,fae1422d,2025-04-28,Udinese,Bologna,0.0,0.0
ITA-Serie A,2425,f57140cf,2025-05-02,Torino,Venezia,1.0,1.0
ITA-Serie A,2425,374d14e7,2025-05-03,Cagliari,Udinese,1.0,2.0
ITA-Serie A,2425,e3647411,2025-05-03,Inter,Hellas Verona,1.0,0.0
ITA-Serie A,2425,95959c4f,2025-05-03,Lecce,Napoli,0.0,1.0
ITA-Serie A,2425,2530eda5,2025-05-03,Parma,Como,0.0,1.0
ITA-Serie A,2425,27fb223d,2025-05-04,Bologna,Juventus,1.0,1.0
ITA-Serie A,2425,90d9dd2e,2025-05-04,Empoli,Lazio,0.0,1.0
ITA-Serie A,2425,baef8a4c,2025-05-04,Monza,Atalanta,0.0,4.0
ITA-Serie A,2425,07a1cabc,2025-05-04,Roma,Fiorentina,1.0,0.0
ITA-Serie A,2425,0fcd692b,2025-05-05,Genoa,Milan,1.0,2.0
ITA-Serie A,2425,eaef3f45,2025-05-09,Milan,Bologna,3.0,1.0
ITA-Serie A,2425,6495e7f4,2025-05-10,Como,Cagliari,3.0,1.0
ITA-Serie A,2425,c14e9e23,2025-05-10,Empoli,Parma,2.0,1.0
ITA-Serie A,2425,6549caed,2025-05-10,Lazio,Juventus,1.0,1.0
ITA-Serie A,2425,a1325187,2025-05-11,Hellas Verona,Lecce,1.0,1.0
ITA-Serie A,2425,ac2b39d3,2025-05-11,Napoli,Genoa,2.0,2.0
ITA-Serie A,2425,48220756,2025-05-11,Torino,Inter,0.0,2.0
ITA-Serie A,2425,17fc8f69,2025-05-11,Udinese,Monza,1.0,2.0
ITA-Serie A,2425,89fed893,2025-05-12,Atalanta,Roma,2.0,1.0
ITA-Serie A,2425,ce81908e,2025-05-12,Venezia,Fiorentina,2.0,1.0
ITA-Serie A,2425,ff6b72ea,2025-05-17,Genoa,Atalanta,2.0,3.0
ITA-Serie A,2425,c9e65a18,2025-05-18,Cagliari,Venezia,3.0,0.0
ITA-Serie A,2425,dfdf1b4a,2025-05-18,Fiorentina,Bologna,3.0,2.0
ITA-Serie A,2425,1a9a2b31,2025-05-18,Hellas Verona,Como,1.0,1.0
ITA-Serie A,2425,17533f2c,2025-05-18,Inter,Lazio,2.0,2.0
ITA-Serie A,2425,a358a6ca,2025-05-18,Juventus,Udinese,2.0,0.0
ITA-Serie A,2425,5bc1c77a,2025-05-18,Lecce,Torino,1.0,0.0
ITA-Serie A,2425,4ffa8178,2025-05-18,Monza,Empoli,1.0,3.0
ITA-Serie A,2425,5c73f7db,2025-05-18,Parma,Napoli,0.0,0.0
ITA-Serie A,2425,e8a82fc6,2025-05-18,Roma,Milan,3.0,1.0
ITA-Serie A,2425,50b87e8b,2025-05-23,Como,Inter,0.0,2.0
ITA-Serie A,2425,4d5ce659,2025-05-23,Napoli,Cagliari,2.0,0.0
ITA-Serie A,2425,97392c7a,2025-05-24,Bologna,Genoa,1.0,3.0
ITA-Serie A,2425,44028e06,2025-05-24,Milan,Monza,2.0,0.0
ITA-Serie A,2425,75ae7628,2025-05-25,Atalanta,Parma,2.0,3.0
ITA-Serie A,2425,dd961a5a,2025-05-25,Empoli,Hellas Verona,1.0,2.0
ITA-Serie A,2425,233f0d37,2025-05-25,Lazio,Lecce,0.0,1.0
ITA-Serie A,2425,ec6788d3,2025-05-25,Torino,Roma,0.0,2.0
ITA-Serie A,2425,70731611,2025-05-25,Udinese,Fiorentina,2.0,3.0
ITA-Serie A,2425,2473b3f0,2025-05-25,Venezia,Juventus,2.0,3.0
ITA-Serie A,2526,87b7c76e,2025-08-23,Genoa,Lecce,0.0,0.0
ITA-Serie A,2526,f12e0a33,2025-08-23,Milan,Cremonese,1.0,2.0
ITA-Serie A,2526,1d23e909,2025-08-23,Roma,Bologna,1.0,0.0
ITA-Serie A,2526,07e76b58,2025-08-23,Sassuolo,Napoli,0.0,2.0
ITA-Serie A,2526,3f9d236d,2025-08-24,Atalanta,Pisa,1.0,1.0
ITA-Serie A,2526,87bdf9a2,2025-08-24,Cagliari,Fiorentina,1.0,1.0
ITA-Serie A,2526,7d1f5f92,2025-08-24,Como,Lazio,2.0,0.0
ITA-Serie A,2526,c81450f5,2025-08-24,Juventus,Parma,2.0,0.0
ITA-Serie A,2526,e31fc71f,2025-08-25,Inter,Torino,5.0,0.0
ITA-Serie A,2526,daabb1e7,2025-08-25,Udinese,Hellas Verona,1.0,1.0
ITA-Serie A,2526,a1a06adb,2025-08-29,Cremonese,Sassuolo,3.0,2.0
ITA-Serie A,2526,52bcfb92,2025-08-29,Lecce,Milan,0.0,2.0
ITA-Serie A,2526,3915059e,2025-08-30,Bologna,Como,1.0,0.0
ITA-Serie A,2526,3b406c14,2025-08-30,Napoli,Cagliari,1.0,0.0
ITA-Serie A,2526,f480af1b,2025-08-30,Parma,Atalanta,1.0,1.0
ITA-Serie A,2526,320ed988,2025-08-30,Pisa,Roma,0.0,1.0
ITA-Serie A,2526,c32d8523,2025-08-31,Genoa,Juventus,0.0,1.0
ITA-Serie A,2526,b75698d3,2025-08-31,Inter,Udinese,1.0,2.0
ITA-Serie A,2526,69e1ae6c,2025-08-31,Lazio,Hellas Verona,4.0,0.0
ITA-Serie A,2526,783774f4,2025-08-31,Torino,Fiorentina,0.0,0.0
ITA-Serie A,2526,5fc86d3a,2025-09-13,Cagliari,Parma,2.0,0.0
ITA-Serie A,2526,4ce66016,2025-09-13,Fiorentina,Napoli,1.0,3.0
ITA-Serie A,2526,078df490,2025-09-13,Juventus,Inter,4.0,3.0
ITA-Serie A,2526,503f0f68,2025-09-14,Atalanta,Lecce,4.0,1.0
ITA-Serie A,2526,cc788bff,2025-09-14,Milan,Bologna,1.0,0.0
ITA-Serie A,2526,1446d418,2025-09-14,Pisa,Udinese,0.0,1.0
ITA-Serie A,2526,c55daa56,2025-09-14,Roma,Torino,0.0,1.0
ITA-Serie A,2526,0eaeb316,2025-09-14,Sassuolo,Lazio,1.0,0.0
ITA-Serie A,2526,a483a5a9,2025-09-15,Como,Genoa,1.0,1.0
ITA-Serie A,2526,af69bfa1,2025-09-15,Hellas Verona,Cremonese,0.0,0.0
ITA-Serie A,2526,30bdd9a6,2025-09-19,Lecce,Cagliari,1.0,2.0
ITA-Serie A,2526,2db7ade4,2025-09-20,Bologna,Genoa,2.0,1.0
ITA-Serie A,2526,7ffb9c39,2025-09-20,Hellas Verona,Juventus,1.0,1.0
ITA-Serie A,2526,b0146cfe,2025-09-20,Udinese,Milan,0.0,3.0
ITA-Serie A,2526,c8173faf,2025-09-21,Cremonese,Parma,0.0,0.0
ITA-Serie A,2526,f504548c,2025-09-21,Fiorentina,Como,1.0,2.0
ITA-Serie A,2526,a11e9855,2025-09-21,Inter,Sassuolo,2.0,1.0
ITA-Serie A,2526,9bb3234c,2025-09-21,Lazio,Roma,0.0,1.0
ITA-Serie A,2526,033d3773,2025-09-21,Torino,Atalanta,0.0,3.0
ITA-Serie A,2526,9c366f0d,2025-09-22,Napoli,Pisa,3.0,2.0
ITA-Serie A,2526,45413eb5,2025-09-27,Cagliari,Inter,0.0,2.0
ITA-Serie A,2526,53d0ff6b,2025-09-27,Como,Cremonese,1.0,1.0
ITA-Serie A,2526,b08d79e5,2025-09-27,Juventus,Atalanta,1.0,1.0
ITA-Serie A,2526,6a9877df,2025-09-28,Lecce,Bologna,2.0,2.0
ITA-Serie A,2526,57465d62,2025-09-28,Milan,Napoli,2.0,1.0
ITA-Serie A,2526,cbdbd24f,2025-09-28,Pisa,Fiorentina,0.0,0.0
ITA-Serie A,2526,078aaaeb,2025-09-28,Roma,Hellas Verona,2.0,0.0
ITA-Serie A,2526,67e999eb,2025-09-28,Sassuolo,Udinese,3.0,1.0
ITA-Serie A,2526,5d6a80f9,2025-09-29,Genoa,Lazio,0.0,3.0
ITA-Serie A,2526,0e5a5b81,2025-09-29,Parma,Torino,2.0,1.0
ITA-Serie A,2526,60eda0bf,2025-10-03,Hellas Verona,Sassuolo,0.0,1.0
ITA-Serie A,2526,92c1aa5d,2025-10-04,Atalanta,Como,1.0,1.0
ITA-Serie A,2526,ccebb38d,2025-10-04,Inter,Cremonese,4.0,1.0
ITA-Serie A,2526,05baf688,2025-10-04,Lazio,Torino,3.0,3.0
ITA-Serie A,2526,e57e2e5d,2025-10-04,Parma,Lecce,0.0,1.0
ITA-Serie A,2526,314efeda,2025-10-05,Bologna,Pisa,4.0,0.0
ITA-Serie A,2526,a6a044a7,2025-10-05,Fiorentina,Roma,1.0,2.0
ITA-Serie A,2526,e730a21b,2025-10-05,Juventus,Milan,0.0,0.0
ITA-Serie A,2526,ed7a3a22,2025-10-05,Napoli,Genoa,2.0,1.0
ITA-Serie A,2526,7a86db95,2025-10-05,Udinese,Cagliari,1.0,1.0
ITA-Serie A,2526,181b13ba,2025-10-18,Lecce,Sassuolo,0.0,0.0
ITA-Serie A,2526,2a702242,2025-10-18,Pisa,Hellas Verona,0.0,0.0
ITA-Serie A,2526,4c6f281b,2025-10-18,Roma,Inter,0.0,1.0
ITA-Serie A,2526,a4f462bf,2025-10-18,Torino,Napoli,1.0,0.0
ITA-Serie A,2526,91028675,2025-10-19,Atalanta,Lazio,0.0,0.0
ITA-Serie A,2526,fc8bf90c,2025-10-19,Cagliari,Bologna,0.0,2.0
ITA-Serie A,2526,0a3078e3,2025-10-19,Como,Juventus,2.0,0.0
ITA-Serie A,2526,c2eeb537,2025-10-19,Genoa,Parma,0.0,0.0
ITA-Serie A,2526,8f89d740,2025-10-19,Milan,Fiorentina,2.0,1.0
ITA-Serie A,2526,28d35f76,2025-10-20,Cremonese,Udinese,1.0,1.0
ITA-Serie A,2526,2c3918d3,2025-10-24,Milan,Pisa,2.0,2.0
ITA-Serie A,2526,fdcf0c36,2025-10-25,Cremonese,Atalanta,1.0,1.0
ITA-Serie A,2526,1e975b6e,2025-10-25,Napoli,Inter,3.0,1.0
ITA-Serie A,2526,b4f4cda0,2025-10-25,Parma,Como,0.0,0.0
ITA-Serie A,2526,74672e61,2025-10-25,Udinese,Lecce,3.0,2.0
ITA-Serie A,2526,f56ae8ca,2025-10-26,Fiorentina,Bologna,2.0,2.0
ITA-Serie A,2526,117df459,2025-10-26,Hellas Verona,Cagliari,2.0,2.0
ITA-Serie A,2526,e2c30d84,2025-10-26,Lazio,Juventus,1.0,0.0
ITA-Serie A,2526,c22f5ded,2025-10-26,Sassuolo,Roma,0.0,1.0
ITA-Serie A,2526,17b6db46,2025-10-26,Torino,Genoa,2.0,1.0
ITA-Serie A,2526,2018e1c7,2025-10-28,Atalanta,Milan,1.0,1.0
ITA-Serie A,2526,03883326,2025-10-28,Lecce,Napoli,0.0,1.0
ITA-Serie A,2526,549ef1c4,2025-10-29,Bologna,Torino,0.0,0.0
ITA-Serie A,2526,e5fb2641,2025-10-29,Como,Hellas Verona,3.0,1.0
ITA-Serie A,2526,c68595cb,2025-10-29,Genoa,Cremonese,0.0,2.0
ITA-Serie A,2526,a087caa6,2025-10-29,Inter,Fiorentina,3.0,0.0
ITA-Serie A,2526,97aaca72,2025-10-29,Juventus,Udinese,3.0,1.0
ITA-Serie A,2526,1fec4552,2025-10-29,Roma,Parma,2.0,1.0
ITA-Serie A,2526,6977986d,2025-10-30,Cagliari,Sassuolo,1.0,2.0
ITA-Serie A,2526,a30341fc,2025-10-30,Pisa,Lazio,0.0,0.0
ITA-Serie A,2526,4c499de2,2025-11-01,Cremonese,Juventus,1.0,2.0
ITA-Serie A,2526,fc09dacb,2025-11-01,Napoli,Como,0.0,0.0
ITA-Serie A,2526,a0927a27,2025-11-01,Udinese,Atalanta,1.0,0.0
ITA-Serie A,2526,5d7865bc,2025-11-02,Fiorentina,Lecce,0.0,1.0
ITA-Serie A,2526,66df4003,2025-11-02,Hellas Verona,Inter,1.0,2.0
ITA-Serie A,2526,3e236205,2025-11-02,Milan,Roma,1.0,0.0
ITA-Serie A,2526,fb0da82e,2025-11-02,Parma,Bologna,1.0,3.0
ITA-Serie A,2526,237e2dfe,2025-11-02,Torino,Pisa,2.0,2.0
ITA-Serie A,2526,cb48c188,2025-11-03,Lazio,Cagliari,2.0,0.0
ITA-Serie A,2526,7bc7b76b,2025-11-03,Sassuolo,Genoa,1.0,2.0
ITA-Serie A,2526,8b8c12ba,2025-11-07,Pisa,Cremonese,1.0,0.0
ITA-Serie A,2526,78d4af3f,2025-11-08,Como,Cagliari,0.0,0.0
ITA-Serie A,2526,0d208329,2025-11-08,Juventus,Torino,0.0,0.0
ITA-Serie A,2526,39665a43,2025-11-08,Lecce,Hellas Verona,0.0,0.0
ITA-Serie A,2526,50c9822c,2025-11-08,Parma,Milan,2.0,2.0
ITA-Serie A,2526,54b07109,2025-11-09,Atalanta,Sassuolo,0.0,3.0
ITA-Serie A,2526,a127befd,2025-11-09,Bologna,Napoli,2.0,0.0
ITA-Serie A,2526,287df745,2025-11-09,Genoa,Fiorentina,2.0,2.0
ITA-Serie A,2526,fe4ac3bc,2025-11-09,Inter,Lazio,2.0,0.0
ITA-Serie A,2526,4c0b25fe,2025-11-09,Roma,Udinese,2.0,0.0
ITA-Serie A,2526,3f5f7b00,2025-11-22,Cagliari,Genoa,3.0,3.0
ITA-Serie A,2526,13b835d6,2025-11-22,Fiorentina,Juventus,1.0,1.0
ITA-Serie A,2526,665fced2,2025-11-22,Napoli,Atalanta,3.0,1.0
ITA-Serie A,2526,d5f11afb,2025-11-22,Udinese,Bologna,0.0,3.0
ITA-Serie A,2526,3b3c9609,2025-11-23,Cremonese,Roma,1.0,3.0
ITA-Serie A,2526,52e9d094,2025-11-23,Hellas Verona,Parma,1.0,2.0
ITA-Serie A,2526,feebb815,2025-11-23,Inter,Milan,0.0,1.0
ITA-Serie A,2526,00b49fb9,2025-11-23,Lazio,Lecce,2.0,0.0
ITA-Serie A,2526,38051b0b,2025-11-24,Sassuolo,Pisa,2.0,2.0
ITA-Serie A,2526,2feb34d6,2025-11-24,Torino,Como,1.0,5.0
ITA-Serie A,2526,d845e989,2025-11-28,Como,Sassuolo,2.0,0.0
ITA-Serie A,2526,81cc9094,2025-11-29,Genoa,Hellas Verona,2.0,1.0
ITA-Serie A,2526,daa085f7,2025-11-29,Juventus,Cagliari,2.0,1.0
ITA-Serie A,2526,b5584701,2025-11-29,Milan,Lazio,1.0,0.0
ITA-Serie A,2526,ed9302ea,2025-11-29,Parma,Udinese,0.0,2.0
ITA-Serie A,2526,b14af55c,2025-11-30,Atalanta,Fiorentina,2.0,0.0
ITA-Serie A,2526,a711b721,2025-11-30,Lecce,Torino,2.0,1.0
ITA-Serie A,2526,5b99cf03,2025-11-30,Pisa,Inter,0.0,2.0
ITA-Serie A,2526,1e841830,2025-11-30,Roma,Napoli,0.0,1.0
ITA-Serie A,2526,d9f75c93,2025-12-01,Bologna,Cremonese,1.0,3.0
ITA-Serie A,2526,486a1a8a,2025-12-06,Hellas Verona,Atalanta,3.0,1.0
ITA-Serie A,2526,aa9864d3,2025-12-06,Inter,Como,4.0,0.0
ITA-Serie A,2526,b126a8b1,2025-12-06,Sassuolo,Fiorentina,3.0,1.0
ITA-Serie A,2526,5209fca8,2025-12-07,Cagliari,Roma,1.0,0.0
ITA-Serie A,2526,7b3d302a,2025-12-07,Cremonese,Lecce,2.0,0.0
ITA-Serie A,2526,8e938dfe,2025-12-07,Lazio,Bologna,1.0,1.0
ITA-Serie A,2526,e5906c49,2025-12-07,Napoli,Juventus,2.0,1.0
ITA-Serie A,2526,ffebf6ec,2025-12-08,Pisa,Parma,0.0,1.0
ITA-Serie A,2526,19a6d3a8,2025-12-08,Torino,Milan,2.0,3.0
ITA-Serie A,2526,cbafce68,2025-12-08,Udinese,Genoa,1.0,2.0
ITA-Serie A,2526,60dd47e4,2025-12-12,Lecce,Pisa,1.0,0.0
ITA-Serie A,2526,fb3babda,2025-12-13,Atalanta,Cagliari,2.0,1.0
ITA-Serie A,2526,c4dc0911,2025-12-13,Parma,Lazio,0.0,1.0
ITA-Serie A,2526,3f06169e,2025-12-13,Torino,Cremonese,1.0,0.0
ITA-Serie A,2526,f29b66d2,2025-12-14,Bologna,Juventus,0.0,1.0
ITA-Serie A,2526,22608109,2025-12-14,Fiorentina,Hellas Verona,1.0,2.0
ITA-Serie A,2526,9fdee884,2025-12-14,Genoa,Inter,1.0,2.0
ITA-Serie A,2526,9b8afc0b,2025-12-14,Milan,Sassuolo,2.0,2.0
ITA-Serie A,2526,12842820,2025-12-14,Udinese,Napoli,1.0,0.0
ITA-Serie A,2526,c58e9e49,2025-12-15,Roma,Como,1.0,0.0
ITA-Serie A,2526,a155f4a0,2025-12-20,Juventus,Roma,2.0,1.0
ITA-Serie A,2526,92579125,2025-12-20,Lazio,Cremonese,0.0,0.0
ITA-Serie A,2526,f8280932,2025-12-21,Cagliari,Pisa,2.0,2.0
ITA-Serie A,2526,821321ff,2025-12-21,Fiorentina,Udinese,5.0,1.0
ITA-Serie A,2526,d4e9b5a6,2025-12-21,Genoa,Atalanta,0.0,1.0
ITA-Serie A,2526,3f14a798,2025-12-21,Sassuolo,Torino,0.0,1.0
ITA-Serie A,2526,bc7c2198,2025-12-27,Lecce,Como,0.0,3.0
ITA-Serie A,2526,b6ae96f2,2025-12-27,Parma,Fiorentina,1.0,0.0
ITA-Serie A,2526,606743fc,2025-12-27,Pisa,Juventus,0.0,2.0
ITA-Serie A,2526,23f8156a,2025-12-27,Torino,Cagliari,1.0,2.0
ITA-Serie A,2526,02faa96e,2025-12-27,Udinese,Lazio,1.0,1.0
ITA-Serie A,2526,8e0a5911,2025-12-28,Atalanta,Inter,0.0,1.0
ITA-Serie A,2526,6603c875,2025-12-28,Bologna,Sassuolo,1.0,1.0
ITA-Serie A,2526,411b9095,2025-12-28,Cremonese,Napoli,0.0,2.0
ITA-Serie A,2526,edd9c430,2025-12-28,Milan,Hellas Verona,3.0,0.0
ITA-Serie A,2526,20344285,2025-12-29,Roma,Genoa,3.0,1.0
ITA-Serie A,2526,f8c42ab5,2026-01-02,Cagliari,Milan,0.0,1.0
ITA-Serie A,2526,ab7ab727,2026-01-03,Atalanta,Roma,1.0,0.0
ITA-Serie A,2526,70757bff,2026-01-03,Como,Udinese,1.0,0.0
ITA-Serie A,2526,ec3e7a81,2026-01-03,Genoa,Pisa,1.0,1.0
ITA-Serie A,2526,c4cbed32,2026-01-03,Juventus,Lecce,1.0,1.0
ITA-Serie A,2526,2fff1551,2026-01-03,Sassuolo,Parma,1.0,1.0
ITA-Serie A,2526,fcf09893,2026-01-04,Fiorentina,Cremonese,1.0,0.0
ITA-Serie A,2526,45827894,2026-01-04,Hellas Verona,Torino,0.0,3.0
ITA-Serie A,2526,89949bf9,2026-01-04,Inter,Bologna,3.0,1.0
ITA-Serie A,2526,8a3786f2,2026-01-04,Lazio,Napoli,0.0,2.0
ITA-Serie A,2526,53811002,2026-01-06,Lecce,Roma,0.0,2.0
ITA-Serie A,2526,922a7b83,2026-01-06,Pisa,Como,0.0,3.0
ITA-Serie A,2526,d645a9c4,2026-01-06,Sassuolo,Juventus,0.0,3.0
ITA-Serie A,2526,9d80a6fc,2026-01-07,Bologna,Atalanta,0.0,2.0
ITA-Serie A,2526,2446ec9d,2026-01-07,Lazio,Fiorentina,2.0,2.0
ITA-Serie A,2526,b6326fe2,2026-01-07,Napoli,Hellas Verona,2.0,2.0
ITA-Serie A,2526,f5373154,2026-01-07,Parma,Inter,0.0,2.0
ITA-Serie A,2526,971acbc1,2026-01-07,Torino,Udinese,1.0,2.0
ITA-Serie A,2526,e7b40659,2026-01-08,Cremonese,Cagliari,2.0,2.0
ITA-Serie A,2526,b0ad0c23,2026-01-08,Milan,Genoa,1.0,1.0
ITA-Serie A,2526,5079c5aa,2026-01-10,Atalanta,Torino,2.0,0.0
ITA-Serie A,2526,2154bb99,2026-01-10,Como,Bologna,1.0,1.0
ITA-Serie A,2526,dfb52fac,2026-01-10,Roma,Sassuolo,2.0,0.0
ITA-Serie A,2526,5a20ef9b,2026-01-10,Udinese,Pisa,2.0,2.0
ITA-Serie A,2526,d0e8c67f,2026-01-11,Fiorentina,Milan,1.0,1.0
ITA-Serie A,2526,3c16e874,2026-01-11,Hellas Verona,Lazio,0.0,1.0
ITA-Serie A,2526,0078428e,2026-01-11,Inter,Napoli,2.0,2.0
ITA-Serie A,2526,26f6e467,2026-01-11,Lecce,Parma,1.0,2.0
ITA-Serie A,2526,649f36e6,2026-01-12,Genoa,Cagliari,3.0,0.0
ITA-Serie A,2526,5c018808,2026-01-12,Juventus,Cremonese,5.0,0.0
ITA-Serie A,2526,9729cc67,2026-01-14,Inter,Lecce,1.0,0.0
ITA-Serie A,2526,7b387043,2026-01-14,Napoli,Parma,0.0,0.0
ITA-Serie A,2526,e3bc8464,2026-01-15,Como,Milan,1.0,3.0
ITA-Serie A,2526,a1cf3859,2026-01-15,Hellas Verona,Bologna,2.0,3.0
ITA-Serie A,2526,4ab9c719,2026-01-16,Pisa,Atalanta,1.0,1.0
ITA-Serie A,2526,61c3c38f,2026-01-17,Cagliari,Juventus,1.0,0.0
ITA-Serie A,2526,126fbd5b,2026-01-17,Napoli,Sassuolo,1.0,0.0
ITA-Serie A,2526,1b539728,2026-01-17,Udinese,Inter,0.0,1.0
ITA-Serie A,2526,26832024,2026-01-18,Bologna,Fiorentina,1.0,2.0
ITA-Serie A,2526,5798d2c3,2026-01-18,Milan,Lecce,1.0,0.0
ITA-Serie A,2526,1748ba9d,2026-01-18,Parma,Genoa,0.0,0.0
ITA-Serie A,2526,ff1d6ee5,2026-01-18,Torino,Roma,0.0,2.0
ITA-Serie A,2526,1ff51148,2026-01-19,Cremonese,Hellas Verona,0.0,0.0
ITA-Serie A,2526,d3d3efd1,2026-01-19,Lazio,Como,0.0,3.0
ITA-Serie A,2526,712cf899,2026-01-23,Inter,Pisa,6.0,2.0
ITA-Serie A,2526,1daaf5bf,2026-01-24,Como,Torino,6.0,0.0
ITA-Serie A,2526,bacd7e72,2026-01-24,Fiorentina,Cagliari,1.0,2.0
ITA-Serie A,2526,0c0d6bca,2026-01-24,Lecce,Lazio,0.0,0.0
ITA-Serie A,2526,8ec92179,2026-01-25,Atalanta,Parma,4.0,0.0
ITA-Serie A,2526,d0bea1d7,2026-01-25,Genoa,Bologna,3.0,2.0
ITA-Serie A,2526,365c3d59,2026-01-25,Juventus,Napoli,3.0,0.0
ITA-Serie A,2526,2917fcfc,2026-01-25,Roma,Milan,1.0,1.0
ITA-Serie A,2526,dd088ee8,2026-01-25,Sassuolo,Cremonese,1.0,0.0
ITA-Serie A,2526,f4f9dc4c,2026-01-26,Hellas Verona,Udinese,1.0,3.0
ITA-Serie A,2526,19bfd291,2026-01-30,Lazio,Genoa,3.0,2.0
ITA-Serie A,2526,ebe92157,2026-01-31,Cagliari,Hellas Verona,4.0,0.0
ITA-Serie A,2526,af26ab60,2026-01-31,Napoli,Fiorentina,2.0,1.0
ITA-Serie A,2526,7b8e2874,2026-01-31,Pisa,Sassuolo,1.0,3.0
ITA-Serie A,2526,a475c135,2026-02-01,Como,Atalanta,0.0,0.0
ITA-Serie A,2526,553127f4,2026-02-01,Cremonese,Inter,0.0,2.0
ITA-Serie A,2526,ae9a2099,2026-02-01,Parma,Juventus,1.0,4.0
ITA-Serie A,2526,8d6e5794,2026-02-01,Torino,Lecce,1.0,0.0
ITA-Serie A,2526,dbd98c62,2026-02-02,Udinese,Roma,1.0,0.0
ITA-Serie A,2526,741729e4,2026-02-03,Bologna,Milan,0.0,3.0
ITA-Serie A,2526,5af4fe5c,2026-02-06,Hellas Verona,Pisa,0.0,0.0
ITA-Serie A,2526,4ec9b4dd,2026-02-07,Fiorentina,Torino,2.0,2.0
ITA-Serie A,2526,3e5710a8,2026-02-07,Genoa,Napoli,2.0,3.0
ITA-Serie A,2526,da8a8b6a,2026-02-08,Bologna,Parma,0.0,1.0
ITA-Serie A,2526,83708428,2026-02-08,Juventus,Lazio,2.0,2.0
ITA-Serie A,2526,dfc54961,2026-02-08,Lecce,Udinese,2.0,1.0
ITA-Serie A,2526,2270e573,2026-02-08,Sassuolo,Inter,0.0,5.0
ITA-Serie A,2526,a59b498b,2026-02-09,Atalanta,Cremonese,2.0,1.0
ITA-Serie A,2526,1f92e0ad,2026-02-09,Roma,Cagliari,2.0,0.0
ITA-Serie A,2526,407f23f8,2026-02-13,Pisa,Milan,1.0,2.0
ITA-Serie A,2526,eceb0406,2026-02-14,Como,Fiorentina,1.0,2.0
ITA-Serie A,2526,0c7edef9,2026-02-14,Inter,Juventus,3.0,2.0
ITA-Serie A,2526,9719fbd6,2026-02-14,Lazio,Atalanta,0.0,2.0
ITA-Serie A,2526,63c307df,2026-02-15,Cremonese,Genoa,0.0,0.0
ITA-Serie A,2526,03436184,2026-02-15,Napoli,Roma,2.0,2.0
ITA-Serie A,2526,b1751350,2026-02-15,Parma,Hellas Verona,2.0,1.0
ITA-Serie A,2526,4f5e9d08,2026-02-15,Torino,Bologna,1.0,2.0
ITA-Serie A,2526,285c0ad0,2026-02-15,Udinese,Sassuolo,1.0,2.0
ITA-Serie A,2526,5ab5a400,2026-02-16,Cagliari,Lecce,0.0,2.0
ITA-Serie A,2526,98f181db,2026-02-18,Milan,Como,1.0,1.0
ITA-Serie A,2526,e8719546,2026-02-20,Sassuolo,Hellas Verona,3.0,0.0
ITA-Serie A,2526,a44f11ed,2026-02-21,Cagliari,Lazio,0.0,0.0
ITA-Serie A,2526,9a4aa40f,2026-02-21,Juventus,Como,0.0,2.0
ITA-Serie A,2526,d60f3062,2026-02-21,Lecce,Inter,0.0,2.0
ITA-Serie A,2526,25de455c,2026-02-22,Atalanta,Napoli,2.0,1.0
ITA-Serie A,2526,57d5c172,2026-02-22,Genoa,Torino,3.0,0.0
ITA-Serie A,2526,733cdf53,2026-02-22,Milan,Parma,0.0,1.0
ITA-Serie A,2526,13185640,2026-02-22,Roma,Cremonese,3.0,0.0
ITA-Serie A,2526,a8ebecb2,2026-02-23,Bologna,Udinese,1.0,0.0
ITA-Serie A,2526,b65741af,2026-02-23,Fiorentina,Pisa,1.0,0.0
ITA-Serie A,2526,68636026,2026-02-27,Parma,Cagliari,1.0,1.0
ITA-Serie A,2526,01043f45,2026-02-28,Como,Lecce,3.0,1.0
ITA-Serie A,2526,b89883dd,2026-02-28,Hellas Verona,Napoli,1.0,2.0
ITA-Serie A,2526,dfa38c5d,2026-02-28,Inter,Genoa,2.0,0.0
ITA-Serie A,2526,4b784773,2026-03-01,Cremonese,Milan,0.0,2.0
ITA-Serie A,2526,c8c4a593,2026-03-01,Roma,Juventus,3.0,3.0
ITA-Serie A,2526,49286eaa,2026-03-01,Sassuolo,Atalanta,2.0,1.0
ITA-Serie A,2526,aa1cb826,2026-03-01,Torino,Lazio,2.0,0.0
ITA-Serie A,2526,4e692fd7,2026-03-02,Pisa,Bologna,0.0,1.0
ITA-Serie A,2526,0edb34cc,2026-03-02,Udinese,Fiorentina,3.0,0.0
ITA-Serie A,2526,fa6f583d,2026-03-06,Napoli,Torino,2.0,1.0
ITA-Serie A,2526,5a2ad279,2026-03-07,Atalanta,Udinese,2.0,2.0
ITA-Serie A,2526,5c49f36e,2026-03-07,Cagliari,Como,1.0,2.0
ITA-Serie A,2526,61137304,2026-03-07,Juventus,Pisa,4.0,0.0
ITA-Serie A,2526,eb7f38de,2026-03-08,Bologna,Hellas Verona,1.0,2.0
ITA-Serie A,2526,4c50b479,2026-03-08,Fiorentina,Parma,0.0,0.0
ITA-Serie A,2526,d19943e3,2026-03-08,Genoa,Roma,2.0,1.0
ITA-Serie A,2526,829cafcc,2026-03-08,Lecce,Cremonese,2.0,1.0
ITA-Serie A,2526,ad71117c,2026-03-08,Milan,Inter,1.0,0.0
ITA-Serie A,2526,d3d05df3,2026-03-09,Lazio,Sassuolo,2.0,1.0
ITA-Serie A,2526,0fb34d23,2026-03-13,Torino,Parma,4.0,1.0
ITA-Serie A,2526,1b6b94f9,2026-03-14,Inter,Atalanta,1.0,1.0
ITA-Serie A,2526,0d0115e7,2026-03-14,Napoli,Lecce,2.0,1.0
ITA-Serie A,2526,dae44c24,2026-03-14,Udinese,Juventus,0.0,1.0
ITA-Serie A,2526,fc709800,2026-03-15,Como,Roma,2.0,1.0
ITA-Serie A,2526,bb799088,2026-03-15,Hellas Verona,Genoa,0.0,2.0
ITA-Serie A,2526,d84e58b6,2026-03-15,Lazio,Milan,1.0,0.0
ITA-Serie A,2526,fd9c2a29,2026-03-15,Pisa,Cagliari,3.0,1.0
ITA-Serie A,2526,16b8e9da,2026-03-15,Sassuolo,Bologna,0.0,1.0
ITA-Serie A,2526,4bd18a79,2026-03-16,Cremonese,Fiorentina,1.0,4.0
ITA-Serie A,2526,da021121,2026-03-20,Cagliari,Napoli,0.0,1.0
ITA-Serie A,2526,104cb449,2026-03-20,Genoa,Udinese,0.0,2.0
ITA-Serie A,2526,8aa8a2ab,2026-03-21,Juventus,Sassuolo,1.0,1.0
ITA-Serie A,2526,da34d248,2026-03-21,Milan,Torino,3.0,2.0
ITA-Serie A,2526,69c5dc23,2026-03-21,Parma,Cremonese,0.0,2.0
ITA-Serie A,2526,13c33e38,2026-03-22,Atalanta,Hellas Verona,1.0,0.0
ITA-Serie A,2526,e3117362,2026-03-22,Bologna,Lazio,0.0,2.0
ITA-Serie A,2526,9dda1513,2026-03-22,Como,Pisa,5.0,0.0
ITA-Serie A,2526,1205211d,2026-03-22,Fiorentina,Inter,1.0,1.0
ITA-Serie A,2526,b66dac3c,2026-03-22,Roma,Lecce,1.0,0.0
ITA-Serie A,2526,71f8b0e7,2026-04-04,Hellas Verona,Fiorentina,0.0,1.0
ITA-Serie A,2526,b04a6f92,2026-04-04,Lazio,Parma,1.0,1.0
ITA-Serie A,2526,691b0973,2026-04-04,Sassuolo,Cagliari,2.0,1.0
ITA-Serie A,2526,1d18916a,2026-04-05,Cremonese,Bologna,1.0,2.0
ITA-Serie A,2526,ce77fd95,2026-04-05,Inter,Roma,5.0,2.0
ITA-Serie A,2526,95f6f102,2026-04-05,Pisa,Torino,0.0,1.0
ITA-Serie A,2526,c4d8c505,2026-04-06,Juventus,Genoa,2.0,0.0
ITA-Serie A,2526,08ea358c,2026-04-06,Lecce,Atalanta,0.0,3.0
ITA-Serie A,2526,204565c9,2026-04-06,Napoli,Milan,1.0,0.0
ITA-Serie A,2526,a0b7fdf9,2026-04-06,Udinese,Como,0.0,0.0
ITA-Serie A,2526,10185fe4,2026-04-10,Roma,Pisa,3.0,0.0
ITA-Serie A,2526,b4583603,2026-04-11,Atalanta,Juventus,0.0,1.0
ITA-Serie A,2526,0251658f,2026-04-11,Cagliari,Cremonese,1.0,0.0
ITA-Serie A,2526,e022015a,2026-04-11,Milan,Udinese,0.0,3.0
ITA-Serie A,2526,5f5f38c4,2026-04-11,Torino,Hellas Verona,2.0,1.0
ITA-Serie A,2526,33dd8617,2026-04-12,Bologna,Lecce,2.0,0.0
ITA-Serie A,2526,30dc7887,2026-04-12,Como,Inter,3.0,4.0
ITA-Serie A,2526,1b694695,2026-04-12,Genoa,Sassuolo,2.0,1.0
ITA-Serie A,2526,61ab967c,2026-04-12,Parma,Napoli,1.0,1.0
ITA-Serie A,2526,c723f892,2026-04-13,Fiorentina,Lazio,1.0,0.0
ITA-Serie A,2526,bb8a4b02,2026-04-17,Inter,Cagliari,3.0,0.0
ITA-Serie A,2526,3efe6b52,2026-04-17,Sassuolo,Como,2.0,1.0
ITA-Serie A,2526,44809b31,2026-04-18,Napoli,Lazio,0.0,2.0
ITA-Serie A,2526,ab35bf5d,2026-04-18,Roma,Atalanta,1.0,1.0
ITA-Serie A,2526,3eeceaac,2026-04-18,Udinese,Parma,0.0,1.0
ITA-Serie A,2526,7d6cd371,2026-04-19,Cremonese,Torino,0.0,0.0
ITA-Serie A,2526,f487289e,2026-04-19,Hellas Verona,Milan,0.0,1.0
ITA-Serie A,2526,387e7e11,2026-04-19,Juventus,Bologna,2.0,0.0
ITA-Serie A,2526,51c15e5f,2026-04-19,Pisa,Genoa,1.0,2.0
ITA-Serie A,2526,b96976b3,2026-04-20,Lecce,Fiorentina,1.0,1.0
ITA-Serie A,2526,2308abcf,2026-04-24,Napoli,Cremonese,4.0,0.0
ITA-Serie A,2526,5e4e1bab,2026-04-25,Bologna,Roma,0.0,2.0
ITA-Serie A,2526,8e52cf23,2026-04-25,Hellas Verona,Lecce,0.0,0.0
ITA-Serie A,2526,1c6287a0,2026-04-25,Parma,Pisa,1.0,0.0
ITA-Serie A,2526,b9e15f48,2026-04-26,Fiorentina,Sassuolo,0.0,0.0
ITA-Serie A,2526,712ed303,2026-04-26,Genoa,Como,0.0,2.0
ITA-Serie A,2526,502bb6a9,2026-04-26,Milan,Juventus,0.0,0.0
ITA-Serie A,2526,a072168c,2026-04-26,Torino,Inter,2.0,2.0
ITA-Serie A,2526,d82247f0,2026-04-27,Cagliari,Atalanta,3.0,2.0
ITA-Serie A,2526,45973f74,2026-04-27,Lazio,Udinese,3.0,3.0
ITA-Serie A,2526,00707e0e,2026-05-01,Pisa,Lecce,1.0,2.0
ITA-Serie A,2526,9bd39900,2026-05-02,Atalanta,Genoa,0.0,0.0
ITA-Serie A,2526,a5b1cef3,2026-05-02,Como,Napoli,0.0,0.0
ITA-Serie A,2526,7c7d51c9,2026-05-02,Udinese,Torino,2.0,0.0
ITA-Serie A,2526,77ae42ed,2026-05-03,Bologna,Cagliari,0.0,0.0
ITA-Serie A,2526,047a8450,2026-05-03,Inter,Parma,2.0,0.0
ITA-Serie A,2526,d952dceb,2026-05-03,Juventus,Hellas Verona,1.0,1.0
ITA-Serie A,2526,09b35c18,2026-05-03,Sassuolo,Milan,2.0,0.0
ITA-Serie A,2526,0f81c3ef,2026-05-04,Cremonese,Lazio,1.0,2.0
ITA-Serie A,2526,3ce2ce50,2026-05-04,Roma,Fiorentina,4.0,0.0
ITA-Serie A,2526,38233ef2,2026-05-08,Torino,Sassuolo,2.0,1.0
ITA-Serie A,2526,274f13fe,2026-05-09,Cagliari,Udinese,0.0,2.0
ITA-Serie A,2526,e6e32437,2026-05-09,Lazio,Inter,0.0,3.0
ITA-Serie A,2526,bd9f7954,2026-05-09,Lecce,Juventus,0.0,1.0
ITA-Serie A,2526,1e5e37fa,2026-05-10,Cremonese,Pisa,3.0,0.0
ITA-Serie A,2526,edd33142,2026-05-10,Fiorentina,Genoa,0.0,0.0
ITA-Serie A,2526,d088110d,2026-05-10,Hellas Verona,Como,0.0,1.0
ITA-Serie A,2526,5977daf5,2026-05-10,Milan,Atalanta,2.0,3.0
ITA-Serie A,2526,48a1ee0f,2026-05-10,Parma,Roma,2.0,3.0
ITA-Serie A,2526,df5edc05,2026-05-11,Napoli,Bologna,2.0,3.0
ITA-Serie A,2526,36045f26,2026-05-17,Atalanta,Bologna,0.0,1.0
ITA-Serie A,2526,02493616,2026-05-17,Cagliari,Torino,2.0,1.0
ITA-Serie A,2526,6c0651b7,2026-05-17,Como,Parma,1.0,0.0
ITA-Serie A,2526,2c819d99,2026-05-17,Genoa,Milan,1.0,2.0
ITA-Serie A,2526,f63b8a6b,2026-05-17,Inter,Hellas Verona,1.0,1.0
ITA-Serie A,2526,c3fecb0a,2026-05-17,Juventus,Fiorentina,0.0,2.0
ITA-Serie A,2526,8de735be,2026-05-17,Pisa,Napoli,0.0,3.0
ITA-Serie A,2526,cbe36f21,2026-05-17,Roma,Lazio,2.0,0.0
ITA-Serie A,2526,ac5a044a,2026-05-17,Sassuolo,Lecce,2.0,3.0
ITA-Serie A,2526,2ae6a67b,2026-05-17,Udinese,Cremonese,0.0,1.0
ITA-Serie A,2526,db48bce5,2026-05-22,Fiorentina,Atalanta,1.0,1.0
ITA-Serie A,2526,b2eab6be,2026-05-23,Bologna,Inter,3.0,3.0
ITA-Serie A,2526,527ab44b,2026-05-23,Lazio,Pisa,2.0,1.0
ITA-Serie A,2526,96671b57,2026-05-24,Cremonese,Como,1.0,4.0
ITA-Serie A,2526,166f5d03,2026-05-24,Hellas Verona,Roma,0.0,2.0
ITA-Serie A,2526,0b071f8c,2026-05-24,Lecce,Genoa,1.0,0.0
ITA-Serie A,2526,cc05cbc9,2026-05-24,Milan,Cagliari,1.0,2.0
ITA-Serie A,2526,6011f5a0,2026-05-24,Napoli,Udinese,1.0,0.0
ITA-Serie A,2526,68dae929,2026-05-24,Parma,Sassuolo,1.0,0.0
ITA-Serie A,2526,0e4484e0,2026-05-24,Torino,Juventus,2.0,2.0
INT-Champions League,2122,9673a872,2021-09-14,Barcelona,Bayern Munich,0.0,3.0
INT-Champions League,2122,97ff5d03,2021-09-14,Chelsea,Zenit,1.0,0.0
INT-Champions League,2122,77875855,2021-09-14,Dynamo Kyiv,Benfica,0.0,0.0
INT-Champions League,2122,e6bd6226,2021-09-14,Lille,Wolfsburg,0.0,0.0
INT-Champions League,2122,eeac9d1a,2021-09-14,Malmö,Juventus,0.0,3.0
INT-Champions League,2122,4053e749,2021-09-14,Sevilla,RB Salzburg,1.0,1.0
INT-Champions League,2122,647a3ef3,2021-09-14,Villarreal,Atalanta,2.0,2.0
INT-Champions League,2122,b3e0c6ca,2021-09-14,Young Boys,Manchester Utd,2.0,1.0
INT-Champions League,2122,f6116bb9,2021-09-15,Atlético Madrid,Porto,0.0,0.0
INT-Champions League,2122,7252c1e3,2021-09-15,Beşiktaş,Dortmund,1.0,2.0
INT-Champions League,2122,d27dff51,2021-09-15,Club Brugge,PSG,1.0,1.0
INT-Champions League,2122,97f6140b,2021-09-15,Inter,Real Madrid,0.0,1.0
INT-Champions League,2122,ff3e4ae2,2021-09-15,Liverpool,Milan,3.0,2.0
INT-Champions League,2122,c188c958,2021-09-15,Manchester City,RB Leipzig,6.0,3.0
INT-Champions League,2122,5867e8d5,2021-09-15,Sheriff Tiraspol,Shakhtar D.,2.0,0.0
INT-Champions League,2122,8319ee0e,2021-09-15,Sporting CP,Ajax,1.0,5.0
INT-Champions League,2122,a20e4f8b,2021-09-28,Ajax,Beşiktaş,2.0,0.0
INT-Champions League,2122,989cec97,2021-09-28,Dortmund,Sporting CP,1.0,0.0
INT-Champions League,2122,e87aa3a4,2021-09-28,Milan,Atlético Madrid,1.0,2.0
INT-Champions League,2122,9aa65428,2021-09-28,PSG,Manchester City,2.0,0.0
INT-Champions League,2122,1c876d93,2021-09-28,Porto,Liverpool,1.0,5.0
INT-Champions League,2122,6602bedc,2021-09-28,RB Leipzig,Club Brugge,1.0,2.0
INT-Champions League,2122,13aec4c5,2021-09-28,Real Madrid,Sheriff Tiraspol,1.0,2.0
INT-Champions League,2122,aff7f6f5,2021-09-28,Shakhtar D.,Inter,0.0,0.0
INT-Champions League,2122,489e107b,2021-09-29,Atalanta,Young Boys,1.0,0.0
INT-Champions League,2122,aba1e94d,2021-09-29,Bayern Munich,Dynamo Kyiv,5.0,0.0
INT-Champions League,2122,f2d3da16,2021-09-29,Benfica,Barcelona,3.0,0.0
INT-Champions League,2122,8d8d9475,2021-09-29,Juventus,Chelsea,1.0,0.0
INT-Champions League,2122,8ad62c4a,2021-09-29,Manchester Utd,Villarreal,2.0,1.0
INT-Champions League,2122,8049dc3f,2021-09-29,RB Salzburg,Lille,2.0,1.0
INT-Champions League,2122,d4ddc4bd,2021-09-29,Wolfsburg,Sevilla,1.0,1.0
INT-Champions League,2122,12b2ef3e,2021-09-29,Zenit,Malmö,4.0,0.0
INT-Champions League,2122,e26bd95d,2021-10-19,Ajax,Dortmund,4.0,0.0
INT-Champions League,2122,0f05c98d,2021-10-19,Atlético Madrid,Liverpool,2.0,3.0
INT-Champions League,2122,72145cb3,2021-10-19,Beşiktaş,Sporting CP,1.0,4.0
INT-Champions League,2122,a39621f2,2021-10-19,Club Brugge,Manchester City,1.0,5.0
INT-Champions League,2122,2265c0cf,2021-10-19,Inter,Sheriff Tiraspol,3.0,1.0
INT-Champions League,2122,44b57816,2021-10-19,PSG,RB Leipzig,3.0,2.0
INT-Champions League,2122,747d7304,2021-10-19,Porto,Milan,1.0,0.0
INT-Champions League,2122,4d6a7bf9,2021-10-19,Shakhtar D.,Real Madrid,0.0,5.0
INT-Champions League,2122,e0563452,2021-10-20,Barcelona,Dynamo Kyiv,1.0,0.0
INT-Champions League,2122,542956e2,2021-10-20,Benfica,Bayern Munich,0.0,4.0
INT-Champions League,2122,615bb75f,2021-10-20,Chelsea,Malmö,4.0,0.0
INT-Champions League,2122,6f680700,2021-10-20,Lille,Sevilla,0.0,0.0
INT-Champions League,2122,35f45718,2021-10-20,Manchester Utd,Atalanta,3.0,2.0
INT-Champions League,2122,c83fd1b6,2021-10-20,RB Salzburg,Wolfsburg,3.0,1.0
INT-Champions League,2122,ac01fac5,2021-10-20,Young Boys,Villarreal,1.0,4.0
INT-Champions League,2122,e7f7549b,2021-10-20,Zenit,Juventus,0.0,1.0
INT-Champions League,2122,16b0abb7,2021-11-02,Atalanta,Manchester Utd,2.0,2.0
INT-Champions League,2122,08db1510,2021-11-02,Bayern Munich,Benfica,5.0,2.0
INT-Champions League,2122,3345b115,2021-11-02,Dynamo Kyiv,Barcelona,0.0,1.0
INT-Champions League,2122,43e95e01,2021-11-02,Juventus,Zenit,4.0,2.0
INT-Champions League,2122,fa70eb4c,2021-11-02,Malmö,Chelsea,0.0,1.0
INT-Champions League,2122,6f2937b8,2021-11-02,Sevilla,Lille,1.0,2.0
INT-Champions League,2122,1c0b1278,2021-11-02,Villarreal,Young Boys,2.0,0.0
INT-Champions League,2122,575f8ead,2021-11-02,Wolfsburg,RB Salzburg,2.0,1.0
INT-Champions League,2122,a4217efc,2021-11-03,Dortmund,Ajax,1.0,3.0
INT-Champions League,2122,d1319048,2021-11-03,Liverpool,Atlético Madrid,2.0,0.0
INT-Champions League,2122,7e276b93,2021-11-03,Manchester City,Club Brugge,4.0,1.0
INT-Champions League,2122,5dfde5e7,2021-11-03,Milan,Porto,1.0,1.0
INT-Champions League,2122,a0f25b92,2021-11-03,RB Leipzig,PSG,2.0,2.0
INT-Champions League,2122,d8d8cd07,2021-11-03,Real Madrid,Shakhtar D.,2.0,1.0
INT-Champions League,2122,899725a9,2021-11-03,Sheriff Tiraspol,Inter,1.0,3.0
INT-Champions League,2122,99437702,2021-11-03,Sporting CP,Beşiktaş,4.0,0.0
INT-Champions League,2122,2d0e42b8,2021-11-23,Barcelona,Benfica,0.0,0.0
INT-Champions League,2122,8b15222a,2021-11-23,Chelsea,Juventus,4.0,0.0
INT-Champions League,2122,2459dc61,2021-11-23,Dynamo Kyiv,Bayern Munich,1.0,2.0
INT-Champions League,2122,aa8e3e6b,2021-11-23,Lille,RB Salzburg,1.0,0.0
INT-Champions League,2122,ea8fad6f,2021-11-23,Malmö,Zenit,1.0,1.0
INT-Champions League,2122,e8f46f62,2021-11-23,Sevilla,Wolfsburg,2.0,0.0
INT-Champions League,2122,fd901849,2021-11-23,Villarreal,Manchester Utd,0.0,2.0
INT-Champions League,2122,ab636221,2021-11-23,Young Boys,Atalanta,3.0,3.0
INT-Champions League,2122,34f0c83f,2021-11-24,Atlético Madrid,Milan,0.0,1.0
INT-Champions League,2122,e05f5bad,2021-11-24,Beşiktaş,Ajax,1.0,2.0
INT-Champions League,2122,e26db5b0,2021-11-24,Club Brugge,RB Leipzig,0.0,5.0
INT-Champions League,2122,4950ab44,2021-11-24,Inter,Shakhtar D.,2.0,0.0
INT-Champions League,2122,a8898813,2021-11-24,Liverpool,Porto,2.0,0.0
INT-Champions League,2122,52e983e7,2021-11-24,Manchester City,PSG,2.0,1.0
INT-Champions League,2122,fee91c56,2021-11-24,Sheriff Tiraspol,Real Madrid,0.0,3.0
INT-Champions League,2122,a0bdb8f5,2021-11-24,Sporting CP,Dortmund,3.0,1.0
INT-Champions League,2122,abd2822f,2021-12-07,Ajax,Sporting CP,4.0,2.0
INT-Champions League,2122,9cf37489,2021-12-07,Dortmund,Beşiktaş,5.0,0.0
INT-Champions League,2122,dd8d2903,2021-12-07,Milan,Liverpool,1.0,2.0
INT-Champions League,2122,0e09d997,2021-12-07,PSG,Club Brugge,4.0,1.0
INT-Champions League,2122,59e9e4f2,2021-12-07,Porto,Atlético Madrid,1.0,3.0
INT-Champions League,2122,cccff79c,2021-12-07,RB Leipzig,Manchester City,2.0,1.0
INT-Champions League,2122,77861aa9,2021-12-07,Real Madrid,Inter,2.0,0.0
INT-Champions League,2122,87580b7e,2021-12-07,Shakhtar D.,Sheriff Tiraspol,1.0,1.0
INT-Champions League,2122,0e70c674,2021-12-08,Bayern Munich,Barcelona,3.0,0.0
INT-Champions League,2122,35cc682d,2021-12-08,Benfica,Dynamo Kyiv,2.0,0.0
INT-Champions League,2122,084531d6,2021-12-08,Juventus,Malmö,1.0,0.0
INT-Champions League,2122,e7f6d2d5,2021-12-08,Manchester Utd,Young Boys,1.0,1.0
INT-Champions League,2122,e32221c9,2021-12-08,RB Salzburg,Sevilla,1.0,0.0
INT-Champions League,2122,a2468149,2021-12-08,Wolfsburg,Lille,1.0,3.0
INT-Champions League,2122,e1d49736,2021-12-08,Zenit,Chelsea,3.0,3.0
INT-Champions League,2122,6616d6ae,2021-12-09,Atalanta,Villarreal,2.0,3.0
INT-Champions League,2122,59e6b28f,2022-02-15,PSG,Real Madrid,1.0,0.0
INT-Champions League,2122,e6066ef0,2022-02-15,Sporting CP,Manchester City,0.0,5.0
INT-Champions League,2122,8b1f6c45,2022-02-16,Inter,Liverpool,0.0,2.0
INT-Champions League,2122,0d1bee90,2022-02-16,RB Salzburg,Bayern Munich,1.0,1.0
INT-Champions League,2122,c69e8579,2022-02-22,Chelsea,Lille,2.0,0.0
INT-Champions League,2122,ae29a4e9,2022-02-22,Villarreal,Juventus,1.0,1.0
INT-Champions League,2122,f898d45f,2022-02-23,Atlético Madrid,Manchester Utd,1.0,1.0
INT-Champions League,2122,dffd2be7,2022-02-23,Benfica,Ajax,2.0,2.0
INT-Champions League,2122,ef9bb8e2,2022-03-08,Bayern Munich,RB Salzburg,7.0,1.0
INT-Champions League,2122,6a45bedf,2022-03-08,Liverpool,Inter,0.0,1.0
INT-Champions League,2122,8fbeb943,2022-03-09,Manchester City,Sporting CP,0.0,0.0
INT-Champions League,2122,9a3684d8,2022-03-09,Real Madrid,PSG,3.0,1.0
INT-Champions League,2122,f5479c8e,2022-03-15,Ajax,Benfica,0.0,1.0
INT-Champions League,2122,bac82b39,2022-03-15,Manchester Utd,Atlético Madrid,0.0,1.0
INT-Champions League,2122,a918bfe1,2022-03-16,Juventus,Villarreal,0.0,3.0
INT-Champions League,2122,92acd78c,2022-03-16,Lille,Chelsea,1.0,2.0
INT-Champions League,2122,85c3c6a1,2022-04-05,Benfica,Liverpool,1.0,3.0
INT-Champions League,2122,93ba498e,2022-04-05,Manchester City,Atlético Madrid,1.0,0.0
INT-Champions League,2122,e78b60c2,2022-04-06,Chelsea,Real Madrid,1.0,3.0
INT-Champions League,2122,a3ffc004,2022-04-06,Villarreal,Bayern Munich,1.0,0.0
INT-Champions League,2122,173ffe68,2022-04-12,Bayern Munich,Villarreal,1.0,1.0
INT-Champions League,2122,9d7bfc65,2022-04-12,Real Madrid,Chelsea,2.0,3.0
INT-Champions League,2122,8ba16612,2022-04-13,Atlético Madrid,Manchester City,0.0,0.0
INT-Champions League,2122,f6dd5d9d,2022-04-13,Liverpool,Benfica,3.0,3.0
INT-Champions League,2122,e0c1ddb1,2022-04-26,Manchester City,Real Madrid,4.0,3.0
INT-Champions League,2122,b2776c0c,2022-04-27,Liverpool,Villarreal,2.0,0.0
INT-Champions League,2122,884c627f,2022-05-03,Villarreal,Liverpool,2.0,3.0
INT-Champions League,2122,f422aeec,2022-05-04,Real Madrid,Manchester City,3.0,1.0
INT-Champions League,2122,e81453d3,2022-05-28,Liverpool,Real Madrid,0.0,1.0
INT-Champions League,2223,efeb4639,2022-09-06,Benfica,Maccabi Haifa,2.0,0.0
INT-Champions League,2223,38f6a4ce,2022-09-06,Celtic,Real Madrid,0.0,3.0
INT-Champions League,2223,07f058d4,2022-09-06,Dinamo Zagreb,Chelsea,1.0,0.0
INT-Champions League,2223,709a2125,2022-09-06,Dortmund,FC Copenhagen,3.0,0.0
INT-Champions League,2223,a1157ba5,2022-09-06,PSG,Juventus,2.0,1.0
INT-Champions League,2223,9ecd1e5f,2022-09-06,RB Leipzig,Shakhtar D.,1.0,4.0
INT-Champions League,2223,0f59e412,2022-09-06,RB Salzburg,Milan,1.0,1.0
INT-Champions League,2223,85506897,2022-09-06,Sevilla,Manchester City,0.0,4.0
INT-Champions League,2223,4f096324,2022-09-07,Ajax,Rangers,4.0,0.0
INT-Champions League,2223,221c1a99,2022-09-07,Atlético Madrid,Porto,2.0,1.0
INT-Champions League,2223,d0611a51,2022-09-07,Barcelona,Viktoria Plzeň,5.0,1.0
INT-Champions League,2223,f36cf403,2022-09-07,Club Brugge,Leverkusen,1.0,0.0
INT-Champions League,2223,c060eacb,2022-09-07,Frankfurt,Sporting CP,0.0,3.0
INT-Champions League,2223,d3038dc6,2022-09-07,Inter,Bayern Munich,0.0,2.0
INT-Champions League,2223,186769e2,2022-09-07,Napoli,Liverpool,4.0,1.0
INT-Champions League,2223,e5abb306,2022-09-07,Tottenham,Marseille,2.0,0.0
INT-Champions League,2223,fa6819d6,2022-09-13,Bayern Munich,Barcelona,2.0,0.0
INT-Champions League,2223,6f5c07b8,2022-09-13,Leverkusen,Atlético Madrid,2.0,0.0
INT-Champions League,2223,03c10fd7,2022-09-13,Liverpool,Ajax,2.0,1.0
INT-Champions League,2223,9e523fd4,2022-09-13,Marseille,Frankfurt,0.0,1.0
INT-Champions League,2223,8ea73759,2022-09-13,Porto,Club Brugge,0.0,4.0
INT-Champions League,2223,14945858,2022-09-13,Sporting CP,Tottenham,2.0,0.0
INT-Champions League,2223,4626a08d,2022-09-13,Viktoria Plzeň,Inter,0.0,2.0
INT-Champions League,2223,c36141e9,2022-09-14,Chelsea,RB Salzburg,1.0,1.0
INT-Champions League,2223,135f4d20,2022-09-14,FC Copenhagen,Sevilla,0.0,0.0
INT-Champions League,2223,ad5c6cfb,2022-09-14,Juventus,Benfica,1.0,2.0
INT-Champions League,2223,a2e3a9c9,2022-09-14,Maccabi Haifa,PSG,1.0,3.0
INT-Champions League,2223,f8469961,2022-09-14,Manchester City,Dortmund,2.0,1.0
INT-Champions League,2223,e7f45cec,2022-09-14,Milan,Dinamo Zagreb,3.0,1.0
INT-Champions League,2223,486aeb15,2022-09-14,Rangers,Napoli,0.0,3.0
INT-Champions League,2223,c035904c,2022-09-14,Real Madrid,RB Leipzig,2.0,0.0
INT-Champions League,2223,e925926a,2022-09-14,Shakhtar D.,Celtic,1.0,1.0
INT-Champions League,2223,74aed880,2022-10-04,Ajax,Napoli,1.0,6.0
INT-Champions League,2223,046415e1,2022-10-04,Bayern Munich,Viktoria Plzeň,5.0,0.0
INT-Champions League,2223,b52ab6c9,2022-10-04,Club Brugge,Atlético Madrid,2.0,0.0
INT-Champions League,2223,2f44d120,2022-10-04,Frankfurt,Tottenham,0.0,0.0
INT-Champions League,2223,3b3866ca,2022-10-04,Inter,Barcelona,1.0,0.0
INT-Champions League,2223,707b3173,2022-10-04,Liverpool,Rangers,2.0,0.0
INT-Champions League,2223,22344ecc,2022-10-04,Marseille,Sporting CP,4.0,1.0
INT-Champions League,2223,8e933a97,2022-10-04,Porto,Leverkusen,2.0,0.0
INT-Champions League,2223,0b8c5372,2022-10-05,Benfica,PSG,1.0,1.0
INT-Champions League,2223,012a9877,2022-10-05,Chelsea,Milan,3.0,0.0
INT-Champions League,2223,c8e326ed,2022-10-05,Juventus,Maccabi Haifa,3.0,1.0
INT-Champions League,2223,609cee82,2022-10-05,Manchester City,FC Copenhagen,5.0,0.0
INT-Champions League,2223,2c462cee,2022-10-05,RB Leipzig,Celtic,3.0,1.0
INT-Champions League,2223,5172a9ff,2022-10-05,RB Salzburg,Dinamo Zagreb,1.0,0.0
INT-Champions League,2223,0ff6ebda,2022-10-05,Real Madrid,Shakhtar D.,2.0,1.0
INT-Champions League,2223,2491909c,2022-10-05,Sevilla,Dortmund,1.0,4.0
INT-Champions League,2223,a06ccad8,2022-10-11,Celtic,RB Leipzig,0.0,2.0
INT-Champions League,2223,ea999a07,2022-10-11,Dinamo Zagreb,RB Salzburg,1.0,1.0
INT-Champions League,2223,2e579b17,2022-10-11,Dortmund,Sevilla,1.0,1.0
INT-Champions League,2223,9fcbdbb0,2022-10-11,FC Copenhagen,Manchester City,0.0,0.0
INT-Champions League,2223,ce38fc56,2022-10-11,Maccabi Haifa,Juventus,2.0,0.0
INT-Champions League,2223,c4c72cb6,2022-10-11,Milan,Chelsea,0.0,2.0
INT-Champions League,2223,a964aba8,2022-10-11,PSG,Benfica,1.0,1.0
INT-Champions League,2223,c0689504,2022-10-11,Shakhtar D.,Real Madrid,1.0,1.0
INT-Champions League,2223,d6a4108e,2022-10-12,Atlético Madrid,Club Brugge,0.0,0.0
INT-Champions League,2223,fac347dd,2022-10-12,Barcelona,Inter,3.0,3.0
INT-Champions League,2223,85a0ac20,2022-10-12,Leverkusen,Porto,0.0,3.0
INT-Champions League,2223,c5d06e6b,2022-10-12,Napoli,Ajax,4.0,2.0
INT-Champions League,2223,b79490f8,2022-10-12,Rangers,Liverpool,1.0,7.0
INT-Champions League,2223,67512e2a,2022-10-12,Sporting CP,Marseille,0.0,2.0
INT-Champions League,2223,bd7b7e39,2022-10-12,Tottenham,Frankfurt,3.0,2.0
INT-Champions League,2223,23b381a6,2022-10-12,Viktoria Plzeň,Bayern Munich,2.0,4.0
INT-Champions League,2223,13a5d7c1,2022-10-25,Benfica,Juventus,4.0,3.0
INT-Champions League,2223,f9fa410f,2022-10-25,Celtic,Shakhtar D.,1.0,1.0
INT-Champions League,2223,ce9c9e69,2022-10-25,Dinamo Zagreb,Milan,0.0,4.0
INT-Champions League,2223,606d549f,2022-10-25,Dortmund,Manchester City,0.0,0.0
INT-Champions League,2223,58b1d0c1,2022-10-25,PSG,Maccabi Haifa,7.0,2.0
INT-Champions League,2223,bb96bfe0,2022-10-25,RB Leipzig,Real Madrid,3.0,2.0
INT-Champions League,2223,e8dbb123,2022-10-25,RB Salzburg,Chelsea,1.0,2.0
INT-Champions League,2223,d471b635,2022-10-25,Sevilla,FC Copenhagen,3.0,0.0
INT-Champions League,2223,d88e832b,2022-10-26,Ajax,Liverpool,0.0,3.0
INT-Champions League,2223,b9b38e7f,2022-10-26,Atlético Madrid,Leverkusen,2.0,2.0
INT-Champions League,2223,ced16d03,2022-10-26,Barcelona,Bayern Munich,0.0,3.0
INT-Champions League,2223,5375dfbc,2022-10-26,Club Brugge,Porto,0.0,4.0
INT-Champions League,2223,39438edf,2022-10-26,Frankfurt,Marseille,2.0,1.0
INT-Champions League,2223,c7ab1ac7,2022-10-26,Inter,Viktoria Plzeň,4.0,0.0
INT-Champions League,2223,f238934f,2022-10-26,Napoli,Rangers,3.0,0.0
INT-Champions League,2223,d72e39b0,2022-10-26,Tottenham,Sporting CP,1.0,1.0
INT-Champions League,2223,6af79648,2022-11-01,Bayern Munich,Inter,2.0,0.0
INT-Champions League,2223,454eef7d,2022-11-01,Leverkusen,Club Brugge,0.0,0.0
INT-Champions League,2223,91efb39a,2022-11-01,Liverpool,Napoli,2.0,0.0
INT-Champions League,2223,02a888e6,2022-11-01,Marseille,Tottenham,1.0,2.0
INT-Champions League,2223,cddf7419,2022-11-01,Porto,Atlético Madrid,2.0,1.0
INT-Champions League,2223,9a8c46ee,2022-11-01,Rangers,Ajax,1.0,3.0
INT-Champions League,2223,a6022c5e,2022-11-01,Sporting CP,Frankfurt,1.0,2.0
INT-Champions League,2223,7011379b,2022-11-01,Viktoria Plzeň,Barcelona,2.0,4.0
INT-Champions League,2223,eb2990f8,2022-11-02,Chelsea,Dinamo Zagreb,2.0,1.0
INT-Champions League,2223,0ad599c2,2022-11-02,FC Copenhagen,Dortmund,1.0,1.0
INT-Champions League,2223,f227c18b,2022-11-02,Juventus,PSG,1.0,2.0
INT-Champions League,2223,55937822,2022-11-02,Maccabi Haifa,Benfica,1.0,6.0
INT-Champions League,2223,9fa4922b,2022-11-02,Manchester City,Sevilla,3.0,1.0
INT-Champions League,2223,f74adaef,2022-11-02,Milan,RB Salzburg,4.0,0.0
INT-Champions League,2223,30fc6439,2022-11-02,Real Madrid,Celtic,5.0,1.0
INT-Champions League,2223,86a37c45,2022-11-02,Shakhtar D.,RB Leipzig,0.0,4.0
INT-Champions League,2223,85836007,2023-02-14,Milan,Tottenham,1.0,0.0
INT-Champions League,2223,7e86d4cc,2023-02-14,PSG,Bayern Munich,0.0,1.0
INT-Champions League,2223,e9a8a801,2023-02-15,Club Brugge,Benfica,0.0,2.0
INT-Champions League,2223,c9372f54,2023-02-15,Dortmund,Chelsea,1.0,0.0
INT-Champions League,2223,76341b09,2023-02-21,Frankfurt,Napoli,0.0,2.0
INT-Champions League,2223,f01e8736,2023-02-21,Liverpool,Real Madrid,2.0,5.0
INT-Champions League,2223,e34365de,2023-02-22,Inter,Porto,1.0,0.0
INT-Champions League,2223,afe4ecd7,2023-02-22,RB Leipzig,Manchester City,1.0,1.0
INT-Champions League,2223,e09ec959,2023-03-07,Benfica,Club Brugge,5.0,1.0
INT-Champions League,2223,5f7f5b34,2023-03-07,Chelsea,Dortmund,2.0,0.0
INT-Champions League,2223,14b573e0,2023-03-08,Bayern Munich,PSG,2.0,0.0
INT-Champions League,2223,ee8accc3,2023-03-08,Tottenham,Milan,0.0,0.0
INT-Champions League,2223,808a6511,2023-03-14,Manchester City,RB Leipzig,7.0,0.0
INT-Champions League,2223,7bd6535d,2023-03-14,Porto,Inter,0.0,0.0
INT-Champions League,2223,4c1e52e5,2023-03-15,Napoli,Frankfurt,3.0,0.0
INT-Champions League,2223,a03780a0,2023-03-15,Real Madrid,Liverpool,1.0,0.0
INT-Champions League,2223,7d3073ce,2023-04-11,Benfica,Inter,0.0,2.0
INT-Champions League,2223,9b5a5b22,2023-04-11,Manchester City,Bayern Munich,3.0,0.0
INT-Champions League,2223,f17a0183,2023-04-12,Milan,Napoli,1.0,0.0
INT-Champions League,2223,0e7d4ede,2023-04-12,Real Madrid,Chelsea,2.0,0.0
INT-Champions League,2223,aac9025a,2023-04-18,Chelsea,Real Madrid,0.0,2.0
INT-Champions League,2223,b3370170,2023-04-18,Napoli,Milan,1.0,1.0
INT-Champions League,2223,3b8c18de,2023-04-19,Bayern Munich,Manchester City,1.0,1.0
INT-Champions League,2223,cc8e0837,2023-04-19,Inter,Benfica,3.0,3.0
INT-Champions League,2223,40a448b8,2023-05-09,Real Madrid,Manchester City,1.0,1.0
INT-Champions League,2223,475dcc06,2023-05-10,Milan,Inter,0.0,2.0
INT-Champions League,2223,b73c99ae,2023-05-16,Inter,Milan,1.0,0.0
INT-Champions League,2223,8358b4a1,2023-05-17,Manchester City,Real Madrid,4.0,0.0
INT-Champions League,2223,32081d2b,2023-06-10,Manchester City,Inter,1.0,0.0
INT-Champions League,2324,c9d2ec0f,2023-09-19,Barcelona,Antwerp,5.0,0.0
INT-Champions League,2324,92fc6a26,2023-09-19,Feyenoord,Celtic,2.0,0.0
INT-Champions League,2324,3488c6c3,2023-09-19,Lazio,Atlético Madrid,1.0,1.0
INT-Champions League,2324,3d87750d,2023-09-19,Manchester City,Red Star,3.0,1.0
INT-Champions League,2324,19789895,2023-09-19,Milan,Newcastle,0.0,0.0
INT-Champions League,2324,0c9b1473,2023-09-19,PSG,Dortmund,2.0,0.0
INT-Champions League,2324,13992d54,2023-09-19,Shakhtar D.,Porto,1.0,3.0
INT-Champions League,2324,d916f357,2023-09-19,Young Boys,RB Leipzig,1.0,3.0
INT-Champions League,2324,9928de4e,2023-09-20,Arsenal,PSV,4.0,0.0
INT-Champions League,2324,8c29e4f7,2023-09-20,Bayern Munich,Manchester Utd,4.0,3.0
INT-Champions League,2324,e2058a42,2023-09-20,Benfica,RB Salzburg,0.0,2.0
INT-Champions League,2324,8d09f839,2023-09-20,Braga,Napoli,1.0,2.0
INT-Champions League,2324,986eb717,2023-09-20,Galatasaray,FC Copenhagen,2.0,2.0
INT-Champions League,2324,17349d13,2023-09-20,Real Madrid,Union Berlin,1.0,0.0
INT-Champions League,2324,fe7df7b9,2023-09-20,Real Sociedad,Inter,1.0,1.0
INT-Champions League,2324,1f8a2096,2023-09-20,Sevilla,Lens,1.0,1.0
INT-Champions League,2324,63e312b5,2023-10-03,FC Copenhagen,Bayern Munich,1.0,2.0
INT-Champions League,2324,55ea129d,2023-10-03,Inter,Benfica,1.0,0.0
INT-Champions League,2324,dba6efee,2023-10-03,Lens,Arsenal,2.0,1.0
INT-Champions League,2324,1ad7d8f7,2023-10-03,Manchester Utd,Galatasaray,2.0,3.0
INT-Champions League,2324,a679c3f7,2023-10-03,Napoli,Real Madrid,2.0,3.0
INT-Champions League,2324,29206b1b,2023-10-03,PSV,Sevilla,2.0,2.0
INT-Champions League,2324,38ed7a9b,2023-10-03,RB Salzburg,Real Sociedad,0.0,2.0
INT-Champions League,2324,b30ab716,2023-10-03,Union Berlin,Braga,2.0,3.0
INT-Champions League,2324,89850a68,2023-10-04,Antwerp,Shakhtar D.,2.0,3.0
INT-Champions League,2324,6cd2f188,2023-10-04,Atlético Madrid,Feyenoord,3.0,2.0
INT-Champions League,2324,cd495141,2023-10-04,Celtic,Lazio,1.0,2.0
INT-Champions League,2324,7199206d,2023-10-04,Dortmund,Milan,0.0,0.0
INT-Champions League,2324,4d5a6bf1,2023-10-04,Newcastle,PSG,4.0,1.0
INT-Champions League,2324,7d91e229,2023-10-04,Porto,Barcelona,0.0,1.0
INT-Champions League,2324,2dd697fb,2023-10-04,RB Leipzig,Manchester City,1.0,3.0
INT-Champions League,2324,7c1dbba5,2023-10-04,Red Star,Young Boys,2.0,2.0
INT-Champions League,2324,2d34d54a,2023-10-24,Benfica,Real Sociedad,0.0,1.0
INT-Champions League,2324,ba0599dd,2023-10-24,Braga,Real Madrid,1.0,2.0
INT-Champions League,2324,e5344209,2023-10-24,Galatasaray,Bayern Munich,1.0,3.0
INT-Champions League,2324,118ee102,2023-10-24,Inter,RB Salzburg,2.0,1.0
INT-Champions League,2324,53a663a7,2023-10-24,Lens,PSV,1.0,1.0
INT-Champions League,2324,23151aa4,2023-10-24,Manchester Utd,FC Copenhagen,1.0,0.0
INT-Champions League,2324,0c4b8772,2023-10-24,Sevilla,Arsenal,1.0,2.0
INT-Champions League,2324,61236021,2023-10-24,Union Berlin,Napoli,0.0,1.0
INT-Champions League,2324,09a13276,2023-10-25,Antwerp,Porto,1.0,4.0
INT-Champions League,2324,0eff6ab7,2023-10-25,Barcelona,Shakhtar D.,2.0,1.0
INT-Champions League,2324,97c9cbb1,2023-10-25,Celtic,Atlético Madrid,2.0,2.0
INT-Champions League,2324,b9939d92,2023-10-25,Feyenoord,Lazio,3.0,1.0
INT-Champions League,2324,ab67c6cc,2023-10-25,Newcastle,Dortmund,0.0,1.0
INT-Champions League,2324,f1ef22b8,2023-10-25,PSG,Milan,3.0,0.0
INT-Champions League,2324,f9b9a5fe,2023-10-25,RB Leipzig,Red Star,3.0,1.0
INT-Champions League,2324,d66f6ad1,2023-10-25,Young Boys,Manchester City,1.0,3.0
INT-Champions League,2324,9cde0a29,2023-11-07,Atlético Madrid,Celtic,6.0,0.0
INT-Champions League,2324,12af2c2a,2023-11-07,Dortmund,Newcastle,2.0,0.0
INT-Champions League,2324,c8120a02,2023-11-07,Lazio,Feyenoord,1.0,0.0
INT-Champions League,2324,620ab893,2023-11-07,Manchester City,Young Boys,3.0,0.0
INT-Champions League,2324,9544bc7f,2023-11-07,Milan,PSG,2.0,1.0
INT-Champions League,2324,709875dc,2023-11-07,Porto,Antwerp,2.0,0.0
INT-Champions League,2324,4576b587,2023-11-07,Red Star,RB Leipzig,1.0,2.0
INT-Champions League,2324,66e789bc,2023-11-07,Shakhtar D.,Barcelona,1.0,0.0
INT-Champions League,2324,2e9fad19,2023-11-08,Arsenal,Sevilla,2.0,0.0
INT-Champions League,2324,58134744,2023-11-08,Bayern Munich,Galatasaray,2.0,1.0
INT-Champions League,2324,4a4b95b7,2023-11-08,FC Copenhagen,Manchester Utd,4.0,3.0
INT-Champions League,2324,a3365e90,2023-11-08,Napoli,Union Berlin,1.0,1.0
INT-Champions League,2324,17d16c49,2023-11-08,PSV,Lens,1.0,0.0
INT-Champions League,2324,194d4bb5,2023-11-08,RB Salzburg,Inter,0.0,1.0
INT-Champions League,2324,e3d54c66,2023-11-08,Real Madrid,Braga,3.0,0.0
INT-Champions League,2324,667f4060,2023-11-08,Real Sociedad,Benfica,3.0,1.0
INT-Champions League,2324,ed34277e,2023-11-28,Barcelona,Porto,2.0,1.0
INT-Champions League,2324,c05cacde,2023-11-28,Feyenoord,Atlético Madrid,1.0,3.0
INT-Champions League,2324,433b7484,2023-11-28,Lazio,Celtic,2.0,0.0
INT-Champions League,2324,96f5597e,2023-11-28,Manchester City,RB Leipzig,3.0,2.0
INT-Champions League,2324,32a204fd,2023-11-28,Milan,Dortmund,1.0,3.0
INT-Champions League,2324,9ee809ff,2023-11-28,PSG,Newcastle,1.0,1.0
INT-Champions League,2324,7aaaa33a,2023-11-28,Shakhtar D.,Antwerp,1.0,0.0
INT-Champions League,2324,d2093046,2023-11-28,Young Boys,Red Star,2.0,0.0
INT-Champions League,2324,e7033b85,2023-11-29,Arsenal,Lens,6.0,0.0
INT-Champions League,2324,519645fd,2023-11-29,Bayern Munich,FC Copenhagen,0.0,0.0
INT-Champions League,2324,0bb75d8f,2023-11-29,Benfica,Inter,3.0,3.0
INT-Champions League,2324,93bb73ae,2023-11-29,Braga,Union Berlin,1.0,1.0
INT-Champions League,2324,fd04df87,2023-11-29,Galatasaray,Manchester Utd,3.0,3.0
INT-Champions League,2324,94809dc5,2023-11-29,Real Madrid,Napoli,4.0,2.0
INT-Champions League,2324,ef483d4d,2023-11-29,Real Sociedad,RB Salzburg,0.0,0.0
INT-Champions League,2324,ec88f263,2023-11-29,Sevilla,PSV,2.0,3.0
INT-Champions League,2324,4022021d,2023-12-12,FC Copenhagen,Galatasaray,1.0,0.0
INT-Champions League,2324,4a5df93c,2023-12-12,Inter,Real Sociedad,0.0,0.0
INT-Champions League,2324,1347b590,2023-12-12,Lens,Sevilla,2.0,1.0
INT-Champions League,2324,86343bd4,2023-12-12,Manchester Utd,Bayern Munich,0.0,1.0
INT-Champions League,2324,fc975672,2023-12-12,Napoli,Braga,2.0,0.0
INT-Champions League,2324,a44f0e00,2023-12-12,PSV,Arsenal,1.0,1.0
INT-Champions League,2324,b46994f8,2023-12-12,RB Salzburg,Benfica,1.0,3.0
INT-Champions League,2324,db188587,2023-12-12,Union Berlin,Real Madrid,2.0,3.0
INT-Champions League,2324,511c707c,2023-12-13,Antwerp,Barcelona,3.0,2.0
INT-Champions League,2324,aa674584,2023-12-13,Atlético Madrid,Lazio,2.0,0.0
INT-Champions League,2324,89e6068d,2023-12-13,Celtic,Feyenoord,2.0,1.0
INT-Champions League,2324,73a73afc,2023-12-13,Dortmund,PSG,1.0,1.0
INT-Champions League,2324,49e9dcae,2023-12-13,Newcastle,Milan,1.0,2.0
INT-Champions League,2324,55099f47,2023-12-13,Porto,Shakhtar D.,5.0,3.0
INT-Champions League,2324,2bc39463,2023-12-13,RB Leipzig,Young Boys,2.0,1.0
INT-Champions League,2324,c9438541,2023-12-13,Red Star,Manchester City,2.0,3.0
INT-Champions League,2324,7c72e97e,2024-02-13,FC Copenhagen,Manchester City,1.0,3.0
INT-Champions League,2324,6873100e,2024-02-13,RB Leipzig,Real Madrid,0.0,1.0
INT-Champions League,2324,ae96ef57,2024-02-14,Lazio,Bayern Munich,1.0,0.0
INT-Champions League,2324,bb212371,2024-02-14,PSG,Real Sociedad,2.0,0.0
INT-Champions League,2324,694d6459,2024-02-20,Inter,Atlético Madrid,1.0,0.0
INT-Champions League,2324,280841d0,2024-02-20,PSV,Dortmund,1.0,1.0
INT-Champions League,2324,f0d1a7a8,2024-02-21,Napoli,Barcelona,1.0,1.0
INT-Champions League,2324,2ad57214,2024-02-21,Porto,Arsenal,1.0,0.0
INT-Champions League,2324,86a95c44,2024-03-05,Bayern Munich,Lazio,3.0,0.0
INT-Champions League,2324,a90fb86f,2024-03-05,Real Sociedad,PSG,1.0,2.0
INT-Champions League,2324,b4237bbe,2024-03-06,Manchester City,FC Copenhagen,3.0,1.0
INT-Champions League,2324,c82e57be,2024-03-06,Real Madrid,RB Leipzig,1.0,1.0
INT-Champions League,2324,c72308dd,2024-03-12,Barcelona,Napoli,3.0,1.0
INT-Champions League,2324,191d3ab1,2024-03-13,Dortmund,PSV,2.0,0.0
INT-Champions League,2324,77298172,2024-04-09,Arsenal,Bayern Munich,2.0,2.0
INT-Champions League,2324,5ee67d04,2024-04-09,Real Madrid,Manchester City,3.0,3.0
INT-Champions League,2324,6223cb55,2024-04-10,Atlético Madrid,Dortmund,2.0,1.0
INT-Champions League,2324,d61ddb04,2024-04-10,PSG,Barcelona,2.0,3.0
INT-Champions League,2324,3cbf37f8,2024-04-16,Barcelona,PSG,1.0,4.0
INT-Champions League,2324,80ba9ddf,2024-04-16,Dortmund,Atlético Madrid,4.0,2.0
INT-Champions League,2324,aa8f30b2,2024-04-17,Bayern Munich,Arsenal,1.0,0.0
INT-Champions League,2324,91220b87,2024-04-30,Bayern Munich,Real Madrid,2.0,2.0
INT-Champions League,2324,66fa29a9,2024-05-01,Dortmund,PSG,1.0,0.0
INT-Champions League,2324,79d4acbd,2024-05-07,PSG,Dortmund,0.0,1.0
INT-Champions League,2324,eea5e8be,2024-05-08,Real Madrid,Bayern Munich,2.0,1.0
INT-Champions League,2324,92843563,2024-06-01,Dortmund,Real Madrid,0.0,2.0
INT-Champions League,2425,7c5c2955,2024-09-17,Bayern Munich,Dinamo Zagreb,9.0,2.0
INT-Champions League,2425,931cd5fb,2024-09-17,Juventus,PSV,3.0,1.0
INT-Champions League,2425,54ed5557,2024-09-17,Milan,Liverpool,1.0,3.0
INT-Champions League,2425,4fb5fcbd,2024-09-17,Real Madrid,Stuttgart,3.0,1.0
INT-Champions League,2425,aaca158d,2024-09-17,Sporting CP,Lille,2.0,0.0
INT-Champions League,2425,568274fc,2024-09-17,Young Boys,Aston Villa,0.0,3.0
INT-Champions League,2425,85075de5,2024-09-18,Bologna,Shakhtar D.,0.0,0.0
INT-Champions League,2425,16af036c,2024-09-18,Celtic,Slovan Bratislava,5.0,1.0
INT-Champions League,2425,722df76c,2024-09-18,Club Brugge,Dortmund,0.0,3.0
INT-Champions League,2425,db400f4b,2024-09-18,Manchester City,Inter,0.0,0.0
INT-Champions League,2425,53cfba8e,2024-09-18,PSG,Girona,1.0,0.0
INT-Champions League,2425,936f3ee0,2024-09-18,Sparta Prague,RB Salzburg,3.0,0.0
INT-Champions League,2425,108b9e41,2024-09-19,Atalanta,Arsenal,0.0,0.0
INT-Champions League,2425,a112dcca,2024-09-19,Atlético Madrid,RB Leipzig,2.0,1.0
INT-Champions League,2425,162f5233,2024-09-19,Brest,Sturm Graz,2.0,1.0
INT-Champions League,2425,24c1d39c,2024-09-19,Feyenoord,Leverkusen,0.0,4.0
INT-Champions League,2425,745d19c2,2024-09-19,Monaco,Barcelona,2.0,1.0
INT-Champions League,2425,2d931c93,2024-09-19,Red Star,Benfica,1.0,2.0
INT-Champions League,2425,190f7f3f,2024-10-01,Arsenal,PSG,2.0,0.0
INT-Champions League,2425,9efdd96e,2024-10-01,Barcelona,Young Boys,5.0,0.0
INT-Champions League,2425,925ea41c,2024-10-01,Dortmund,Celtic,7.0,1.0
INT-Champions League,2425,19b3b47e,2024-10-01,Inter,Red Star,4.0,0.0
INT-Champions League,2425,91294a8b,2024-10-01,Leverkusen,Milan,1.0,0.0
INT-Champions League,2425,bd985714,2024-10-01,PSV,Sporting CP,1.0,1.0
INT-Champions League,2425,aa293551,2024-10-01,RB Salzburg,Brest,0.0,4.0
INT-Champions League,2425,c46d8356,2024-10-01,Slovan Bratislava,Manchester City,0.0,4.0
INT-Champions League,2425,80c7f5c5,2024-10-01,Stuttgart,Sparta Prague,1.0,1.0
INT-Champions League,2425,a516238d,2024-10-02,Aston Villa,Bayern Munich,1.0,0.0
INT-Champions League,2425,e5e2d3a2,2024-10-02,Benfica,Atlético Madrid,4.0,0.0
INT-Champions League,2425,facef700,2024-10-02,Dinamo Zagreb,Monaco,2.0,2.0
INT-Champions League,2425,67eb4cdc,2024-10-02,Girona,Feyenoord,2.0,3.0
INT-Champions League,2425,70cd3947,2024-10-02,Lille,Real Madrid,1.0,0.0
INT-Champions League,2425,a749c1fe,2024-10-02,Liverpool,Bologna,2.0,0.0
INT-Champions League,2425,2e8465b9,2024-10-02,RB Leipzig,Juventus,2.0,3.0
INT-Champions League,2425,c5e0de02,2024-10-02,Shakhtar D.,Atalanta,0.0,3.0
INT-Champions League,2425,f871e405,2024-10-02,Sturm Graz,Club Brugge,0.0,1.0
INT-Champions League,2425,32f2220e,2024-10-22,Arsenal,Shakhtar D.,1.0,0.0
INT-Champions League,2425,e546b256,2024-10-22,Aston Villa,Bologna,2.0,0.0
INT-Champions League,2425,bde57607,2024-10-22,Girona,Slovan Bratislava,2.0,0.0
INT-Champions League,2425,3f121c09,2024-10-22,Juventus,Stuttgart,0.0,1.0
INT-Champions League,2425,e11229bf,2024-10-22,Milan,Club Brugge,3.0,1.0
INT-Champions League,2425,8450b165,2024-10-22,Monaco,Red Star,5.0,1.0
INT-Champions League,2425,59f18bd3,2024-10-22,PSG,PSV,1.0,1.0
INT-Champions League,2425,b77278d7,2024-10-22,Real Madrid,Dortmund,5.0,2.0
INT-Champions League,2425,48444796,2024-10-22,Sturm Graz,Sporting CP,0.0,2.0
INT-Champions League,2425,ef40e844,2024-10-23,Atalanta,Celtic,0.0,0.0
INT-Champions League,2425,c956d6a4,2024-10-23,Atlético Madrid,Lille,1.0,3.0
INT-Champions League,2425,710ee5bb,2024-10-23,Barcelona,Bayern Munich,4.0,1.0
INT-Champions League,2425,75a4583e,2024-10-23,Benfica,Feyenoord,1.0,3.0
INT-Champions League,2425,7afed8dc,2024-10-23,Brest,Leverkusen,1.0,1.0
INT-Champions League,2425,b192c7c9,2024-10-23,Manchester City,Sparta Prague,5.0,0.0
INT-Champions League,2425,7acc13f8,2024-10-23,RB Leipzig,Liverpool,0.0,1.0
INT-Champions League,2425,007fa209,2024-10-23,RB Salzburg,Dinamo Zagreb,0.0,2.0
INT-Champions League,2425,f9298241,2024-10-23,Young Boys,Inter,0.0,1.0
INT-Champions League,2425,2a80a9cc,2024-11-05,Bologna,Monaco,0.0,1.0
INT-Champions League,2425,c3867638,2024-11-05,Celtic,RB Leipzig,3.0,1.0
INT-Champions League,2425,fcac354a,2024-11-05,Dortmund,Sturm Graz,1.0,0.0
INT-Champions League,2425,f222cf32,2024-11-05,Lille,Juventus,1.0,1.0
INT-Champions League,2425,8fca6c33,2024-11-05,Liverpool,Leverkusen,4.0,0.0
INT-Champions League,2425,e12ec3c6,2024-11-05,PSV,Girona,4.0,0.0
INT-Champions League,2425,3e59f3e0,2024-11-05,Real Madrid,Milan,1.0,3.0
INT-Champions League,2425,b17b4e64,2024-11-05,Slovan Bratislava,Dinamo Zagreb,1.0,4.0
INT-Champions League,2425,342c86f6,2024-11-05,Sporting CP,Manchester City,4.0,1.0
INT-Champions League,2425,07796431,2024-11-06,Bayern Munich,Benfica,1.0,0.0
INT-Champions League,2425,b11407d0,2024-11-06,Club Brugge,Aston Villa,1.0,0.0
INT-Champions League,2425,164e2c72,2024-11-06,Feyenoord,RB Salzburg,1.0,3.0
INT-Champions League,2425,16d01a57,2024-11-06,Inter,Arsenal,1.0,0.0
INT-Champions League,2425,c32806c8,2024-11-06,PSG,Atlético Madrid,1.0,2.0
INT-Champions League,2425,9a70feac,2024-11-06,Red Star,Barcelona,2.0,5.0
INT-Champions League,2425,a4b98ad4,2024-11-06,Shakhtar D.,Young Boys,2.0,1.0
INT-Champions League,2425,9cef455e,2024-11-06,Sparta Prague,Brest,1.0,2.0
INT-Champions League,2425,506c92bc,2024-11-06,Stuttgart,Atalanta,0.0,2.0
INT-Champions League,2425,d22fed87,2024-11-26,Barcelona,Brest,3.0,0.0
INT-Champions League,2425,93b1eab0,2024-11-26,Bayern Munich,PSG,1.0,0.0
INT-Champions League,2425,36f27dd4,2024-11-26,Inter,RB Leipzig,1.0,0.0
INT-Champions League,2425,3a843132,2024-11-26,Leverkusen,RB Salzburg,5.0,0.0
INT-Champions League,2425,552c5c03,2024-11-26,Manchester City,Feyenoord,3.0,3.0
INT-Champions League,2425,28984772,2024-11-26,Slovan Bratislava,Milan,2.0,3.0
INT-Champions League,2425,7832fcc1,2024-11-26,Sparta Prague,Atlético Madrid,0.0,6.0
INT-Champions League,2425,160ca071,2024-11-26,Sporting CP,Arsenal,1.0,5.0
INT-Champions League,2425,cd869829,2024-11-26,Young Boys,Atalanta,1.0,6.0
INT-Champions League,2425,c862f866,2024-11-27,Aston Villa,Juventus,0.0,0.0
INT-Champions League,2425,defdad60,2024-11-27,Bologna,Lille,1.0,2.0
INT-Champions League,2425,c9fbb00d,2024-11-27,Celtic,Club Brugge,1.0,1.0
INT-Champions League,2425,813836d2,2024-11-27,Dinamo Zagreb,Dortmund,0.0,3.0
INT-Champions League,2425,fe779356,2024-11-27,Liverpool,Real Madrid,2.0,0.0
INT-Champions League,2425,877f4c95,2024-11-27,Monaco,Benfica,2.0,3.0
INT-Champions League,2425,d6fcf0d3,2024-11-27,PSV,Shakhtar D.,3.0,2.0
INT-Champions League,2425,8bd536f4,2024-11-27,Red Star,Stuttgart,5.0,1.0
INT-Champions League,2425,dcfcf574,2024-11-27,Sturm Graz,Girona,1.0,0.0
INT-Champions League,2425,f8e116ea,2024-12-10,Atalanta,Real Madrid,2.0,3.0
INT-Champions League,2425,bcee1130,2024-12-10,Brest,PSV,1.0,0.0
INT-Champions League,2425,2e40ef5f,2024-12-10,Club Brugge,Sporting CP,2.0,1.0
INT-Champions League,2425,bf1ff0cd,2024-12-10,Dinamo Zagreb,Celtic,0.0,0.0
INT-Champions League,2425,ac8de702,2024-12-10,Girona,Liverpool,0.0,1.0
INT-Champions League,2425,f53ce891,2024-12-10,Leverkusen,Inter,1.0,0.0
INT-Champions League,2425,64174109,2024-12-10,RB Leipzig,Aston Villa,2.0,3.0
INT-Champions League,2425,4ae86197,2024-12-10,RB Salzburg,PSG,0.0,3.0
INT-Champions League,2425,d54ab572,2024-12-10,Shakhtar D.,Bayern Munich,1.0,5.0
INT-Champions League,2425,6aa52408,2024-12-11,Arsenal,Monaco,3.0,0.0
INT-Champions League,2425,bfe9f8f6,2024-12-11,Atlético Madrid,Slovan Bratislava,3.0,1.0
INT-Champions League,2425,539a620f,2024-12-11,Benfica,Bologna,0.0,0.0
INT-Champions League,2425,cf33e56f,2024-12-11,Dortmund,Barcelona,2.0,3.0
INT-Champions League,2425,4e152dc8,2024-12-11,Feyenoord,Sparta Prague,4.0,2.0
INT-Champions League,2425,10b5de7b,2024-12-11,Juventus,Manchester City,2.0,0.0
INT-Champions League,2425,e80b91b4,2024-12-11,Lille,Sturm Graz,3.0,2.0
INT-Champions League,2425,5ff4551f,2024-12-11,Milan,Red Star,2.0,1.0
INT-Champions League,2425,379275b8,2024-12-11,Stuttgart,Young Boys,5.0,1.0
INT-Champions League,2425,16649d85,2025-01-21,Atalanta,Sturm Graz,5.0,0.0
INT-Champions League,2425,1db7242e,2025-01-21,Atlético Madrid,Leverkusen,2.0,1.0
INT-Champions League,2425,b72a4588,2025-01-21,Benfica,Barcelona,4.0,5.0
INT-Champions League,2425,d18fc520,2025-01-21,Bologna,Dortmund,2.0,1.0
INT-Champions League,2425,56137f1a,2025-01-21,Club Brugge,Juventus,0.0,0.0
INT-Champions League,2425,99c3796e,2025-01-21,Liverpool,Lille,2.0,1.0
INT-Champions League,2425,283b037e,2025-01-21,Monaco,Aston Villa,1.0,0.0
INT-Champions League,2425,753c8418,2025-01-21,Red Star,PSV,2.0,3.0
INT-Champions League,2425,c0617888,2025-01-21,Slovan Bratislava,Stuttgart,1.0,3.0
INT-Champions League,2425,99da618c,2025-01-22,Arsenal,Dinamo Zagreb,3.0,0.0
INT-Champions League,2425,893e3e53,2025-01-22,Celtic,Young Boys,1.0,0.0
INT-Champions League,2425,24be9d81,2025-01-22,Feyenoord,Bayern Munich,3.0,0.0
INT-Champions League,2425,f10cc3c6,2025-01-22,Milan,Girona,1.0,0.0
INT-Champions League,2425,f60939a2,2025-01-22,PSG,Manchester City,4.0,2.0
INT-Champions League,2425,ccdff5cf,2025-01-22,RB Leipzig,Sporting CP,2.0,1.0
INT-Champions League,2425,392ed912,2025-01-22,Real Madrid,RB Salzburg,5.0,1.0
INT-Champions League,2425,84478d9e,2025-01-22,Shakhtar D.,Brest,2.0,0.0
INT-Champions League,2425,8a6b0026,2025-01-22,Sparta Prague,Inter,0.0,1.0
INT-Champions League,2425,25e58fe8,2025-01-29,Aston Villa,Celtic,4.0,2.0
INT-Champions League,2425,7fd1f0e9,2025-01-29,Barcelona,Atalanta,2.0,2.0
INT-Champions League,2425,e44e7126,2025-01-29,Bayern Munich,Slovan Bratislava,3.0,1.0
INT-Champions League,2425,12d6e866,2025-01-29,Brest,Real Madrid,0.0,3.0
INT-Champions League,2425,e54e9914,2025-01-29,Dinamo Zagreb,Milan,2.0,1.0
INT-Champions League,2425,6afd7012,2025-01-29,Dortmund,Shakhtar D.,3.0,1.0
INT-Champions League,2425,d7d20b67,2025-01-29,Girona,Arsenal,1.0,2.0
INT-Champions League,2425,9d8d169c,2025-01-29,Inter,Monaco,3.0,0.0
INT-Champions League,2425,2505e711,2025-01-29,Juventus,Benfica,0.0,2.0
INT-Champions League,2425,9dc1db6f,2025-01-29,Leverkusen,Sparta Prague,2.0,0.0
INT-Champions League,2425,39998098,2025-01-29,Lille,Feyenoord,6.0,1.0
INT-Champions League,2425,85437667,2025-01-29,Manchester City,Club Brugge,3.0,1.0
INT-Champions League,2425,9c6b4eca,2025-01-29,PSV,Liverpool,3.0,2.0
INT-Champions League,2425,48d705ae,2025-01-29,RB Salzburg,Atlético Madrid,1.0,4.0
INT-Champions League,2425,49c46c78,2025-01-29,Sporting CP,Bologna,1.0,1.0
INT-Champions League,2425,30a931ba,2025-01-29,Sturm Graz,RB Leipzig,1.0,0.0
INT-Champions League,2425,438254ac,2025-01-29,Stuttgart,PSG,1.0,4.0
INT-Champions League,2425,d385302d,2025-01-29,Young Boys,Red Star,0.0,1.0
INT-Champions League,2425,7f0d9a30,2025-02-11,Brest,PSG,0.0,3.0
INT-Champions League,2425,0c2a0842,2025-02-11,Juventus,PSV,2.0,1.0
INT-Champions League,2425,da89a9e9,2025-02-11,Manchester City,Real Madrid,2.0,3.0
INT-Champions League,2425,e6071adf,2025-02-11,Sporting CP,Dortmund,0.0,3.0
INT-Champions League,2425,b424ad1b,2025-02-12,Celtic,Bayern Munich,1.0,2.0
INT-Champions League,2425,0fc8931f,2025-02-12,Club Brugge,Atalanta,2.0,1.0
INT-Champions League,2425,8a35132b,2025-02-12,Feyenoord,Milan,1.0,0.0
INT-Champions League,2425,2bafb4ba,2025-02-12,Monaco,Benfica,0.0,1.0
INT-Champions League,2425,fba6a162,2025-02-18,Atalanta,Club Brugge,1.0,3.0
INT-Champions League,2425,bfa4d3e7,2025-02-18,Bayern Munich,Celtic,1.0,1.0
INT-Champions League,2425,16ae1e2c,2025-02-18,Benfica,Monaco,3.0,3.0
INT-Champions League,2425,098b80cd,2025-02-18,Milan,Feyenoord,1.0,1.0
INT-Champions League,2425,4dadf9f4,2025-02-19,Dortmund,Sporting CP,0.0,0.0
INT-Champions League,2425,3f7162f1,2025-02-19,PSG,Brest,7.0,0.0
INT-Champions League,2425,2aae1e3d,2025-02-19,PSV,Juventus,3.0,1.0
INT-Champions League,2425,bef7ecbf,2025-02-19,Real Madrid,Manchester City,3.0,1.0
INT-Champions League,2425,e2019af7,2025-03-04,Club Brugge,Aston Villa,1.0,3.0
INT-Champions League,2425,605bc7e5,2025-03-04,Dortmund,Lille,1.0,1.0
INT-Champions League,2425,f7748494,2025-03-04,PSV,Arsenal,1.0,7.0
INT-Champions League,2425,4bfe43d6,2025-03-04,Real Madrid,Atlético Madrid,2.0,1.0
INT-Champions League,2425,eee40d27,2025-03-05,Bayern Munich,Leverkusen,3.0,0.0
INT-Champions League,2425,41097255,2025-03-05,Benfica,Barcelona,0.0,1.0
INT-Champions League,2425,819931ad,2025-03-05,Feyenoord,Inter,0.0,2.0
INT-Champions League,2425,c171d3bc,2025-03-05,PSG,Liverpool,0.0,1.0
INT-Champions League,2425,de8e7ccc,2025-03-11,Barcelona,Benfica,3.0,1.0
INT-Champions League,2425,11701266,2025-03-11,Inter,Feyenoord,2.0,1.0
INT-Champions League,2425,6250977f,2025-03-11,Leverkusen,Bayern Munich,0.0,2.0
INT-Champions League,2425,c27417c6,2025-03-12,Arsenal,PSV,2.0,2.0
INT-Champions League,2425,0f972b25,2025-03-12,Aston Villa,Club Brugge,3.0,0.0
INT-Champions League,2425,c2147a07,2025-03-12,Lille,Dortmund,1.0,2.0
INT-Champions League,2425,bbf76516,2025-04-08,Arsenal,Real Madrid,3.0,0.0
INT-Champions League,2425,7f7b941a,2025-04-08,Bayern Munich,Inter,1.0,2.0
INT-Champions League,2425,8b67c631,2025-04-09,Barcelona,Dortmund,4.0,0.0
INT-Champions League,2425,9f9e8b53,2025-04-09,PSG,Aston Villa,3.0,1.0
INT-Champions League,2425,0fd085bd,2025-04-15,Aston Villa,PSG,3.0,2.0
INT-Champions League,2425,a7b1cab8,2025-04-15,Dortmund,Barcelona,3.0,1.0
INT-Champions League,2425,1219dd65,2025-04-16,Inter,Bayern Munich,2.0,2.0
INT-Champions League,2425,b3039bb2,2025-04-16,Real Madrid,Arsenal,1.0,2.0
INT-Champions League,2425,d85808e6,2025-04-29,Arsenal,PSG,0.0,1.0
INT-Champions League,2425,4b3ea62f,2025-04-30,Barcelona,Inter,3.0,3.0
INT-Champions League,2425,ff6aaaa9,2025-05-06,Inter,Barcelona,4.0,3.0
INT-Champions League,2425,a73bdd5b,2025-05-07,PSG,Arsenal,2.0,1.0
INT-Champions League,2425,5185c7d5,2025-05-31,PSG,Inter,5.0,0.0
INT-Champions League,2526,bea5d97a,2025-09-16,Athletic Club,Arsenal,0.0,2.0
INT-Champions League,2526,09951d6f,2025-09-16,Benfica,Qarabağ,2.0,3.0
INT-Champions League,2526,fd940777,2025-09-16,Juventus,Dortmund,4.0,4.0
INT-Champions League,2526,55f1e483,2025-09-16,PSV,Union SG,1.0,3.0
INT-Champions League,2526,da642f56,2025-09-16,Real Madrid,Marseille,2.0,1.0
INT-Champions League,2526,163add56,2025-09-16,Tottenham,Villarreal,1.0,0.0
INT-Champions League,2526,d8ae5064,2025-09-17,Ajax,Inter,0.0,2.0
INT-Champions League,2526,d8142627,2025-09-17,Bayern Munich,Chelsea,3.0,1.0
INT-Champions League,2526,aaca9bcb,2025-09-17,Liverpool,Atlético Madrid,3.0,2.0
INT-Champions League,2526,24c159e8,2025-09-17,Olympiacos,Pafos FC,0.0,0.0
INT-Champions League,2526,d7a07227,2025-09-17,PSG,Atalanta,4.0,0.0
INT-Champions League,2526,0aabb023,2025-09-17,Slavia Prague,Bodø/Glimt,2.0,2.0
INT-Champions League,2526,cb2a4725,2025-09-18,Club Brugge,Monaco,4.0,1.0
INT-Champions League,2526,04664542,2025-09-18,FC Copenhagen,Leverkusen,2.0,2.0
INT-Champions League,2526,96500f2e,2025-09-18,Frankfurt,Galatasaray,5.0,1.0
INT-Champions League,2526,dc462ab9,2025-09-18,Manchester City,Napoli,2.0,0.0
INT-Champions League,2526,53708b73,2025-09-18,Newcastle,Barcelona,1.0,2.0
INT-Champions League,2526,8c31c662,2025-09-18,Sporting CP,FC Kairat,4.0,1.0
INT-Champions League,2526,faa23c65,2025-09-30,Atalanta,Club Brugge,2.0,1.0
INT-Champions League,2526,bc209de1,2025-09-30,Atlético Madrid,Frankfurt,5.0,1.0
INT-Champions League,2526,54179334,2025-09-30,Bodø/Glimt,Tottenham,2.0,2.0
INT-Champions League,2526,72b9bd4f,2025-09-30,Chelsea,Benfica,1.0,0.0
INT-Champions League,2526,36ad3a92,2025-09-30,FC Kairat,Real Madrid,0.0,5.0
INT-Champions League,2526,ad5b86fc,2025-09-30,Galatasaray,Liverpool,1.0,0.0
INT-Champions League,2526,52f10a04,2025-09-30,Inter,Slavia Prague,3.0,0.0
INT-Champions League,2526,8180729f,2025-09-30,Marseille,Ajax,4.0,0.0
INT-Champions League,2526,0167be93,2025-09-30,Pafos FC,Bayern Munich,1.0,5.0
INT-Champions League,2526,9b470fba,2025-10-01,Arsenal,Olympiacos,2.0,0.0
INT-Champions League,2526,01f948be,2025-10-01,Barcelona,PSG,1.0,2.0
INT-Champions League,2526,456601f1,2025-10-01,Dortmund,Athletic Club,4.0,1.0
INT-Champions League,2526,adec29e6,2025-10-01,Leverkusen,PSV,1.0,1.0
INT-Champions League,2526,625d4779,2025-10-01,Monaco,Manchester City,2.0,2.0
INT-Champions League,2526,0def235c,2025-10-01,Napoli,Sporting CP,2.0,1.0
INT-Champions League,2526,dd305ccd,2025-10-01,Qarabağ,FC Copenhagen,2.0,0.0
INT-Champions League,2526,b59bda26,2025-10-01,Union SG,Newcastle,0.0,4.0
INT-Champions League,2526,568fef5b,2025-10-01,Villarreal,Juventus,2.0,2.0
INT-Champions League,2526,eb69818b,2025-10-21,Arsenal,Atlético Madrid,4.0,0.0
INT-Champions League,2526,d1cd53ab,2025-10-21,Barcelona,Olympiacos,6.0,1.0
INT-Champions League,2526,41abb87d,2025-10-21,FC Copenhagen,Dortmund,2.0,4.0
INT-Champions League,2526,81e0e1bc,2025-10-21,FC Kairat,Pafos FC,0.0,0.0
INT-Champions League,2526,b3c2cd75,2025-10-21,Leverkusen,PSG,2.0,7.0
INT-Champions League,2526,0a4bcfee,2025-10-21,Newcastle,Benfica,3.0,0.0
INT-Champions League,2526,b3d5ed14,2025-10-21,PSV,Napoli,6.0,2.0
INT-Champions League,2526,7bbb4c34,2025-10-21,Union SG,Inter,0.0,4.0
INT-Champions League,2526,a16070e0,2025-10-21,Villarreal,Manchester City,0.0,2.0
INT-Champions League,2526,9d6c47dd,2025-10-22,Atalanta,Slavia Prague,0.0,0.0
INT-Champions League,2526,a3b54f5a,2025-10-22,Athletic Club,Qarabağ,3.0,1.0
INT-Champions League,2526,3575ee98,2025-10-22,Bayern Munich,Club Brugge,4.0,0.0
INT-Champions League,2526,9e61762b,2025-10-22,Chelsea,Ajax,5.0,1.0
INT-Champions League,2526,81f9de1b,2025-10-22,Frankfurt,Liverpool,1.0,5.0
INT-Champions League,2526,efbed8f6,2025-10-22,Galatasaray,Bodø/Glimt,3.0,1.0
INT-Champions League,2526,e75c2e71,2025-10-22,Monaco,Tottenham,0.0,0.0
INT-Champions League,2526,f852850a,2025-10-22,Real Madrid,Juventus,1.0,0.0
INT-Champions League,2526,cc2455ff,2025-10-22,Sporting CP,Marseille,2.0,1.0
INT-Champions League,2526,8fa157cf,2025-11-04,Atlético Madrid,Union SG,3.0,1.0
INT-Champions League,2526,c5a6b073,2025-11-04,Bodø/Glimt,Monaco,0.0,1.0
INT-Champions League,2526,82e10a79,2025-11-04,Juventus,Sporting CP,1.0,1.0
INT-Champions League,2526,c520d457,2025-11-04,Liverpool,Real Madrid,1.0,0.0
INT-Champions League,2526,397ea615,2025-11-04,Napoli,Frankfurt,0.0,0.0
INT-Champions League,2526,f11d1d87,2025-11-04,Olympiacos,PSV,1.0,1.0
INT-Champions League,2526,29822d1e,2025-11-04,PSG,Bayern Munich,1.0,2.0
INT-Champions League,2526,716ef24e,2025-11-04,Slavia Prague,Arsenal,0.0,3.0
INT-Champions League,2526,0b4ec308,2025-11-04,Tottenham,FC Copenhagen,4.0,0.0
INT-Champions League,2526,6f9b2ad8,2025-11-05,Ajax,Galatasaray,0.0,3.0
INT-Champions League,2526,9de891f0,2025-11-05,Benfica,Leverkusen,0.0,1.0
INT-Champions League,2526,e98a3106,2025-11-05,Club Brugge,Barcelona,3.0,3.0
INT-Champions League,2526,74568071,2025-11-05,Inter,FC Kairat,2.0,1.0
INT-Champions League,2526,4c4cc6a1,2025-11-05,Manchester City,Dortmund,4.0,1.0
INT-Champions League,2526,559b75cf,2025-11-05,Marseille,Atalanta,0.0,1.0
INT-Champions League,2526,83f9e231,2025-11-05,Newcastle,Athletic Club,2.0,0.0
INT-Champions League,2526,633d3171,2025-11-05,Pafos FC,Villarreal,1.0,0.0
INT-Champions League,2526,a905a8d0,2025-11-05,Qarabağ,Chelsea,2.0,2.0
INT-Champions League,2526,8dbe16fe,2025-11-25,Ajax,Benfica,0.0,2.0
INT-Champions League,2526,03c473e7,2025-11-25,Bodø/Glimt,Juventus,2.0,3.0
INT-Champions League,2526,1d5355d4,2025-11-25,Chelsea,Barcelona,3.0,0.0
INT-Champions League,2526,9f5915ff,2025-11-25,Dortmund,Villarreal,4.0,0.0
INT-Champions League,2526,8680fdaa,2025-11-25,Galatasaray,Union SG,0.0,1.0
INT-Champions League,2526,ef8d3dfb,2025-11-25,Manchester City,Leverkusen,0.0,2.0
INT-Champions League,2526,e53305cc,2025-11-25,Marseille,Newcastle,2.0,1.0
INT-Champions League,2526,9918c573,2025-11-25,Napoli,Qarabağ,2.0,0.0
INT-Champions League,2526,d993af85,2025-11-25,Slavia Prague,Athletic Club,0.0,0.0
INT-Champions League,2526,8436e427,2025-11-26,Arsenal,Bayern Munich,3.0,1.0
INT-Champions League,2526,1152f0e9,2025-11-26,Atlético Madrid,Inter,2.0,1.0
INT-Champions League,2526,c43ed1b8,2025-11-26,FC Copenhagen,FC Kairat,3.0,2.0
INT-Champions League,2526,720fd028,2025-11-26,Frankfurt,Atalanta,0.0,3.0
INT-Champions League,2526,dac9e00f,2025-11-26,Liverpool,PSV,1.0,4.0
INT-Champions League,2526,4218b93a,2025-11-26,Olympiacos,Real Madrid,3.0,4.0
INT-Champions League,2526,cff71a79,2025-11-26,PSG,Tottenham,5.0,3.0
INT-Champions League,2526,cdf213a8,2025-11-26,Pafos FC,Monaco,2.0,2.0
INT-Champions League,2526,07ad9e86,2025-11-26,Sporting CP,Club Brugge,3.0,0.0
INT-Champions League,2526,eb993fe2,2025-12-09,Atalanta,Chelsea,2.0,1.0
INT-Champions League,2526,f302a362,2025-12-09,Barcelona,Frankfurt,2.0,1.0
INT-Champions League,2526,358e563a,2025-12-09,Bayern Munich,Sporting CP,3.0,1.0
INT-Champions League,2526,d86d814b,2025-12-09,FC Kairat,Olympiacos,0.0,1.0
INT-Champions League,2526,2f0ddd1f,2025-12-09,Inter,Liverpool,0.0,1.0
INT-Champions League,2526,720903e7,2025-12-09,Monaco,Galatasaray,1.0,0.0
INT-Champions League,2526,10bb42b3,2025-12-09,PSV,Atlético Madrid,2.0,3.0
INT-Champions League,2526,71662e7e,2025-12-09,Tottenham,Slavia Prague,3.0,0.0
INT-Champions League,2526,a70811e8,2025-12-09,Union SG,Marseille,2.0,3.0
INT-Champions League,2526,95dd2723,2025-12-10,Athletic Club,PSG,0.0,0.0
INT-Champions League,2526,111bcd6c,2025-12-10,Benfica,Napoli,2.0,0.0
INT-Champions League,2526,211e2c54,2025-12-10,Club Brugge,Arsenal,0.0,3.0
INT-Champions League,2526,1cd25106,2025-12-10,Dortmund,Bodø/Glimt,2.0,2.0
INT-Champions League,2526,c2ced7c2,2025-12-10,Juventus,Pafos FC,2.0,0.0
INT-Champions League,2526,7a420467,2025-12-10,Leverkusen,Newcastle,2.0,2.0
INT-Champions League,2526,a0306924,2025-12-10,Qarabağ,Ajax,2.0,4.0
INT-Champions League,2526,b3ad23d4,2025-12-10,Real Madrid,Manchester City,1.0,2.0
INT-Champions League,2526,3b7a75d0,2025-12-10,Villarreal,FC Copenhagen,2.0,3.0
INT-Champions League,2526,8e951e36,2026-01-20,Bodø/Glimt,Manchester City,3.0,1.0
INT-Champions League,2526,2b90bfe5,2026-01-20,FC Copenhagen,Napoli,1.0,1.0
INT-Champions League,2526,f32373c1,2026-01-20,FC Kairat,Club Brugge,1.0,4.0
INT-Champions League,2526,6b2f3e56,2026-01-20,Inter,Arsenal,1.0,3.0
INT-Champions League,2526,8b67bd16,2026-01-20,Olympiacos,Leverkusen,2.0,0.0
INT-Champions League,2526,95b73e54,2026-01-20,Real Madrid,Monaco,6.0,1.0
INT-Champions League,2526,cd77ed9a,2026-01-20,Sporting CP,PSG,2.0,1.0
INT-Champions League,2526,00713c13,2026-01-20,Tottenham,Dortmund,2.0,0.0
INT-Champions League,2526,d01bf57a,2026-01-20,Villarreal,Ajax,1.0,2.0
INT-Champions League,2526,0e7b0a00,2026-01-21,Atalanta,Athletic Club,2.0,3.0
INT-Champions League,2526,b5ae43f1,2026-01-21,Bayern Munich,Union SG,2.0,0.0
INT-Champions League,2526,04910590,2026-01-21,Chelsea,Pafos FC,1.0,0.0
INT-Champions League,2526,efe0060f,2026-01-21,Galatasaray,Atlético Madrid,1.0,1.0
INT-Champions League,2526,25e9c011,2026-01-21,Juventus,Benfica,2.0,0.0
INT-Champions League,2526,c8749b66,2026-01-21,Marseille,Liverpool,0.0,3.0
INT-Champions League,2526,e4cb71d9,2026-01-21,Newcastle,PSV,3.0,0.0
INT-Champions League,2526,8208b187,2026-01-21,Qarabağ,Frankfurt,3.0,2.0
INT-Champions League,2526,cd825133,2026-01-21,Slavia Prague,Barcelona,2.0,4.0
INT-Champions League,2526,d4d9df62,2026-01-28,Ajax,Olympiacos,1.0,2.0
INT-Champions League,2526,81022670,2026-01-28,Arsenal,FC Kairat,3.0,2.0
INT-Champions League,2526,d5698190,2026-01-28,Athletic Club,Sporting CP,2.0,3.0
INT-Champions League,2526,6e65e70f,2026-01-28,Atlético Madrid,Bodø/Glimt,1.0,2.0
INT-Champions League,2526,03345458,2026-01-28,Barcelona,FC Copenhagen,4.0,1.0
INT-Champions League,2526,3a9b3391,2026-01-28,Benfica,Real Madrid,4.0,2.0
INT-Champions League,2526,89ecd11c,2026-01-28,Club Brugge,Marseille,3.0,0.0
INT-Champions League,2526,b9aa1986,2026-01-28,Dortmund,Inter,0.0,2.0
INT-Champions League,2526,58a4d460,2026-01-28,Frankfurt,Tottenham,0.0,2.0
INT-Champions League,2526,7448c24d,2026-01-28,Leverkusen,Villarreal,3.0,0.0
INT-Champions League,2526,118f6dda,2026-01-28,Liverpool,Qarabağ,6.0,0.0
INT-Champions League,2526,7e57e8a7,2026-01-28,Manchester City,Galatasaray,2.0,0.0
INT-Champions League,2526,58961c11,2026-01-28,Monaco,Juventus,0.0,0.0
INT-Champions League,2526,069cf38e,2026-01-28,Napoli,Chelsea,2.0,3.0
INT-Champions League,2526,783e17da,2026-01-28,PSG,Newcastle,1.0,1.0
INT-Champions League,2526,bd8505ba,2026-01-28,PSV,Bayern Munich,1.0,2.0
INT-Champions League,2526,1360d7a0,2026-01-28,Pafos FC,Slavia Prague,4.0,1.0
INT-Champions League,2526,f9a466ca,2026-01-28,Union SG,Atalanta,1.0,0.0
INT-Champions League,2526,9a09b8fb,2026-02-17,Benfica,Real Madrid,0.0,1.0
INT-Champions League,2526,24cd4644,2026-02-17,Dortmund,Atalanta,2.0,0.0
INT-Champions League,2526,b0455100,2026-02-17,Galatasaray,Juventus,5.0,2.0
INT-Champions League,2526,cbab3921,2026-02-17,Monaco,PSG,2.0,3.0
INT-Champions League,2526,588cf540,2026-02-18,Bodø/Glimt,Inter,3.0,1.0
INT-Champions League,2526,5ec01769,2026-02-18,Club Brugge,Atlético Madrid,3.0,3.0
INT-Champions League,2526,031da5ca,2026-02-18,Olympiacos,Leverkusen,0.0,2.0
INT-Champions League,2526,5bbc31cf,2026-02-18,Qarabağ,Newcastle,1.0,6.0
INT-Champions League,2526,90d967b3,2026-02-24,Atlético Madrid,Club Brugge,4.0,1.0
INT-Champions League,2526,5e7c74db,2026-02-24,Inter,Bodø/Glimt,1.0,2.0
INT-Champions League,2526,68ac290d,2026-02-24,Leverkusen,Olympiacos,0.0,0.0
INT-Champions League,2526,25268603,2026-02-24,Newcastle,Qarabağ,3.0,2.0
INT-Champions League,2526,920ee81a,2026-02-25,Atalanta,Dortmund,4.0,1.0
INT-Champions League,2526,c370fac4,2026-02-25,Juventus,Galatasaray,3.0,2.0
INT-Champions League,2526,5f758aae,2026-02-25,PSG,Monaco,2.0,2.0
INT-Champions League,2526,edd5a44f,2026-02-25,Real Madrid,Benfica,2.0,1.0
INT-Champions League,2526,641dac9e,2026-03-10,Atalanta,Bayern Munich,1.0,6.0
INT-Champions League,2526,6cc09928,2026-03-10,Atlético Madrid,Tottenham,5.0,2.0
INT-Champions League,2526,aaaee13a,2026-03-10,Galatasaray,Liverpool,1.0,0.0
INT-Champions League,2526,e65f6e88,2026-03-10,Newcastle,Barcelona,1.0,1.0
INT-Champions League,2526,1cb8494d,2026-03-11,Bodø/Glimt,Sporting CP,3.0,0.0
INT-Champions League,2526,8ac35220,2026-03-11,Leverkusen,Arsenal,1.0,1.0
INT-Champions League,2526,204f412b,2026-03-11,PSG,Chelsea,5.0,2.0
INT-Champions League,2526,eb4ca336,2026-03-11,Real Madrid,Manchester City,3.0,0.0
INT-Champions League,2526,df3696b5,2026-03-17,Arsenal,Leverkusen,2.0,0.0
INT-Champions League,2526,8247508b,2026-03-17,Chelsea,PSG,0.0,3.0
INT-Champions League,2526,61478683,2026-03-17,Manchester City,Real Madrid,1.0,2.0
INT-Champions League,2526,9ea33b38,2026-03-17,Sporting CP,Bodø/Glimt,5.0,0.0
INT-Champions League,2526,ac26edb1,2026-03-18,Barcelona,Newcastle,7.0,2.0
INT-Champions League,2526,954c67e8,2026-03-18,Bayern Munich,Atalanta,4.0,1.0
INT-Champions League,2526,46ccf9e9,2026-03-18,Liverpool,Galatasaray,4.0,0.0
INT-Champions League,2526,10a26782,2026-03-18,Tottenham,Atlético Madrid,3.0,2.0
INT-Champions League,2526,bb08fbb2,2026-04-07,Real Madrid,Bayern Munich,1.0,2.0
INT-Champions League,2526,9448b0a3,2026-04-07,Sporting CP,Arsenal,0.0,1.0
INT-Champions League,2526,3f6d5e1a,2026-04-08,Barcelona,Atlético Madrid,0.0,2.0
INT-Champions League,2526,eb9b55fb,2026-04-08,PSG,Liverpool,2.0,0.0
INT-Champions League,2526,307181ed,2026-04-14,Atlético Madrid,Barcelona,1.0,2.0
INT-Champions League,2526,f4be5c9f,2026-04-14,Liverpool,PSG,0.0,2.0
INT-Champions League,2526,c5b7c775,2026-04-15,Arsenal,Sporting CP,0.0,0.0
INT-Champions League,2526,3dfc548a,2026-04-15,Bayern Munich,Real Madrid,4.0,3.0
INT-Champions League,2526,ed9f3eae,2026-04-28,PSG,Bayern Munich,5.0,4.0
INT-Champions League,2526,f0faa228,2026-04-29,Atlético Madrid,Arsenal,1.0,1.0
INT-Champions League,2526,42f5fbaf,2026-05-05,Arsenal,Atlético Madrid,1.0,0.0
INT-Champions League,2526,235bdaac,2026-05-06,Bayern Munich,PSG,1.0,1.0
INT-Champions League,2627,ebae4e12,2026-07-07,Ararat-Armenia,Rīga FC,2.0,0.0
INT-Champions League,2627,89a8e166,2026-07-07,B. Banja Luka,Levski Sofia,1.0,1.0
INT-Champions League,2627,9a46ef63,2026-07-07,FK Vardar,KuPS,0.0,2.0
INT-Champions League,2627,1eca45ed,2026-07-07,Floriana FC,Shamrock,2.0,0.0
INT-Champions League,2627,17b74a87,2026-07-07,KV,Győr,1.0,0.0
INT-Champions League,2627,439ede10,2026-07-07,Kauno Žalgiris,KF Drita,1.0,1.0
INT-Champions League,2627,48777d1c,2026-07-07,KÍ Klaksvík,FC Atert Bissen,2.0,1.0
INT-Champions League,2627,06161dae,2026-07-07,Lincoln FC,Inter d'Escaldes,3.0,1.0
INT-Champions League,2627,fe148252,2026-07-07,Sabah FK,The New Saints,2.0,0.0
INT-Champions League,2627,27c5a259,2026-07-07,Tre Fiori,Larne FC,0.0,1.0
INT-Champions League,2627,9ed6535f,2026-07-08,FC Flora,Iberia 1999,2.0,3.0
INT-Champions League,2627,ce75dd1e,2026-07-08,FC Kairat,Sutjeska Nikšić,2.0,1.0
INT-Champions League,2627,f02a3c2d,2026-07-08,ML Vitebsk,CS U Craiova,1.0,4.0
INT-Champions League,2627,8178a816,2026-07-08,Petrocub,FK Egnatia,1.0,1.0
INT-Champions League,2627,7accf4c5,2026-07-14,Győr,KV,2.0,2.0
INT-Champions League,2627,b3142acb,2026-07-14,Iberia 1999,FC Flora,2.0,2.0
INT-Champions League,2627,b4f25410,2026-07-14,Inter d'Escaldes,Lincoln FC,1.0,1.0
INT-Champions League,2627,083d73cd,2026-07-14,KF Drita,Kauno Žalgiris,2.0,3.0
INT-Champions League,2627,84c43b57,2026-07-14,KuPS,FK Vardar,2.0,3.0
INT-Champions League,2627,8452fb62,2026-07-14,Larne FC,Tre Fiori,2.0,1.0
INT-Champions League,2627,32d887a3,2026-07-14,Levski Sofia,B. Banja Luka,4.0,0.0
INT-Champions League,2627,8bcb803c,2026-07-14,Rīga FC,Ararat-Armenia,3.0,2.0
INT-Champions League,2627,7b1376c8,2026-07-14,Shamrock,Floriana FC,5.0,1.0
INT-Champions League,2627,68c88dbf,2026-07-14,The New Saints,Sabah FK,1.0,2.0
INT-Champions League,2627,182bd358,2026-07-15,CS U Craiova,ML Vitebsk,1.0,0.0
INT-Champions League,2627,e81af46e,2026-07-15,FC Atert Bissen,KÍ Klaksvík,1.0,2.0
INT-Champions League,2627,c34b90b6,2026-07-15,FK Egnatia,Petrocub,6.0,1.0
INT-Champions League,2627,568c17cb,2026-07-15,Sutjeska Nikšić,FC Kairat,0.0,2.0
INT-Champions League,2627,5999540d,2026-07-21,AGF,Lech Poznań,1.0,4.0
INT-Champions League,2627,9a83b147,2026-07-21,Ararat-Armenia,Shamrock,2.0,0.0
INT-Champions League,2627,1daf5910,2026-07-21,Fenerbahçe,Górnik Zabrze,1.0,0.0
INT-Champions League,2627,9fc92f98,2026-07-21,Iberia 1999,Slovan Bratislava,0.0,2.0
INT-Champions League,2627,4882f1a3,2026-07-21,KV,H. Be'er Sheva,2.0,1.0
INT-Champions League,2627,c0cb122a,2026-07-21,KÍ Klaksvík,Kauno Žalgiris,0.0,0.0
INT-Champions League,2627,f07ab67d,2026-07-21,Larne FC,Red Star,0.0,4.0
INT-Champions League,2627,24fa960f,2026-07-21,Mjällby,Lincoln FC,3.0,0.0
INT-Champions League,2627,a63eb038,2026-07-21,Sabah FK,KuPS,1.0,0.0
INT-Champions League,2627,807a9e6c,2026-07-21,Sturm Graz,Hearts,4.0,0.0
INT-Champions League,2627,050c5acf,2026-07-21,Thun,Dinamo Zagreb,1.0,1.0
INT-Champions League,2627,f3dfe788,2026-07-22,AC Omonia,FC Kairat,1.0,0.0
INT-Champions League,2627,1f2a6c84,2026-07-22,FK Egnatia,NK Celje,3.0,3.0
INT-Champions League,2627,6e16dd6a,2026-07-22,Levski Sofia,CS U Craiova,1.0,0.0
INT-Champions League,2627,a141f682,2026-07-28,Dinamo Zagreb,Thun,3.0,2.0
INT-Champions League,2627,1a2ca939,2026-07-28,Hearts,Sturm Graz,0.0,2.0
INT-Champions League,2627,b8fda983,2026-07-28,KuPS,Sabah FK,0.0,2.0
INT-Champions League,2627,baa3cd34,2026-07-28,Lincoln FC,Mjällby,0.0,0.0
INT-Champions League,2627,d17ef9ed,2026-07-28,Shamrock,Ararat-Armenia,2.0,1.0
INT-Champions League,2627,3a7ea210,2026-07-29,CS U Craiova,Levski Sofia,2.0,2.0
INT-Champions League,2627,137e1448,2026-07-29,Górnik Zabrze,Fenerbahçe,1.0,1.0
INT-Champions League,2627,8d26cf67,2026-07-29,H. Be'er Sheva,KV,2.0,0.0
INT-Champions League,2627,ae76752b,2026-07-29,Kauno Žalgiris,KÍ Klaksvík,1.0,0.0
INT-Champions League,2627,a6e81ed0,2026-07-29,Red Star,Larne FC,5.0,0.0
INT-Champions League,2627,3f16776d,2026-07-29,Slovan Bratislava,Iberia 1999,1.0,1.0
INT-Champions League,2627,f1c1cd9f,2026-08-04,Ararat-Armenia,NK Celje,2.0,1.0
INT-Champions League,2627,283dd7d3,2026-08-04,Dinamo Zagreb,Kauno Žalgiris,5.0,0.0
INT-Champions League,2627,dbc1e982,2026-08-04,H. Be'er Sheva,Red Star,1.0,0.0
INT-Champions League,2627,24a01f93,2026-08-04,Levski Sofia,FC Kairat,1.0,0.0
INT-Champions League,2627,924ce97b,2026-08-04,Mjällby,Slovan Bratislava,1.0,2.0
INT-Champions League,2627,9e7a822b,2026-08-04,Olympiacos,NEC Nijmegen,0.0,0.0
INT-Champions League,2627,3d6aa859,2026-08-04,Sparta Prague,Lyon,2.0,1.0
INT-Champions League,2627,48ca270f,2026-08-04,Union SG,Bodø/Glimt,3.0,3.0
INT-Champions League,2627,c20a1329,2026-08-05,AGF,Sabah FK,2.0,1.0
INT-Champions League,2627,3643802d,2026-08-05,Fenerbahçe,Sturm Graz,2.0,0.0
INT-Champions League,2627,746afaca,2026-08-11,Bodø/Glimt,Union SG,3.0,2.0
INT-Champions League,2627,d70112fa,2026-08-11,FC Kairat,Levski Sofia,0.0,1.0
INT-Champions League,2627,ee554409,2026-08-11,Kauno Žalgiris,Dinamo Zagreb,1.0,2.0
INT-Champions League,2627,992eed64,2026-08-11,Lyon,Sparta Prague,3.0,0.0
INT-Champions League,2627,c0425468,2026-08-11,NEC Nijmegen,Olympiacos,2.0,1.0
INT-Champions League,2627,b8f3ed9e,2026-08-11,NK Celje,Ararat-Armenia,2.0,0.0
INT-Champions League,2627,72bc8921,2026-08-11,Red Star,H. Be'er Sheva,0.0,2.0
INT-Champions League,2627,7ac4e27b,2026-08-11,Sabah FK,AGF,4.0,0.0
INT-Champions League,2627,63e4f2c7,2026-08-11,Slovan Bratislava,Mjällby,2.0,0.0
INT-Champions League,2627,10d56789,2026-08-11,Sturm Graz,Fenerbahçe,0.0,1.0
