league,team,overall,attack,midfield,defence,transfer_budget,club_worth,build_up_speed,build_up_dribbling,build_up_passing,build_up_positioning,chance_creation_crossing,chance_creation_passing,chance_creation_shooting,chance_creation_positioning,defence_aggression,defence_pressure,defence_team_width,defence_defender_line,defence_domestic_prestige,international_prestige,players,starting_xi_average_age,whole_team_average_age,fifa_edition,update
FRA-Ligue 1,Ajaccio,70,71,70,70,€3.9M,€25M,Slow,Little,Short,Organised,Little,Safe,Little,Organised,Contain,Deep,Narrow,Cover,1,1,28,30.27,27.79,FIFA 23,2022-09-01
FRA-Ligue 1,Ajaccio,70,70,71,70,€3.9M,€25M,Slow,Little,Short,Organised,Little,Safe,Little,Organised,Contain,Deep,Narrow,Cover,1,1,29,30.55,28.07,FIFA 23,2023-02-07
ESP-La Liga,Alavés,76,77,74,76,€4.4M,€13M,Slow,Little,Short,Organised,Little,Safe,Little,Organised,Contain,Deep,Narrow,Cover,3,1,32,28.73,25.22,FIFA 21,2021-09-02
ESP-La Liga,Alavés,75,76,74,76,€4.4M,€13M,Slow,Little,Short,Organised,Little,Safe,Little,Organised,Contain,Deep,Narrow,Cover,3,1,30,28.00,25.27,FIFA 22,2022-02-03
ESP-La Liga,Alavés,72,73,73,73,€4.4M,€13M,Slow,Little,Short,Organised,Little,Safe,Little,Organised,Contain,Deep,Narrow,Cover,2,1,28,27.00,24.04,FC 24,2023-09-22
ESP-La Liga,Alavés,73,73,74,73,€4.4M,€13M,Slow,Little,Short,Organised,Little,Safe,Little,Organised,Contain,Deep,Narrow,Cover,2,1,30,24.64,23.93,FC 24,2024-02-01
ESP-La Liga,Alavés,73,74,73,73,€4.4M,€13M,Slow,Little,Short,Organised,Little,Safe,Little,Organised,Contain,Deep,Narrow,Cover,2,1,27,27.45,24.93,FC 25,2024-09-20
ESP-La Liga,Alavés,74,74,74,73,€4.4M,€13M,Slow,Little,Short,Organised,Little,Safe,Little,Organised,Contain,Deep,Narrow,Cover,2,1,25,27.18,25.36,FC 25,2025-02-04
ESP-La Liga,Alavés,74,73,74,73,€4.4M,€13M,Slow,Little,Short,Organised,Little,Safe,Little,Organised,Contain,Deep,Narrow,Cover,2,1,24,27.09,26.96,FC 26,2025-09-10
ESP-La Liga,Alavés,74,74,74,73,€4.4M,€13M,Slow,Little,Short,Organised,Little,Safe,Little,Organised,Contain,Deep,Narrow,Cover,2,1,26,26.82,26.35,FC 26,2026-02-04
ESP-La Liga,Alavés,74,77,73,74,€4.4M,€13M,Slow,Little,Short,Organised,Little,Safe,Little,Organised,Contain,Deep,Narrow,Cover,2,1,27,26.91,25.81,FC 26,2026-07-23
ESP-La Liga,Almería,73,77,72,73,€10.8M,€47M,Slow,Little,Short,Organised,Little,Safe,Little,Organised,Contain,Deep,Narrow,Cover,2,1,33,26.09,24.21,FIFA 23,2022-09-01
ESP-La Liga,Almería,74,73,74,73,€10.8M,€47M,Slow,Little,Short,Organised,Little,Safe,Little,Organised,Contain,Deep,Narrow,Cover,2,1,30,26.91,24.53,FIFA 23,2023-02-07
ESP-La Liga,Almería,75,75,74,74,€10.8M,€47M,Slow,Little,Short,Organised,Little,Safe,Little,Organised,Contain,Deep,Narrow,Cover,2,1,30,24.82,24.13,FC 24,2023-09-22
ESP-La Liga,Almería,75,75,74,74,€10.8M,€47M,Slow,Little,Short,Organised,Little,Safe,Little,Organised,Contain,Deep,Narrow,Cover,2,1,31,24.73,23.84,FC 24,2024-02-01
FRA-Ligue 1,Angers,75,75,75,74,€5.6M,€32M,Slow,Little,Short,Organised,Little,Safe,Little,Organised,Contain,Deep,Narrow,Cover,4,1,33,27.73,25.09,FIFA 21,2021-09-02
FRA-Ligue 1,Angers,73,73,73,75,€6.3M,€45M,Slow,Little,Short,Organised,Little,Safe,Little,Organised,Contain,Deep,Narrow,Cover,4,1,27,27.27,25.00,FIFA 22,2022-02-03
FRA-Ligue 1,Angers,72,73,72,71,€6.3M,€45M,Slow,Little,Short,Organised,Little,Safe,Little,Organised,Contain,Deep,Narrow,Cover,3,1,27,25.82,24.78,FIFA 23,2022-09-01
FRA-Ligue 1,Angers,71,72,70,71,€6.3M,€45M,Slow,Little,Short,Organised,Little,Safe,Little,Organised,Contain,Deep,Narrow,Cover,3,1,31,24.91,24.32,FIFA 23,2023-02-07
FRA-Ligue 1,Angers,70,72,69,69,€6.9M,€70M,Slow,Little,Short,Organised,Little,Safe,Little,Organised,Contain,Deep,Narrow,Cover,2,1,31,27.45,25.87,FC 25,2024-09-20
FRA-Ligue 1,Angers,70,70,71,69,€6.9M,€70M,Slow,Little,Short,Organised,Little,Safe,Little,Organised,Contain,Deep,Narrow,Cover,2,1,30,27.09,26.07,FC 25,2025-02-04
FRA-Ligue 1,Angers,71,60,70,71,€5.3M,€63M,Slow,Little,Short,Organised,Little,Safe,Little,Organised,Contain,Deep,Narrow,Cover,2,1,30,25.73,23.57,FC 26,2025-09-10
FRA-Ligue 1,Angers,72,70,72,72,€5.3M,€63M,Slow,Little,Short,Organised,Little,Safe,Little,Organised,Contain,Deep,Narrow,Cover,2,1,26,25.00,24.54,FC 26,2026-02-04
FRA-Ligue 1,Angers,72,71,72,70,€5.3M,€63M,Slow,Little,Short,Organised,Little,Safe,Little,Organised,Contain,Deep,Narrow,Cover,2,1,23,24.45,23.22,FC 26,2026-07-23
GER-Bundesliga,Arminia,72,72,72,71,€2.3M,€39M,Slow,Little,Short,Organised,Little,Safe,Little,Organised,Contain,Deep,Narrow,Cover,1,1,27,25.27,24.41,FIFA 21,2021-09-02
GER-Bundesliga,Arminia,72,72,72,72,€2.3M,€49M,Slow,Little,Short,Organised,Little,Safe,Little,Organised,Contain,Deep,Narrow,Cover,2,1,27,24.82,23.85,FIFA 22,2022-02-03
ENG-Premier League,Arsenal,80,83,79,79,€80M,€1.8B,Slow,Little,Short,Organised,Little,Safe,Little,Organised,Contain,Deep,Narrow,Cover,7,7,33,24.73,23.55,FIFA 21,2021-09-02
ENG-Premier League,Arsenal,79,82,79,79,€77.5M,€2.4B,Slow,Little,Short,Organised,Little,Safe,Little,Organised,Contain,Deep,Narrow,Cover,7,7,33,23.82,21.73,FIFA 22,2022-02-03
ENG-Premier League,Arsenal,80,83,80,79,€79.5M,€2B,Slow,Little,Short,Organised,Little,Safe,Little,Organised,Contain,Deep,Narrow,Cover,7,7,33,24.09,23.88,FIFA 23,2022-09-01
ENG-Premier League,Arsenal,81,82,82,81,€79.5M,€2B,Slow,Little,Short,Organised,Little,Safe,Little,Organised,Contain,Deep,Narrow,Cover,7,7,31,24.09,23.06,FIFA 23,2023-02-07
ENG-Premier League,Arsenal,82,82,84,81,€113.3M,€2.1B,Slow,Little,Short,Organised,Little,Safe,Little,Organised,Contain,Deep,Narrow,Cover,8,7,31,23.82,23.81,FC 24,2023-09-22
ENG-Premier League,Arsenal,83,83,84,81,€113.3M,€2.1B,Slow,Little,Short,Organised,Little,Safe,Little,Organised,Contain,Deep,Narrow,Cover,8,7,33,24.18,23.27,FC 24,2024-02-01
ENG-Premier League,Arsenal,83,83,85,84,€126.5M,€1.9B,Slow,Little,Short,Organised,Little,Safe,Little,Organised,Contain,Deep,Narrow,Cover,9,9,24,25.18,25.63,FC 25,2024-09-20
ENG-Premier League,Arsenal,84,80,85,83,€126.5M,€1.9B,Slow,Little,Short,Organised,Little,Safe,Little,Organised,Contain,Deep,Narrow,Cover,9,9,24,24.91,25.63,FC 25,2025-02-04
ENG-Premier League,Arsenal,84,85,84,83,€153.3M,€2.5B,Slow,Little,Short,Organised,Little,Safe,Little,Organised,Contain,Deep,Narrow,Cover,10,9,28,25.45,25.54,FC 26,2025-09-10
ENG-Premier League,Arsenal,85,84,85,85,€153.3M,€2.5B,Slow,Little,Short,Organised,Little,Safe,Little,Organised,Contain,Deep,Narrow,Cover,10,9,23,25.91,25.74,FC 26,2026-02-04
ENG-Premier League,Arsenal,84,86,85,84,€153.3M,€2.5B,Slow,Little,Short,Organised,Little,Safe,Little,Organised,Contain,Deep,Narrow,Cover,10,9,23,26.00,25.74,FC 26,2026-07-23
ENG-Premier League,Aston Villa,77,77,77,77,€37.5M,€401.6M,Slow,Little,Short,Organised,Little,Safe,Little,Organised,Contain,Deep,Narrow,Cover,2,2,29,24.18,23.97,FIFA 21,2021-09-02
ENG-Premier League,Aston Villa,78,79,76,79,€37.5M,€420.5M,Slow,Little,Short,Organised,Little,Safe,Little,Organised,Contain,Deep,Narrow,Cover,4,3,31,25.09,23.52,FIFA 22,2022-02-03
ENG-Premier League,Aston Villa,79,79,78,80,€63.1M,€715.4M,Slow,Little,Short,Organised,Little,Safe,Little,Organised,Contain,Deep,Narrow,Cover,5,3,33,26.09,25.45,FIFA 23,2022-09-01
ENG-Premier League,Aston Villa,79,78,79,79,€63.1M,€715.4M,Slow,Little,Short,Organised,Little,Safe,Little,Organised,Contain,Deep,Narrow,Cover,5,3,30,26.82,24.37,FIFA 23,2023-02-07
ENG-Premier League,Aston Villa,80,82,79,79,€62.1M,€695.5M,Slow,Little,Short,Organised,Little,Safe,Little,Organised,Contain,Deep,Narrow,Cover,6,5,33,26.00,24.73,FC 24,2023-09-22
ENG-Premier League,Aston Villa,80,82,80,80,€62.1M,€695.5M,Slow,Little,Short,Organised,Little,Safe,Little,Organised,Contain,Deep,Narrow,Cover,6,5,33,26.00,24.45,FC 24,2024-02-01
ENG-Premier League,Aston Villa,80,85,79,80,€92.8M,€800M,Slow,Little,Short,Organised,Little,Safe,Little,Organised,Contain,Deep,Narrow,Cover,7,6,25,26.64,25.84,FC 25,2024-09-20
ENG-Premier League,Aston Villa,80,84,80,79,€92.8M,€800M,Slow,Little,Short,Organised,Little,Safe,Little,Organised,Contain,Deep,Narrow,Cover,7,6,26,27.18,25.77,FC 25,2025-02-04
ENG-Premier League,Aston Villa,80,81,81,79,€77.6M,€800M,Slow,Little,Short,Organised,Little,Safe,Little,Organised,Contain,Deep,Narrow,Cover,7,7,22,27.45,26.41,FC 26,2025-09-10
ENG-Premier League,Aston Villa,81,82,80,80,€77.6M,€800M,Slow,Little,Short,Organised,Little,Safe,Little,Organised,Contain,Deep,Narrow,Cover,7,7,31,27.73,24.84,FC 26,2026-02-04
ENG-Premier League,Aston Villa,81,82,81,80,€77.6M,€800M,Slow,Little,Short,Organised,Little,Safe,Little,Organised,Contain,Deep,Narrow,Cover,7,7,27,27.73,26.11,FC 26,2026-07-23
ITA-Serie A,Atalanta,79,82,79,78,€28M,€200M,Slow,Little,Short,Organised,Little,Safe,Little,Organised,Contain,Deep,Narrow,Cover,6,3,27,27.18,25.22,FIFA 21,2021-09-02
ITA-Serie A,Atalanta,80,81,79,79,€20M,€200M,Slow,Little,Short,Organised,Little,Safe,Little,Organised,Contain,Deep,Narrow,Cover,7,7,27,27.64,25.78,FIFA 22,2022-02-03
ITA-Serie A,Atalanta,80,81,79,79,€31.5M,€350M,Slow,Little,Short,Organised,Little,Safe,Little,Organised,Contain,Deep,Narrow,Cover,7,6,32,28.36,26.03,FIFA 23,2022-09-01
ITA-Serie A,Atalanta,79,80,79,77,€31.5M,€350M,Slow,Little,Short,Organised,Little,Safe,Little,Organised,Contain,Deep,Narrow,Cover,7,6,24,27.18,25.96,FIFA 23,2023-02-07
ITA-Serie A,Atalanta,78,79,77,77,€31.5M,€350M,Slow,Little,Short,Organised,Little,Safe,Little,Organised,Contain,Deep,Narrow,Cover,7,6,25,26.18,26.36,FC 24,2023-09-22
ITA-Serie A,Atalanta,78,79,78,77,€31.5M,€350M,Slow,Little,Short,Organised,Little,Safe,Little,Organised,Contain,Deep,Narrow,Cover,7,6,27,25.64,25.96,FC 24,2024-02-01
ITA-Serie A,Atalanta,79,76,78,79,€44.8M,€400M,Slow,Little,Short,Organised,Little,Safe,Little,Organised,Contain,Deep,Narrow,Cover,7,6,30,26.64,25.87,FC 25,2024-09-20
ITA-Serie A,Atalanta,79,80,78,78,€44.8M,€400M,Slow,Little,Short,Organised,Little,Safe,Little,Organised,Contain,Deep,Narrow,Cover,7,6,28,26.09,25.71,FC 25,2025-02-04
ITA-Serie A,Atalanta,79,79,79,78,€54.1M,€687M,Slow,Little,Short,Organised,Little,Safe,Little,Organised,Contain,Deep,Narrow,Cover,7,6,26,26.27,26.12,FC 26,2025-09-10
ITA-Serie A,Atalanta,79,76,79,78,€54.1M,€687M,Slow,Little,Short,Organised,Little,Safe,Little,Organised,Contain,Deep,Narrow,Cover,7,6,27,28.09,25.81,FC 26,2026-02-04
ITA-Serie A,Atalanta,79,77,78,78,€54.1M,€687M,Slow,Little,Short,Organised,Little,Safe,Little,Organised,Contain,Deep,Narrow,Cover,7,6,26,27.00,25.62,FC 26,2026-07-23
ESP-La Liga,Athletic Club,79,80,78,79,€18.5M,€250M,Slow,Little,Short,Organised,Little,Safe,Little,Organised,Contain,Deep,Narrow,Cover,6,6,31,27.73,24.68,FIFA 21,2021-09-02
ESP-La Liga,Athletic Club,79,80,79,78,€18.5M,€250M,Slow,Little,Short,Organised,Little,Safe,Little,Organised,Contain,Deep,Narrow,Cover,7,5,31,27.82,24.81,FIFA 22,2022-02-03
ESP-La Liga,Athletic Club,78,80,77,79,€18.5M,€250M,Slow,Little,Short,Organised,Little,Safe,Little,Organised,Contain,Deep,Narrow,Cover,7,5,32,26.45,25.41,FIFA 23,2022-09-01
ESP-La Liga,Athletic Club,79,80,78,79,€18.5M,€250M,Slow,Little,Short,Organised,Little,Safe,Little,Organised,Contain,Deep,Narrow,Cover,7,5,29,26.55,26.00,FIFA 23,2023-02-07
ESP-La Liga,Athletic Club,79,77,79,77,€18.5M,€250M,Slow,Little,Short,Organised,Little,Safe,Little,Organised,Contain,Deep,Narrow,Cover,7,5,27,27.55,26.22,FC 24,2023-09-22
ESP-La Liga,Athletic Club,79,77,80,78,€18.5M,€250M,Slow,Little,Short,Organised,Little,Safe,Little,Organised,Contain,Deep,Narrow,Cover,7,5,31,27.18,25.32,FC 24,2024-02-01
ESP-La Liga,Athletic Club,80,79,80,79,€20.5M,€280M,Slow,Little,Short,Organised,Little,Safe,Little,Organised,Contain,Deep,Narrow,Cover,7,5,27,26.82,26.00,FC 25,2024-09-20
ESP-La Liga,Athletic Club,80,79,81,79,€20.5M,€280M,Slow,Little,Short,Organised,Little,Safe,Little,Organised,Contain,Deep,Narrow,Cover,7,5,25,27.18,25.92,FC 25,2025-02-04
ESP-La Liga,Athletic Club,79,79,81,78,€49.7M,€285M,Slow,Little,Short,Organised,Little,Safe,Little,Organised,Contain,Deep,Narrow,Cover,7,5,27,26.91,25.56,FC 26,2025-09-10
ESP-La Liga,Athletic Club,80,78,81,79,€49.7M,€285M,Slow,Little,Short,Organised,Little,Safe,Little,Organised,Contain,Deep,Narrow,Cover,7,5,29,27.45,25.34,FC 26,2026-02-04
ESP-La Liga,Athletic Club,80,79,81,79,€49.7M,€285M,Slow,Little,Short,Organised,Little,Safe,Little,Organised,Contain,Deep,Narrow,Cover,7,5,31,27.73,24.94,FC 26,2026-07-23
ESP-La Liga,Atlético Madrid,83,85,82,83,€68.6M,€1.2B,Slow,Little,Short,Organised,Little,Safe,Little,Organised,Contain,Deep,Narrow,Cover,9,9,30,27.55,24.67,FIFA 21,2021-09-02
ESP-La Liga,Atlético Madrid,83,84,84,82,€68.6M,€1.2B,Slow,Little,Short,Organised,Little,Safe,Little,Organised,Contain,Deep,Narrow,Cover,9,9,33,28.18,25.09,FIFA 22,2022-02-03
ESP-La Liga,Atlético Madrid,83,83,82,81,€68.6M,€1.2B,Slow,Little,Short,Organised,Little,Safe,Little,Organised,Contain,Deep,Narrow,Cover,9,9,33,27.82,25.91,FIFA 23,2022-09-01
ESP-La Liga,Atlético Madrid,83,83,83,81,€68.6M,€1.2B,Slow,Little,Short,Organised,Little,Safe,Little,Organised,Contain,Deep,Narrow,Cover,9,9,33,28.36,25.18,FIFA 23,2023-02-07
ESP-La Liga,Atlético Madrid,83,85,82,81,€68.6M,€1.2B,Slow,Little,Short,Organised,Little,Safe,Little,Organised,Contain,Deep,Narrow,Cover,9,9,33,29.73,26.30,FC 24,2023-09-22
ESP-La Liga,Atlético Madrid,83,84,83,81,€68.6M,€1.2B,Slow,Little,Short,Organised,Little,Safe,Little,Organised,Contain,Deep,Narrow,Cover,9,9,33,29.18,26.30,FC 24,2024-02-01
ESP-La Liga,Atlético Madrid,82,82,82,82,€72.6M,€1.3B,Slow,Little,Short,Organised,Little,Safe,Little,Organised,Contain,Deep,Narrow,Cover,9,9,26,29.27,27.31,FC 25,2024-09-20
ESP-La Liga,Atlético Madrid,82,84,81,81,€72.6M,€1.3B,Slow,Little,Short,Organised,Little,Safe,Little,Organised,Contain,Deep,Narrow,Cover,9,9,28,28.73,26.75,FC 25,2025-02-04
ESP-La Liga,Atlético Madrid,82,85,81,82,€75.6M,€1.4B,Slow,Little,Short,Organised,Little,Safe,Little,Organised,Contain,Deep,Narrow,Cover,9,9,23,26.00,26.83,FC 26,2025-09-10
ESP-La Liga,Atlético Madrid,82,84,81,81,€75.6M,€1.4B,Slow,Little,Short,Organised,Little,Safe,Little,Organised,Contain,Deep,Narrow,Cover,9,9,23,25.91,26.17,FC 26,2026-02-04
ESP-La Liga,Atlético Madrid,82,84,82,81,€75.6M,€1.4B,Slow,Little,Short,Organised,Little,Safe,Little,Organised,Contain,Deep,Narrow,Cover,9,9,35,26.91,24.06,FC 26,2026-07-23
GER-Bundesliga,Augsburg,74,73,74,74,€9.5M,€129.3M,Slow,Little,Short,Organised,Little,Safe,Little,Organised,Contain,Deep,Narrow,Cover,4,3,31,26.27,24.74,FIFA 21,2021-09-02
GER-Bundesliga,Augsburg,74,71,74,74,€9.5M,€129.3M,Slow,Little,Short,Organised,Little,Safe,Little,Organised,Contain,Deep,Narrow,Cover,3,3,33,24.82,24.30,FIFA 22,2022-02-03
GER-Bundesliga,Augsburg,74,74,73,73,€12.3M,€141.3M,Slow,Little,Short,Organised,Little,Safe,Little,Organised,Contain,Deep,Narrow,Cover,4,3,32,26.45,24.81,FIFA 23,2022-09-01
GER-Bundesliga,Augsburg,74,73,74,74,€12.3M,€141.3M,Slow,Little,Short,Organised,Little,Safe,Little,Organised,Contain,Deep,Narrow,Cover,4,3,33,25.09,24.52,FIFA 23,2023-02-07
GER-Bundesliga,Augsburg,74,72,74,74,€13.2M,€145.3M,Slow,Little,Short,Organised,Little,Safe,Little,Organised,Contain,Deep,Narrow,Cover,4,3,32,24.82,24.19,FC 24,2023-09-22
GER-Bundesliga,Augsburg,74,75,74,74,€13.2M,€145.3M,Slow,Little,Short,Organised,Little,Safe,Little,Organised,Contain,Deep,Narrow,Cover,4,3,30,25.82,24.37,FC 24,2024-02-01
GER-Bundesliga,Augsburg,74,74,74,74,€13.4M,€148.3M,Slow,Little,Short,Organised,Little,Safe,Little,Organised,Contain,Deep,Narrow,Cover,4,3,29,26.91,24.97,FC 25,2024-09-20
GER-Bundesliga,Augsburg,74,74,74,74,€13.4M,€148.3M,Slow,Little,Short,Organised,Little,Safe,Little,Organised,Contain,Deep,Narrow,Cover,4,3,29,26.64,25.00,FC 25,2025-02-04
GER-Bundesliga,Augsburg,75,75,73,76,€16.8M,€162.1M,Slow,Little,Short,Organised,Little,Safe,Little,Organised,Contain,Deep,Narrow,Cover,4,3,31,26.45,24.65,FC 26,2025-09-10
GER-Bundesliga,Augsburg,74,73,74,74,€16.8M,€162.1M,Slow,Little,Short,Organised,Little,Safe,Little,Organised,Contain,Deep,Narrow,Cover,4,3,30,25.82,24.47,FC 26,2026-02-04
GER-Bundesliga,Augsburg,74,75,74,75,€16.8M,€162.1M,Slow,Little,Short,Organised,Little,Safe,Little,Organised,Contain,Deep,Narrow,Cover,4,3,30,26.45,24.07,FC 26,2026-07-23
FRA-Ligue 1,Auxerre,71,71,71,70,€5.4M,€35M,Slow,Little,Short,Organised,Little,Safe,Little,Organised,Contain,Deep,Narrow,Cover,1,1,28,29.91,26.82,FIFA 23,2022-09-01
FRA-Ligue 1,Auxerre,71,72,70,72,€5.4M,€35M,Slow,Little,Short,Organised,Little,Safe,Little,Organised,Contain,Deep,Narrow,Cover,1,1,33,27.18,24.91,FIFA 23,2023-02-07
FRA-Ligue 1,Auxerre,71,69,71,72,€6.5M,€65M,Slow,Little,Short,Organised,Little,Safe,Little,Organised,Contain,Deep,Narrow,Cover,2,1,29,26.18,24.48,FC 25,2024-09-20
FRA-Ligue 1,Auxerre,71,71,72,72,€6.5M,€65M,Slow,Little,Short,Organised,Little,Safe,Little,Organised,Contain,Deep,Narrow,Cover,2,1,29,25.00,23.93,FC 25,2025-02-04
FRA-Ligue 1,Auxerre,72,72,71,72,€6.5M,€65M,Slow,Little,Short,Organised,Little,Safe,Little,Organised,Contain,Deep,Narrow,Cover,3,1,29,24.82,22.83,FC 26,2025-09-10
FRA-Ligue 1,Auxerre,72,72,72,71,€6.5M,€65M,Slow,Little,Short,Organised,Little,Safe,Little,Organised,Contain,Deep,Narrow,Cover,3,1,29,25.27,22.66,FC 26,2026-02-04
FRA-Ligue 1,Auxerre,72,70,73,71,€6.5M,€65M,Slow,Little,Short,Organised,Little,Safe,Little,Organised,Contain,Deep,Narrow,Cover,3,1,30,24.36,22.70,FC 26,2026-07-23
ESP-La Liga,Barcelona,83,84,82,81,€180.5M,€3.2B,Slow,Little,Short,Organised,Little,Safe,Little,Organised,Contain,Deep,Narrow,Cover,10,10,33,25.45,23.61,FIFA 21,2021-09-02
ESP-La Liga,Barcelona,82,83,84,80,€130M,€3.2B,Slow,Little,Short,Organised,Little,Safe,Little,Organised,Contain,Deep,Narrow,Cover,10,10,33,27.91,24.33,FIFA 22,2022-02-03
ESP-La Liga,Barcelona,84,85,85,83,€122.2M,€4.3B,Slow,Little,Short,Organised,Little,Safe,Little,Organised,Contain,Deep,Narrow,Cover,10,10,33,27.91,24.76,FIFA 23,2022-09-01
ESP-La Liga,Barcelona,83,83,85,82,€122.2M,€4.3B,Slow,Little,Short,Organised,Little,Safe,Little,Organised,Contain,Deep,Narrow,Cover,10,10,31,26.27,23.26,FIFA 23,2023-02-07
ESP-La Liga,Barcelona,84,84,84,83,€122.2M,€4.3B,Slow,Little,Short,Organised,Little,Safe,Little,Organised,Contain,Deep,Narrow,Cover,10,10,32,27.00,23.94,FC 24,2023-09-22
ESP-La Liga,Barcelona,84,85,84,83,€122.2M,€4.3B,Slow,Little,Short,Organised,Little,Safe,Little,Organised,Contain,Deep,Narrow,Cover,10,10,33,27.91,23.36,FC 24,2024-02-01
ESP-La Liga,Barcelona,83,84,81,80,€82.8M,€4.1B,Slow,Little,Short,Organised,Little,Safe,Little,Organised,Contain,Deep,Narrow,Cover,10,9,29,24.27,22.72,FC 25,2024-09-20
ESP-La Liga,Barcelona,84,89,83,82,€82.8M,€4.1B,Slow,Little,Short,Organised,Little,Safe,Little,Organised,Contain,Deep,Narrow,Cover,10,9,29,24.09,23.24,FC 25,2025-02-04
ESP-La Liga,Barcelona,85,85,86,83,€77.5M,€4.9B,Slow,Little,Short,Organised,Little,Safe,Little,Organised,Contain,Deep,Narrow,Cover,10,9,26,24.82,24.54,FC 26,2025-09-10
ESP-La Liga,Barcelona,85,85,86,83,€77.5M,€4.9B,Slow,Little,Short,Organised,Little,Safe,Little,Organised,Contain,Deep,Narrow,Cover,10,9,28,23.18,23.36,FC 26,2026-02-04
ESP-La Liga,Barcelona,85,87,85,83,€77.5M,€4.9B,Slow,Little,Short,Organised,Little,Safe,Little,Organised,Contain,Deep,Narrow,Cover,10,9,30,24.09,23.10,FC 26,2026-07-23
GER-Bundesliga,Bayern Munich,84,92,85,82,€100M,€2.9B,Slow,Little,Short,Organised,Little,Safe,Little,Organised,Contain,Deep,Narrow,Cover,10,10,23,26.18,25.30,FIFA 21,2021-09-02
GER-Bundesliga,Bayern Munich,84,92,84,82,€100M,€2.6B,Slow,Little,Short,Organised,Little,Safe,Little,Organised,Contain,Deep,Narrow,Cover,10,10,31,27.18,24.87,FIFA 22,2022-02-03
GER-Bundesliga,Bayern Munich,84,89,84,83,€106.4M,€4.1B,Slow,Little,Short,Organised,Little,Safe,Little,Organised,Contain,Deep,Narrow,Cover,10,10,27,26.27,25.00,FIFA 23,2022-09-01
GER-Bundesliga,Bayern Munich,85,83,85,84,€106.4M,€4.1B,Slow,Little,Short,Organised,Little,Safe,Little,Organised,Contain,Deep,Narrow,Cover,10,10,28,25.91,25.32,FIFA 23,2023-02-07
GER-Bundesliga,Bayern Munich,84,90,84,83,€103.6M,€3.8B,Slow,Little,Short,Organised,Little,Safe,Little,Organised,Contain,Deep,Narrow,Cover,10,9,25,26.09,25.84,FC 24,2023-09-22
GER-Bundesliga,Bayern Munich,84,90,84,83,€103.6M,€3.8B,Slow,Little,Short,Organised,Little,Safe,Little,Organised,Contain,Deep,Narrow,Cover,10,9,30,26.64,24.53,FC 24,2024-02-01
GER-Bundesliga,Bayern Munich,84,90,83,82,€101.9M,€3.7B,Slow,Little,Short,Organised,Little,Safe,Little,Organised,Contain,Deep,Narrow,Cover,10,9,27,27.36,25.96,FC 25,2024-09-20
GER-Bundesliga,Bayern Munich,84,90,83,83,€101.9M,€3.7B,Slow,Little,Short,Organised,Little,Safe,Little,Organised,Contain,Deep,Narrow,Cover,10,9,31,26.36,24.84,FC 25,2025-02-04
GER-Bundesliga,Bayern Munich,83,89,85,82,€83.8M,€4.3B,Slow,Little,Short,Organised,Little,Safe,Little,Organised,Contain,Deep,Narrow,Cover,10,9,26,28.91,25.38,FC 26,2025-09-10
GER-Bundesliga,Bayern Munich,84,89,85,83,€83.8M,€4.3B,Slow,Little,Short,Organised,Little,Safe,Little,Organised,Contain,Deep,Narrow,Cover,10,9,32,28.00,24.16,FC 26,2026-02-04
GER-Bundesliga,Bayern Munich,84,90,85,83,€83.8M,€4.3B,Slow,Little,Short,Organised,Little,Safe,Little,Organised,Contain,Deep,Narrow,Cover,10,9,33,27.45,23.64,FC 26,2026-07-23
ITA-Serie A,Benevento,72,72,71,72,€5.6M,€22M,Slow,Little,Short,Organised,Little,Safe,Little,Organised,Contain,Deep,Narrow,Cover,1,1,27,28.00,26.41,FIFA 21,2021-09-02
GER-Bundesliga,Bochum,72,70,71,72,€3.3M,€32.3M,Slow,Little,Short,Organised,Little,Safe,Little,Organised,Contain,Deep,Narrow,Cover,1,1,29,27.18,26.48,FIFA 22,2022-02-03
GER-Bundesliga,Bochum,73,73,73,72,€5.7M,€52.3M,Slow,Little,Short,Organised,Little,Safe,Little,Organised,Contain,Deep,Narrow,Cover,1,1,26,30.36,27.15,FIFA 23,2022-09-01
GER-Bundesliga,Bochum,73,74,72,73,€5.7M,€52.3M,Slow,Little,Short,Organised,Little,Safe,Little,Organised,Contain,Deep,Narrow,Cover,1,1,28,29.64,27.18,FIFA 23,2023-02-07
GER-Bundesliga,Bochum,73,74,73,73,€6.6M,€66.3M,Slow,Little,Short,Organised,Little,Safe,Little,Organised,Contain,Deep,Narrow,Cover,2,1,30,30.27,26.70,FC 24,2023-09-22
GER-Bundesliga,Bochum,73,73,73,73,€6.6M,€66.3M,Slow,Little,Short,Organised,Little,Safe,Little,Organised,Contain,Deep,Narrow,Cover,2,1,29,29.09,26.69,FC 24,2024-02-01
GER-Bundesliga,Bochum,72,71,72,72,€7.7M,€78.3M,Slow,Little,Short,Organised,Little,Safe,Little,Organised,Contain,Deep,Narrow,Cover,3,1,30,28.45,26.27,FC 25,2024-09-20
GER-Bundesliga,Bochum,72,72,72,72,€7.7M,€78.3M,Slow,Little,Short,Organised,Little,Safe,Little,Organised,Contain,Deep,Narrow,Cover,3,1,28,28.27,26.32,FC 25,2025-02-04
ITA-Serie A,Bologna,74,75,75,73,€15M,€85M,Slow,Little,Short,Organised,Little,Safe,Little,Organised,Contain,Deep,Narrow,Cover,4,2,30,25.55,24.77,FIFA 21,2021-09-02
ITA-Serie A,Bologna,75,78,74,73,€15M,€85M,Slow,Little,Short,Organised,Little,Safe,Little,Organised,Contain,Deep,Narrow,Cover,4,2,28,26.73,25.29,FIFA 22,2022-02-03
ITA-Serie A,Bologna,75,78,74,73,€16.6M,€130M,Slow,Little,Short,Organised,Little,Safe,Little,Organised,Contain,Deep,Narrow,Cover,4,2,26,28.45,25.62,FIFA 23,2022-09-01
ITA-Serie A,Bologna,75,74,74,73,€16.6M,€130M,Slow,Little,Short,Organised,Little,Safe,Little,Organised,Contain,Deep,Narrow,Cover,4,2,30,26.09,24.80,FIFA 23,2023-02-07
ITA-Serie A,Bologna,74,73,76,73,€16.6M,€130M,Slow,Little,Short,Organised,Little,Safe,Little,Organised,Contain,Deep,Narrow,Cover,4,2,27,25.27,24.22,FC 24,2023-09-22
ITA-Serie A,Bologna,75,75,76,73,€16.6M,€130M,Slow,Little,Short,Organised,Little,Safe,Little,Organised,Contain,Deep,Narrow,Cover,4,2,26,24.91,24.12,FC 24,2024-02-01
ITA-Serie A,Bologna,77,76,77,75,€32.3M,€300M,Slow,Little,Short,Organised,Little,Safe,Little,Organised,Contain,Deep,Narrow,Cover,5,2,32,26.36,24.44,FC 25,2024-09-20
ITA-Serie A,Bologna,76,76,76,76,€32.3M,€300M,Slow,Little,Short,Organised,Little,Safe,Little,Organised,Contain,Deep,Narrow,Cover,5,2,29,26.09,24.79,FC 25,2025-02-04
ITA-Serie A,Bologna,77,76,77,74,€38.9M,€459.8M,Slow,Little,Short,Organised,Little,Safe,Little,Organised,Contain,Deep,Narrow,Cover,6,5,33,27.09,25.97,FC 26,2025-09-10
ITA-Serie A,Bologna,76,76,77,74,€38.9M,€459.8M,Slow,Little,Short,Organised,Little,Safe,Little,Organised,Contain,Deep,Narrow,Cover,6,5,27,25.27,26.19,FC 26,2026-02-04
ITA-Serie A,Bologna,76,77,77,74,€38.9M,€459.8M,Slow,Little,Short,Organised,Little,Safe,Little,Organised,Contain,Deep,Narrow,Cover,6,5,26,26.00,25.85,FC 26,2026-07-23
FRA-Ligue 1,Bordeaux,74,74,73,72,€10.4M,€75M,Slow,Little,Short,Organised,Little,Safe,Little,Organised,Contain,Deep,Narrow,Cover,6,3,27,25.91,24.89,FIFA 21,2021-09-02
FRA-Ligue 1,Bordeaux,73,74,74,72,€9.2M,€75M,Slow,Little,Short,Organised,Little,Safe,Little,Organised,Contain,Deep,Narrow,Cover,6,3,30,25.82,24.07,FIFA 22,2022-02-03
ENG-Premier League,Bournemouth,74,73,74,73,€20M,€200M,Slow,Little,Short,Organised,Little,Safe,Little,Organised,Contain,Deep,Narrow,Cover,2,1,29,24.91,25.03,FIFA 23,2022-09-01
ENG-Premier League,Bournemouth,74,74,74,73,€20M,€200M,Slow,Little,Short,Organised,Little,Safe,Little,Organised,Contain,Deep,Narrow,Cover,2,1,29,26.64,25.07,FIFA 23,2023-02-07
ENG-Premier League,Bournemouth,75,75,75,74,€21.2M,€215.5M,Slow,Little,Short,Organised,Little,Safe,Little,Organised,Contain,Deep,Narrow,Cover,2,1,31,25.09,25.03,FC 24,2023-09-22
ENG-Premier League,Bournemouth,75,76,76,74,€21.2M,€215.5M,Slow,Little,Short,Organised,Little,Safe,Little,Organised,Contain,Deep,Narrow,Cover,2,1,32,25.00,25.06,FC 24,2024-02-01
ENG-Premier League,Bournemouth,76,79,76,76,€63.3M,€410M,Slow,Little,Short,Organised,Little,Safe,Little,Organised,Contain,Deep,Narrow,Cover,2,2,26,24.82,24.35,FC 25,2024-09-20
ENG-Premier League,Bournemouth,77,76,76,75,€63.3M,€410M,Slow,Little,Short,Organised,Little,Safe,Little,Organised,Contain,Deep,Narrow,Cover,2,2,30,25.27,23.07,FC 25,2025-02-04
ENG-Premier League,Bournemouth,78,79,77,76,€63.3M,€410M,Slow,Little,Short,Organised,Little,Safe,Little,Organised,Contain,Deep,Narrow,Cover,4,4,28,26.36,24.54,FC 26,2025-09-10
ENG-Premier League,Bournemouth,77,78,77,78,€63.3M,€410M,Slow,Little,Short,Organised,Little,Safe,Little,Organised,Contain,Deep,Narrow,Cover,4,4,27,24.00,24.19,FC 26,2026-02-04
ENG-Premier League,Bournemouth,78,79,78,77,€63.3M,€410M,Slow,Little,Short,Organised,Little,Safe,Little,Organised,Contain,Deep,Narrow,Cover,4,4,28,24.73,23.93,FC 26,2026-07-23
ENG-Premier League,Brentford,74,75,75,74,€18M,€185.5M,Slow,Little,Short,Organised,Little,Safe,Little,Organised,Contain,Deep,Narrow,Cover,1,1,33,24.73,23.45,FIFA 22,2022-02-03
ENG-Premier League,Brentford,75,75,74,75,€19.6M,€195M,Slow,Little,Short,Organised,Little,Safe,Little,Organised,Contain,Deep,Narrow,Cover,1,1,33,25.55,24.09,FIFA 23,2022-09-01
ENG-Premier League,Brentford,75,76,75,74,€19.6M,€195M,Slow,Little,Short,Organised,Little,Safe,Little,Organised,Contain,Deep,Narrow,Cover,1,1,31,26.55,23.65,FIFA 23,2023-02-07
ENG-Premier League,Brentford,76,75,76,76,€21.6M,€220.5M,Slow,Little,Short,Organised,Little,Safe,Little,Organised,Contain,Deep,Narrow,Cover,3,2,31,26.36,24.52,FC 24,2023-09-22
ENG-Premier League,Brentford,76,76,74,76,€21.6M,€220.5M,Slow,Little,Short,Organised,Little,Safe,Little,Organised,Contain,Deep,Narrow,Cover,3,2,32,27.18,24.38,FC 24,2024-02-01
ENG-Premier League,Brentford,76,75,76,76,€53.7M,€430M,Slow,Little,Short,Organised,Little,Safe,Little,Organised,Contain,Deep,Narrow,Cover,3,2,30,26.27,23.73,FC 25,2024-09-20
ENG-Premier League,Brentford,76,78,76,75,€53.7M,€430M,Slow,Little,Short,Organised,Little,Safe,Little,Organised,Contain,Deep,Narrow,Cover,3,2,30,25.27,23.87,FC 25,2025-02-04
ENG-Premier League,Brentford,77,82,77,76,€53.7M,€430M,Slow,Little,Short,Organised,Little,Safe,Little,Organised,Contain,Deep,Narrow,Cover,3,3,29,25.73,24.17,FC 26,2025-09-10
ENG-Premier League,Brentford,77,79,78,77,€53.7M,€430M,Slow,Little,Short,Organised,Little,Safe,Little,Organised,Contain,Deep,Narrow,Cover,3,3,29,23.91,24.07,FC 26,2026-02-04
ENG-Premier League,Brentford,78,81,78,77,€53.7M,€430M,Slow,Little,Short,Organised,Little,Safe,Little,Organised,Contain,Deep,Narrow,Cover,3,3,26,23.73,24.15,FC 26,2026-07-23
ENG-Premier League,Brighton,75,75,76,76,€36M,€383.3M,Slow,Little,Short,Organised,Little,Safe,Little,Organised,Contain,Deep,Narrow,Cover,2,1,33,25.64,23.61,FIFA 21,2021-09-02
ENG-Premier League,Brighton,76,77,75,77,€28M,€383.3M,Slow,Little,Short,Organised,Little,Safe,Little,Organised,Contain,Deep,Narrow,Cover,2,1,33,25.82,22.76,FIFA 22,2022-02-03
ENG-Premier League,Brighton,76,76,75,77,€36.5M,€355M,Slow,Little,Short,Organised,Little,Safe,Little,Organised,Contain,Deep,Narrow,Cover,3,2,30,26.73,24.30,FIFA 23,2022-09-01
ENG-Premier League,Brighton,76,75,76,77,€36.5M,€355M,Slow,Little,Short,Organised,Little,Safe,Little,Organised,Contain,Deep,Narrow,Cover,3,2,29,26.91,23.24,FIFA 23,2023-02-07
ENG-Premier League,Brighton,77,77,77,78,€41.1M,€425M,Slow,Little,Short,Organised,Little,Safe,Little,Organised,Contain,Deep,Narrow,Cover,5,3,29,28.45,24.66,FC 24,2023-09-22
ENG-Premier League,Brighton,77,75,77,78,€41.1M,€425M,Slow,Little,Short,Organised,Little,Safe,Little,Organised,Contain,Deep,Narrow,Cover,5,3,33,26.91,23.94,FC 24,2024-02-01
ENG-Premier League,Brighton,77,76,77,76,€70.5M,€675M,Slow,Little,Short,Organised,Little,Safe,Little,Organised,Contain,Deep,Narrow,Cover,5,5,32,24.82,24.16,FC 25,2024-09-20
ENG-Premier League,Brighton,77,77,75,78,€70.5M,€675M,Slow,Little,Short,Organised,Little,Safe,Little,Organised,Contain,Deep,Narrow,Cover,5,5,32,24.00,24.22,FC 25,2025-02-04
ENG-Premier League,Brighton,78,78,78,78,€76.9M,€785M,Slow,Little,Short,Organised,Little,Safe,Little,Organised,Contain,Deep,Narrow,Cover,5,5,31,25.36,24.97,FC 26,2025-09-10
ENG-Premier League,Brighton,78,79,79,78,€76.9M,€785M,Slow,Little,Short,Organised,Little,Safe,Little,Organised,Contain,Deep,Narrow,Cover,5,5,31,25.09,24.87,FC 26,2026-02-04
ENG-Premier League,Brighton,78,80,79,78,€76.9M,€785M,Slow,Little,Short,Organised,Little,Safe,Little,Organised,Contain,Deep,Narrow,Cover,5,5,27,26.09,25.15,FC 26,2026-07-23
ENG-Premier League,Burnley,76,75,76,77,€27M,€378.5M,Slow,Little,Short,Organised,Little,Safe,Little,Organised,Contain,Deep,Narrow,Cover,3,1,33,27.36,25.06,FIFA 21,2021-09-02
ENG-Premier League,Burnley,76,77,75,77,€22M,€378.5M,Slow,Little,Short,Organised,Little,Safe,Little,Organised,Contain,Deep,Narrow,Cover,2,1,31,27.82,26.90,FIFA 22,2022-02-03
ENG-Premier League,Burnley,74,69,74,73,€18.2M,€178.5M,Slow,Little,Short,Organised,Little,Safe,Little,Organised,Contain,Deep,Narrow,Cover,2,1,33,24.00,24.30,FC 24,2023-09-22
ENG-Premier League,Burnley,74,73,74,73,€18.2M,€178.5M,Slow,Little,Short,Organised,Little,Safe,Little,Organised,Contain,Deep,Narrow,Cover,2,1,33,25.27,24.12,FC 24,2024-02-01
ENG-Premier League,Burnley,75,74,74,75,€37.5M,€370M,Slow,Little,Short,Organised,Little,Safe,Little,Organised,Contain,Deep,Narrow,Cover,2,1,35,27.55,25.69,FC 26,2025-09-10
ENG-Premier League,Burnley,75,74,76,74,€37.5M,€370M,Slow,Little,Short,Organised,Little,Safe,Little,Organised,Contain,Deep,Narrow,Cover,2,1,33,26.64,25.48,FC 26,2026-02-04
ENG-Premier League,Burnley,75,75,74,75,€37.5M,€370M,Slow,Little,Short,Organised,Little,Safe,Little,Organised,Contain,Deep,Narrow,Cover,2,1,30,26.09,26.20,FC 26,2026-07-23
ITA-Serie A,Cagliari,75,76,73,73,€10M,€62M,Slow,Little,Short,Organised,Little,Safe,Little,Organised,Contain,Deep,Narrow,Cover,4,1,29,27.09,25.17,FIFA 21,2021-09-02
ITA-Serie A,Cagliari,73,76,72,68,€10M,€62M,Slow,Little,Short,Organised,Little,Safe,Little,Organised,Contain,Deep,Narrow,Cover,4,1,30,25.55,24.67,FIFA 22,2022-02-03
ITA-Serie A,Cagliari,72,72,72,71,€10.5M,€65M,Slow,Little,Short,Organised,Little,Safe,Little,Organised,Contain,Deep,Narrow,Cover,2,1,30,25.00,26.50,FC 24,2023-09-22
ITA-Serie A,Cagliari,72,73,72,72,€10.5M,€65M,Slow,Little,Short,Organised,Little,Safe,Little,Organised,Contain,Deep,Narrow,Cover,2,1,30,26.09,26.50,FC 24,2024-02-01
ITA-Serie A,Cagliari,73,72,72,73,€8.2M,€85M,Slow,Little,Short,Organised,Little,Safe,Little,Organised,Contain,Deep,Narrow,Cover,3,1,27,26.09,26.19,FC 25,2024-09-20
ITA-Serie A,Cagliari,73,72,72,73,€8.2M,€85M,Slow,Little,Short,Organised,Little,Safe,Little,Organised,Contain,Deep,Narrow,Cover,3,1,28,25.73,26.04,FC 25,2025-02-04
ITA-Serie A,Cagliari,72,72,71,74,€9.8M,€120M,Slow,Little,Short,Organised,Little,Safe,Little,Organised,Contain,Deep,Narrow,Cover,2,1,26,24.91,24.58,FC 26,2025-09-10
ITA-Serie A,Cagliari,73,71,73,73,€9.8M,€120M,Slow,Little,Short,Organised,Little,Safe,Little,Organised,Contain,Deep,Narrow,Cover,2,1,32,24.27,24.09,FC 26,2026-02-04
ITA-Serie A,Cagliari,73,72,72,73,€9.8M,€120M,Slow,Little,Short,Organised,Little,Safe,Little,Organised,Contain,Deep,Narrow,Cover,2,1,29,24.36,23.72,FC 26,2026-07-23
ESP-La Liga,Celta Vigo,75,80,75,75,€11.8M,€110M,Slow,Little,Short,Organised,Little,Safe,Little,Organised,Contain,Deep,Narrow,Cover,5,4,33,26.55,23.76,FIFA 21,2021-09-02
ESP-La Liga,Celta Vigo,76,80,76,75,€11.8M,€110M,Slow,Little,Short,Organised,Little,Safe,Little,Organised,Contain,Deep,Narrow,Cover,6,4,33,27.27,24.94,FIFA 22,2022-02-03
ESP-La Liga,Celta Vigo,77,78,77,77,€11.8M,€110M,Slow,Little,Short,Organised,Little,Safe,Little,Organised,Contain,Deep,Narrow,Cover,6,4,33,28.09,24.06,FIFA 23,2022-09-01
ESP-La Liga,Celta Vigo,77,77,77,77,€11.8M,€110M,Slow,Little,Short,Organised,Little,Safe,Little,Organised,Contain,Deep,Narrow,Cover,6,4,33,28.00,24.24,FIFA 23,2023-02-07
ESP-La Liga,Celta Vigo,76,79,76,75,€11.8M,€110M,Slow,Little,Short,Organised,Little,Safe,Little,Organised,Contain,Deep,Narrow,Cover,6,4,33,25.82,24.58,FC 24,2023-09-22
ESP-La Liga,Celta Vigo,76,79,76,75,€11.8M,€110M,Slow,Little,Short,Organised,Little,Safe,Little,Organised,Contain,Deep,Narrow,Cover,6,4,33,27.55,24.73,FC 24,2024-02-01
ESP-La Liga,Celta Vigo,75,78,75,73,€11.8M,€110M,Slow,Little,Short,Organised,Little,Safe,Little,Organised,Contain,Deep,Narrow,Cover,6,4,30,28.27,25.67,FC 25,2024-09-20
ESP-La Liga,Celta Vigo,75,78,73,74,€11.8M,€110M,Slow,Little,Short,Organised,Little,Safe,Little,Organised,Contain,Deep,Narrow,Cover,6,4,31,28.45,25.26,FC 25,2025-02-04
ESP-La Liga,Celta Vigo,77,78,76,76,€11.8M,€110M,Slow,Little,Short,Organised,Little,Safe,Little,Organised,Contain,Deep,Narrow,Cover,6,4,28,26.82,25.25,FC 26,2025-09-10
ESP-La Liga,Celta Vigo,76,77,75,76,€11.8M,€110M,Slow,Little,Short,Organised,Little,Safe,Little,Organised,Contain,Deep,Narrow,Cover,6,4,27,27.27,25.30,FC 26,2026-02-04
ESP-La Liga,Celta Vigo,76,79,75,77,€11.8M,€110M,Slow,Little,Short,Organised,Little,Safe,Little,Organised,Contain,Deep,Narrow,Cover,6,4,31,25.55,25.10,FC 26,2026-07-23
ENG-Premier League,Chelsea,82,82,84,82,€85M,€2.2B,Slow,Little,Short,Organised,Little,Safe,Little,Organised,Contain,Deep,Narrow,Cover,8,7,29,26.00,24.69,FIFA 21,2021-09-02
ENG-Premier League,Chelsea,84,83,85,83,€85M,€2.7B,Slow,Little,Short,Organised,Little,Safe,Little,Organised,Contain,Deep,Narrow,Cover,8,8,33,28.18,24.39,FIFA 22,2022-02-03
ENG-Premier League,Chelsea,84,83,86,83,€123.9M,€3B,Slow,Little,Short,Organised,Little,Safe,Little,Organised,Contain,Deep,Narrow,Cover,9,8,33,28.27,25.88,FIFA 23,2022-09-01
ENG-Premier League,Chelsea,83,83,79,83,€123.9M,€3B,Slow,Little,Short,Organised,Little,Safe,Little,Organised,Contain,Deep,Narrow,Cover,9,8,33,26.00,24.39,FIFA 23,2023-02-07
ENG-Premier League,Chelsea,80,77,81,78,€141.5M,€2.9B,Slow,Little,Short,Organised,Little,Safe,Little,Organised,Contain,Deep,Narrow,Cover,8,7,33,24.55,22.58,FC 24,2023-09-22
ENG-Premier League,Chelsea,79,77,79,79,€141.5M,€2.9B,Slow,Little,Short,Organised,Little,Safe,Little,Organised,Contain,Deep,Narrow,Cover,8,7,33,24.18,22.42,FC 24,2024-02-01
ENG-Premier League,Chelsea,80,79,81,79,€168.9M,€2.3B,Slow,Little,Short,Organised,Little,Safe,Little,Organised,Contain,Deep,Narrow,Cover,8,7,36,22.73,22.31,FC 25,2024-09-20
ENG-Premier League,Chelsea,81,81,82,80,€168.9M,€2.3B,Slow,Little,Short,Organised,Little,Safe,Little,Organised,Contain,Deep,Narrow,Cover,8,7,37,23.18,22.24,FC 25,2025-02-04
ENG-Premier League,Chelsea,80,79,82,80,€168.9M,€2.3B,Slow,Little,Short,Organised,Little,Safe,Little,Organised,Contain,Deep,Narrow,Cover,8,8,30,24.36,23.10,FC 26,2025-09-10
ENG-Premier League,Chelsea,81,80,82,80,€168.9M,€2.3B,Slow,Little,Short,Organised,Little,Safe,Little,Organised,Contain,Deep,Narrow,Cover,8,8,34,24.45,22.41,FC 26,2026-02-04
ENG-Premier League,Chelsea,81,82,84,79,€168.9M,€2.3B,Slow,Little,Short,Organised,Little,Safe,Little,Organised,Contain,Deep,Narrow,Cover,8,8,30,23.73,22.00,FC 26,2026-07-23
FRA-Ligue 1,Clermont Foot,71,72,71,72,€4.5M,€35M,Slow,Little,Short,Organised,Little,Safe,Little,Organised,Contain,Deep,Narrow,Cover,1,1,27,27.27,25.48,FIFA 22,2022-02-03
FRA-Ligue 1,Clermont Foot,70,69,72,69,€4.5M,€35M,Slow,Little,Short,Organised,Little,Safe,Little,Organised,Contain,Deep,Narrow,Cover,2,1,31,29.73,25.06,FIFA 23,2022-09-01
FRA-Ligue 1,Clermont Foot,70,69,72,69,€4.5M,€35M,Slow,Little,Short,Organised,Little,Safe,Little,Organised,Contain,Deep,Narrow,Cover,2,1,24,26.55,25.46,FIFA 23,2023-02-07
FRA-Ligue 1,Clermont Foot,72,71,72,71,€7.4M,€75M,Slow,Little,Short,Organised,Little,Safe,Little,Organised,Contain,Deep,Narrow,Cover,2,1,25,27.91,25.84,FC 24,2023-09-22
FRA-Ligue 1,Clermont Foot,71,71,72,71,€7.4M,€75M,Slow,Little,Short,Organised,Little,Safe,Little,Organised,Contain,Deep,Narrow,Cover,2,1,26,26.36,25.62,FC 24,2024-02-01
ITA-Serie A,Como,75,76,74,75,€8.6M,€50M,Slow,Little,Short,Organised,Little,Safe,Little,Organised,Contain,Deep,Narrow,Cover,4,2,30,28.73,27.37,FC 25,2024-09-20
ITA-Serie A,Como,75,76,73,74,€8.6M,€50M,Slow,Little,Short,Organised,Little,Safe,Little,Organised,Contain,Deep,Narrow,Cover,4,2,33,25.09,26.42,FC 25,2025-02-04
ITA-Serie A,Como,76,77,75,70,€51.6M,€300M,Slow,Little,Short,Organised,Little,Safe,Little,Organised,Contain,Deep,Narrow,Cover,6,4,33,24.00,25.45,FC 26,2025-09-10
ITA-Serie A,Como,76,77,75,73,€51.6M,€300M,Slow,Little,Short,Organised,Little,Safe,Little,Organised,Contain,Deep,Narrow,Cover,6,4,28,23.27,25.14,FC 26,2026-02-04
ITA-Serie A,Como,77,77,77,75,€51.6M,€300M,Slow,Little,Short,Organised,Little,Safe,Little,Organised,Contain,Deep,Narrow,Cover,6,4,27,23.09,24.96,FC 26,2026-07-23
ITA-Serie A,Cremonese,71,72,71,70,€5.7M,€38M,Slow,Little,Short,Organised,Little,Safe,Little,Organised,Contain,Deep,Narrow,Cover,1,1,32,26.64,25.69,FIFA 23,2022-09-01
ITA-Serie A,Cremonese,71,71,71,72,€5.7M,€38M,Slow,Little,Short,Organised,Little,Safe,Little,Organised,Contain,Deep,Narrow,Cover,1,1,26,27.18,25.19,FIFA 23,2023-02-07
ITA-Serie A,Cremonese,73,73,72,72,€5.3M,€50M,Slow,Little,Short,Organised,Little,Safe,Little,Organised,Contain,Deep,Narrow,Cover,2,1,30,27.45,26.60,FC 26,2025-09-10
ITA-Serie A,Cremonese,73,74,72,71,€5.3M,€50M,Slow,Little,Short,Organised,Little,Safe,Little,Organised,Contain,Deep,Narrow,Cover,2,1,26,27.36,27.00,FC 26,2026-02-04
ITA-Serie A,Cremonese,73,74,71,72,€5.3M,€50M,Slow,Little,Short,Organised,Little,Safe,Little,Organised,Contain,Deep,Narrow,Cover,2,1,28,28.55,26.89,FC 26,2026-07-23
ITA-Serie A,Crotone,71,72,68,70,€4.5M,€27M,Slow,Little,Short,Organised,Little,Safe,Little,Organised,Contain,Deep,Narrow,Cover,1,1,28,27.45,26.32,FIFA 21,2021-09-02
ENG-Premier League,Crystal Palace,76,77,75,75,€30M,€418.5M,Slow,Little,Short,Organised,Little,Safe,Little,Organised,Contain,Deep,Narrow,Cover,3,2,33,28.55,26.82,FIFA 21,2021-09-02
ENG-Premier League,Crystal Palace,76,77,76,75,€30M,€410.5M,Slow,Little,Short,Organised,Little,Safe,Little,Organised,Contain,Deep,Narrow,Cover,3,2,32,26.27,25.34,FIFA 22,2022-02-03
ENG-Premier League,Crystal Palace,76,75,76,76,€35.7M,€410.5M,Slow,Little,Short,Organised,Little,Safe,Little,Organised,Contain,Deep,Narrow,Cover,4,2,32,25.73,24.72,FIFA 23,2022-09-01
ENG-Premier League,Crystal Palace,76,77,76,76,€35.7M,€410.5M,Slow,Little,Short,Organised,Little,Safe,Little,Organised,Contain,Deep,Narrow,Cover,4,2,30,26.64,24.77,FIFA 23,2023-02-07
ENG-Premier League,Crystal Palace,76,75,76,76,€41.4M,€741.5M,Slow,Little,Short,Organised,Little,Safe,Little,Organised,Contain,Deep,Narrow,Cover,4,2,33,27.00,24.24,FC 24,2023-09-22
ENG-Premier League,Crystal Palace,76,75,76,75,€41.4M,€741.5M,Slow,Little,Short,Organised,Little,Safe,Little,Organised,Contain,Deep,Narrow,Cover,4,2,33,26.18,24.30,FC 24,2024-02-01
ENG-Premier League,Crystal Palace,78,78,78,78,€65.1M,€760M,Slow,Little,Short,Organised,Little,Safe,Little,Organised,Contain,Deep,Narrow,Cover,5,4,27,25.36,25.63,FC 25,2024-09-20
ENG-Premier League,Crystal Palace,77,77,77,78,€65.1M,€760M,Slow,Little,Short,Organised,Little,Safe,Little,Organised,Contain,Deep,Narrow,Cover,5,4,32,26.09,24.47,FC 25,2025-02-04
ENG-Premier League,Crystal Palace,78,77,77,79,€65.1M,€760M,Slow,Little,Short,Organised,Little,Safe,Little,Organised,Contain,Deep,Narrow,Cover,6,6,27,25.73,25.59,FC 26,2025-09-10
ENG-Premier League,Crystal Palace,79,78,78,78,€65.1M,€760M,Slow,Little,Short,Organised,Little,Safe,Little,Organised,Contain,Deep,Narrow,Cover,6,6,31,25.27,24.45,FC 26,2026-02-04
ENG-Premier League,Crystal Palace,79,79,78,79,€65.1M,€760M,Slow,Little,Short,Organised,Little,Safe,Little,Organised,Contain,Deep,Narrow,Cover,6,6,28,25.00,25.21,FC 26,2026-07-23
ESP-La Liga,Cádiz,73,75,73,72,€2M,€3.5M,Slow,Little,Short,Organised,Little,Safe,Little,Organised,Contain,Deep,Narrow,Cover,5,1,33,28.55,26.03,FIFA 21,2021-09-02
ESP-La Liga,Cádiz,75,76,74,73,€2M,€3.5M,Slow,Little,Short,Organised,Little,Safe,Little,Organised,Contain,Deep,Narrow,Cover,4,1,32,29.18,26.72,FIFA 22,2022-02-03
ESP-La Liga,Cádiz,75,75,75,74,€2.2M,€5M,Slow,Little,Short,Organised,Little,Safe,Little,Organised,Contain,Deep,Narrow,Cover,4,1,33,30.64,27.45,FIFA 23,2022-09-01
ESP-La Liga,Cádiz,75,75,74,75,€2.2M,€5M,Slow,Little,Short,Organised,Little,Safe,Little,Organised,Contain,Deep,Narrow,Cover,4,1,33,28.45,27.15,FIFA 23,2023-02-07
ESP-La Liga,Cádiz,75,74,75,73,€2.2M,€5M,Slow,Little,Short,Organised,Little,Safe,Little,Organised,Contain,Deep,Narrow,Cover,4,1,32,29.64,27.28,FC 24,2023-09-22
ESP-La Liga,Cádiz,75,74,76,74,€2.2M,€5M,Slow,Little,Short,Organised,Little,Safe,Little,Organised,Contain,Deep,Narrow,Cover,4,1,33,29.64,27.03,FC 24,2024-02-01
GER-Bundesliga,Darmstadt 98,71,69,71,71,€7.3M,€50M,Slow,Little,Short,Organised,Little,Safe,Little,Organised,Contain,Deep,Narrow,Cover,1,1,30,26.18,25.43,FC 24,2023-09-22
GER-Bundesliga,Darmstadt 98,71,70,71,71,€7.3M,€50M,Slow,Little,Short,Organised,Little,Safe,Little,Organised,Contain,Deep,Narrow,Cover,1,1,28,28.36,25.54,FC 24,2024-02-01
FRA-Ligue 1,Dijon FCO,71,73,71,70,€4.6M,€38M,Slow,Little,Short,Organised,Little,Safe,Little,Organised,Contain,Deep,Narrow,Cover,2,1,29,25.45,23.62,FIFA 21,2021-09-02
GER-Bundesliga,Dortmund,81,87,81,81,€60M,€1.3B,Slow,Little,Short,Organised,Little,Safe,Little,Organised,Contain,Deep,Narrow,Cover,9,8,32,25.00,23.47,FIFA 21,2021-09-02
GER-Bundesliga,Dortmund,81,84,81,81,€60M,€1.2B,Slow,Little,Short,Organised,Little,Safe,Little,Organised,Contain,Deep,Narrow,Cover,9,7,32,25.27,24.00,FIFA 22,2022-02-03
GER-Bundesliga,Dortmund,81,79,80,82,€67.2M,€1.7B,Slow,Little,Short,Organised,Little,Safe,Little,Organised,Contain,Deep,Narrow,Cover,9,7,33,26.55,23.79,FIFA 23,2022-09-01
GER-Bundesliga,Dortmund,81,78,80,81,€67.2M,€1.7B,Slow,Little,Short,Organised,Little,Safe,Little,Organised,Contain,Deep,Narrow,Cover,9,7,32,23.00,23.94,FIFA 23,2023-02-07
GER-Bundesliga,Dortmund,81,81,81,81,€67.2M,€1.7B,Slow,Little,Short,Organised,Little,Safe,Little,Organised,Contain,Deep,Narrow,Cover,9,7,28,27.36,25.14,FC 24,2023-09-22
GER-Bundesliga,Dortmund,81,80,81,80,€67.2M,€1.7B,Slow,Little,Short,Organised,Little,Safe,Little,Organised,Contain,Deep,Narrow,Cover,9,7,30,27.73,24.67,FC 24,2024-02-01
GER-Bundesliga,Dortmund,81,81,82,81,€57.9M,€1.6B,Slow,Little,Short,Organised,Little,Safe,Little,Organised,Contain,Deep,Narrow,Cover,9,8,25,26.73,24.36,FC 25,2024-09-20
GER-Bundesliga,Dortmund,81,81,80,81,€57.9M,€1.6B,Slow,Little,Short,Organised,Little,Safe,Little,Organised,Contain,Deep,Narrow,Cover,9,8,26,25.82,23.77,FC 25,2025-02-04
GER-Bundesliga,Dortmund,81,87,79,78,€53.5M,€1.7B,Slow,Little,Short,Organised,Little,Safe,Little,Organised,Contain,Deep,Narrow,Cover,9,8,29,25.91,25.14,FC 26,2025-09-10
GER-Bundesliga,Dortmund,81,81,81,82,€53.5M,€1.7B,Slow,Little,Short,Organised,Little,Safe,Little,Organised,Contain,Deep,Narrow,Cover,9,8,25,27.00,25.28,FC 26,2026-02-04
GER-Bundesliga,Dortmund,81,82,80,81,€53.5M,€1.7B,Slow,Little,Short,Organised,Little,Safe,Little,Organised,Contain,Deep,Narrow,Cover,9,8,29,26.82,23.83,FC 26,2026-07-23
ESP-La Liga,Elche,73,72,73,72,€1.7M,€4.8M,Slow,Little,Short,Organised,Little,Safe,Little,Organised,Contain,Deep,Narrow,Cover,2,1,31,27.73,25.19,FIFA 21,2021-09-02
ESP-La Liga,Elche,74,74,74,73,€1.7M,€4.8M,Slow,Little,Short,Organised,Little,Safe,Little,Organised,Contain,Deep,Narrow,Cover,2,1,30,27.00,26.80,FIFA 22,2022-02-03
ESP-La Liga,Elche,75,75,74,74,€1.8M,€5M,Slow,Little,Short,Organised,Little,Safe,Little,Organised,Contain,Deep,Narrow,Cover,2,1,27,29.82,27.00,FIFA 23,2022-09-01
ESP-La Liga,Elche,74,75,73,73,€1.8M,€5M,Slow,Little,Short,Organised,Little,Safe,Little,Organised,Contain,Deep,Narrow,Cover,2,1,31,28.18,25.55,FIFA 23,2023-02-07
ESP-La Liga,Elche,72,76,70,71,€1.8M,€5M,Slow,Little,Short,Organised,Little,Safe,Little,Organised,Contain,Deep,Narrow,Cover,3,1,29,28.09,25.28,FC 26,2025-09-10
ESP-La Liga,Elche,74,74,73,75,€1.8M,€5M,Slow,Little,Short,Organised,Little,Safe,Little,Organised,Contain,Deep,Narrow,Cover,3,1,28,26.36,24.75,FC 26,2026-02-04
ESP-La Liga,Elche,74,74,73,74,€1.8M,€5M,Slow,Little,Short,Organised,Little,Safe,Little,Organised,Contain,Deep,Narrow,Cover,3,1,29,28.27,24.69,FC 26,2026-07-23
ITA-Serie A,Empoli,72,73,71,71,€4.5M,€20M,Slow,Little,Short,Organised,Little,Safe,Little,Organised,Contain,Deep,Narrow,Cover,10,1,28,24.73,24.46,FIFA 22,2022-02-03
ITA-Serie A,Empoli,72,73,72,72,€4.9M,€50M,Slow,Little,Short,Organised,Little,Safe,Little,Organised,Contain,Deep,Narrow,Cover,2,1,26,26.27,24.23,FIFA 23,2022-09-01
ITA-Serie A,Empoli,73,74,73,72,€4.9M,€50M,Slow,Little,Short,Organised,Little,Safe,Little,Organised,Contain,Deep,Narrow,Cover,2,1,28,24.82,24.79,FIFA 23,2023-02-07
ITA-Serie A,Empoli,73,74,74,72,€4.9M,€50M,Slow,Little,Short,Organised,Little,Safe,Little,Organised,Contain,Deep,Narrow,Cover,2,1,31,26.73,24.58,FC 24,2023-09-22
ITA-Serie A,Empoli,73,74,72,72,€4.9M,€50M,Slow,Little,Short,Organised,Little,Safe,Little,Organised,Contain,Deep,Narrow,Cover,2,1,31,25.82,24.71,FC 24,2024-02-01
ITA-Serie A,Empoli,72,73,71,70,€5.4M,€65M,Slow,Little,Short,Organised,Little,Safe,Little,Organised,Contain,Deep,Narrow,Cover,2,1,28,24.36,24.36,FC 25,2024-09-20
ITA-Serie A,Empoli,72,73,71,71,€5.4M,€65M,Slow,Little,Short,Organised,Little,Safe,Little,Organised,Contain,Deep,Narrow,Cover,2,1,29,24.55,24.00,FC 25,2025-02-04
ESP-La Liga,Espanyol,77,78,77,76,€6M,€60M,Slow,Little,Short,Organised,Little,Safe,Little,Organised,Contain,Deep,Narrow,Cover,5,3,33,27.55,25.12,FIFA 22,2022-02-03
ESP-La Liga,Espanyol,76,81,76,75,€6M,€60M,Slow,Little,Short,Organised,Little,Safe,Little,Organised,Contain,Deep,Narrow,Cover,5,3,33,26.91,24.70,FIFA 23,2022-09-01
ESP-La Liga,Espanyol,77,81,77,76,€6M,€60M,Slow,Little,Short,Organised,Little,Safe,Little,Organised,Contain,Deep,Narrow,Cover,5,3,33,27.91,24.30,FIFA 23,2023-02-07
ESP-La Liga,Espanyol,73,74,72,72,€5.8M,€55M,Slow,Little,Short,Organised,Little,Safe,Little,Organised,Contain,Deep,Narrow,Cover,4,2,30,24.27,24.93,FC 25,2024-09-20
ESP-La Liga,Espanyol,73,74,72,73,€5.8M,€55M,Slow,Little,Short,Organised,Little,Safe,Little,Organised,Contain,Deep,Narrow,Cover,4,2,32,25.18,24.69,FC 25,2025-02-04
ESP-La Liga,Espanyol,74,75,74,74,€6.5M,€65M,Slow,Little,Short,Organised,Little,Safe,Little,Organised,Contain,Deep,Narrow,Cover,4,2,25,27.64,25.52,FC 26,2025-09-10
ESP-La Liga,Espanyol,76,75,75,77,€6.5M,€65M,Slow,Little,Short,Organised,Little,Safe,Little,Organised,Contain,Deep,Narrow,Cover,4,2,23,26.73,25.91,FC 26,2026-02-04
ESP-La Liga,Espanyol,75,73,74,76,€6.5M,€65M,Slow,Little,Short,Organised,Little,Safe,Little,Organised,Contain,Deep,Narrow,Cover,4,2,25,27.91,25.56,FC 26,2026-07-23
ENG-Premier League,Everton,79,81,79,80,€51M,€533.3M,Slow,Little,Short,Organised,Little,Safe,Little,Organised,Contain,Deep,Narrow,Cover,6,5,33,26.82,23.85,FIFA 21,2021-09-02
ENG-Premier League,Everton,79,81,78,78,€49M,€572.5M,Slow,Little,Short,Organised,Little,Safe,Little,Organised,Contain,Deep,Narrow,Cover,6,5,33,26.27,25.70,FIFA 22,2022-02-03
ENG-Premier League,Everton,77,80,77,77,€44.2M,€896.6M,Slow,Little,Short,Organised,Little,Safe,Little,Organised,Contain,Deep,Narrow,Cover,4,4,31,26.18,26.03,FIFA 23,2022-09-01
ENG-Premier League,Everton,77,79,76,77,€44.2M,€896.6M,Slow,Little,Short,Organised,Little,Safe,Little,Organised,Contain,Deep,Narrow,Cover,4,4,29,26.64,26.14,FIFA 23,2023-02-07
ENG-Premier League,Everton,77,79,77,75,€34.3M,€684.5M,Slow,Little,Short,Organised,Little,Safe,Little,Organised,Contain,Deep,Narrow,Cover,3,4,28,26.91,25.86,FC 24,2023-09-22
ENG-Premier League,Everton,76,78,76,75,€34.3M,€684.5M,Slow,Little,Short,Organised,Little,Safe,Little,Organised,Contain,Deep,Narrow,Cover,3,4,30,25.82,25.33,FC 24,2024-02-01
ENG-Premier League,Everton,76,77,74,76,€42.5M,€650M,Slow,Little,Short,Organised,Little,Safe,Little,Organised,Contain,Deep,Narrow,Cover,4,4,27,29.00,26.04,FC 25,2024-09-20
ENG-Premier League,Everton,76,75,75,76,€42.5M,€650M,Slow,Little,Short,Organised,Little,Safe,Little,Organised,Contain,Deep,Narrow,Cover,4,4,26,28.36,26.27,FC 25,2025-02-04
ENG-Premier League,Everton,77,77,76,78,€40.3M,€700M,Slow,Little,Short,Organised,Little,Safe,Little,Organised,Contain,Deep,Narrow,Cover,4,4,25,26.73,25.60,FC 26,2025-09-10
ENG-Premier League,Everton,78,76,77,77,€40.3M,€700M,Slow,Little,Short,Organised,Little,Safe,Little,Organised,Contain,Deep,Narrow,Cover,4,4,26,27.45,25.27,FC 26,2026-02-04
ENG-Premier League,Everton,78,76,78,77,€40.3M,€700M,Slow,Little,Short,Organised,Little,Safe,Little,Organised,Contain,Deep,Narrow,Cover,4,4,25,26.64,25.48,FC 26,2026-07-23
ITA-Serie A,Fiorentina,76,78,76,75,€25M,€222M,Slow,Little,Short,Organised,Little,Safe,Little,Organised,Contain,Deep,Narrow,Cover,6,5,27,26.73,25.93,FIFA 21,2021-09-02
ITA-Serie A,Fiorentina,76,77,77,77,€25M,€222M,Slow,Little,Short,Organised,Little,Safe,Little,Organised,Contain,Deep,Narrow,Cover,6,5,27,27.18,25.96,FIFA 22,2022-02-03
ITA-Serie A,Fiorentina,77,78,76,77,€25.4M,€222M,Slow,Little,Short,Organised,Little,Safe,Little,Organised,Contain,Deep,Narrow,Cover,6,5,32,26.09,25.88,FIFA 23,2022-09-01
ITA-Serie A,Fiorentina,78,77,78,78,€25.4M,€222M,Slow,Little,Short,Organised,Little,Safe,Little,Organised,Contain,Deep,Narrow,Cover,6,5,26,26.18,25.65,FIFA 23,2023-02-07
ITA-Serie A,Fiorentina,78,78,77,78,€29.8M,€270M,Slow,Little,Short,Organised,Little,Safe,Little,Organised,Contain,Deep,Narrow,Cover,6,5,27,27.27,25.22,FC 24,2023-09-22
ITA-Serie A,Fiorentina,78,78,77,75,€29.8M,€270M,Slow,Little,Short,Organised,Little,Safe,Little,Organised,Contain,Deep,Narrow,Cover,6,5,28,27.09,24.96,FC 24,2024-02-01
ITA-Serie A,Fiorentina,77,76,78,76,€23M,€240M,Slow,Little,Short,Organised,Little,Safe,Little,Organised,Contain,Deep,Narrow,Cover,6,5,28,27.36,25.07,FC 25,2024-09-20
ITA-Serie A,Fiorentina,78,79,77,75,€23M,€240M,Slow,Little,Short,Organised,Little,Safe,Little,Organised,Contain,Deep,Narrow,Cover,6,5,28,25.45,24.71,FC 25,2025-02-04
ITA-Serie A,Fiorentina,77,79,77,74,€36.2M,€417.3M,Slow,Little,Short,Organised,Little,Safe,Little,Organised,Contain,Deep,Narrow,Cover,6,5,32,26.91,25.44,FC 26,2025-09-10
ITA-Serie A,Fiorentina,76,78,75,75,€36.2M,€417.3M,Slow,Little,Short,Organised,Little,Safe,Little,Organised,Contain,Deep,Narrow,Cover,6,5,28,25.64,24.71,FC 26,2026-02-04
ITA-Serie A,Fiorentina,76,77,75,75,€36.2M,€417.3M,Slow,Little,Short,Organised,Little,Safe,Little,Organised,Contain,Deep,Narrow,Cover,6,5,29,26.91,24.69,FC 26,2026-07-23
GER-Bundesliga,Frankfurt,77,79,77,75,€25M,€246.8M,Slow,Little,Short,Organised,Little,Safe,Little,Organised,Contain,Deep,Narrow,Cover,6,5,28,25.09,23.96,FIFA 21,2021-09-02
GER-Bundesliga,Frankfurt,77,76,77,77,€25M,€256.8M,Slow,Little,Short,Organised,Little,Safe,Little,Organised,Contain,Deep,Narrow,Cover,6,5,33,25.73,24.18,FIFA 22,2022-02-03
GER-Bundesliga,Frankfurt,78,78,78,77,€21.9M,€269.8M,Slow,Little,Short,Organised,Little,Safe,Little,Organised,Contain,Deep,Narrow,Cover,6,6,32,26.18,24.53,FIFA 23,2022-09-01
GER-Bundesliga,Frankfurt,78,78,79,76,€21.9M,€269.8M,Slow,Little,Short,Organised,Little,Safe,Little,Organised,Contain,Deep,Narrow,Cover,6,6,33,24.82,23.82,FIFA 23,2023-02-07
GER-Bundesliga,Frankfurt,76,76,76,75,€34.3M,€685.8M,Slow,Little,Short,Organised,Little,Safe,Little,Organised,Contain,Deep,Narrow,Cover,7,6,33,26.73,24.03,FC 24,2023-09-22
GER-Bundesliga,Frankfurt,77,76,77,76,€34.3M,€685.8M,Slow,Little,Short,Organised,Little,Safe,Little,Organised,Contain,Deep,Narrow,Cover,7,6,33,23.82,24.09,FC 24,2024-02-01
GER-Bundesliga,Frankfurt,76,76,76,77,€34.3M,€685.8M,Slow,Little,Short,Organised,Little,Safe,Little,Organised,Contain,Deep,Narrow,Cover,7,6,27,25.91,24.15,FC 25,2024-09-20
GER-Bundesliga,Frankfurt,77,83,76,79,€34.3M,€685.8M,Slow,Little,Short,Organised,Little,Safe,Little,Organised,Contain,Deep,Narrow,Cover,7,6,29,25.73,23.38,FC 25,2025-02-04
GER-Bundesliga,Frankfurt,78,78,78,78,€44.2M,€698.8M,Slow,Little,Short,Organised,Little,Safe,Little,Organised,Contain,Deep,Narrow,Cover,8,6,30,26.09,24.77,FC 26,2025-09-10
GER-Bundesliga,Frankfurt,78,78,78,78,€44.2M,€698.8M,Slow,Little,Short,Organised,Little,Safe,Little,Organised,Contain,Deep,Narrow,Cover,8,6,34,24.55,23.79,FC 26,2026-02-04
GER-Bundesliga,Frankfurt,77,82,77,79,€44.2M,€698.8M,Slow,Little,Short,Organised,Little,Safe,Little,Organised,Contain,Deep,Narrow,Cover,8,6,32,24.09,23.66,FC 26,2026-07-23
GER-Bundesliga,Freiburg,74,75,75,73,€10.5M,€165.7M,Slow,Little,Short,Organised,Little,Safe,Little,Organised,Contain,Deep,Narrow,Cover,3,3,27,25.27,24.07,FIFA 21,2021-09-02
GER-Bundesliga,Freiburg,75,73,74,75,€10.5M,€195.7M,Slow,Little,Short,Organised,Little,Safe,Little,Organised,Contain,Deep,Narrow,Cover,4,3,26,25.27,24.35,FIFA 22,2022-02-03
GER-Bundesliga,Freiburg,76,74,76,77,€19.6M,€266.7M,Slow,Little,Short,Organised,Little,Safe,Little,Organised,Contain,Deep,Narrow,Cover,4,3,28,27.55,25.32,FIFA 23,2022-09-01
GER-Bundesliga,Freiburg,76,75,77,76,€19.6M,€266.7M,Slow,Little,Short,Organised,Little,Safe,Little,Organised,Contain,Deep,Narrow,Cover,4,3,26,26.82,25.46,FIFA 23,2023-02-07
GER-Bundesliga,Freiburg,76,76,76,77,€20.4M,€278.7M,Slow,Little,Short,Organised,Little,Safe,Little,Organised,Contain,Deep,Narrow,Cover,4,4,25,27.09,25.76,FC 24,2023-09-22
GER-Bundesliga,Freiburg,76,76,75,77,€20.4M,€278.7M,Slow,Little,Short,Organised,Little,Safe,Little,Organised,Contain,Deep,Narrow,Cover,4,4,25,26.36,25.76,FC 24,2024-02-01
GER-Bundesliga,Freiburg,76,78,76,77,€21M,€288.2M,Slow,Little,Short,Organised,Little,Safe,Little,Organised,Contain,Deep,Narrow,Cover,4,4,29,27.91,25.93,FC 25,2024-09-20
GER-Bundesliga,Freiburg,76,77,75,77,€21M,€288.2M,Slow,Little,Short,Organised,Little,Safe,Little,Organised,Contain,Deep,Narrow,Cover,4,4,26,28.00,26.19,FC 25,2025-02-04
GER-Bundesliga,Freiburg,75,73,74,77,€21.6M,€297.5M,Slow,Little,Short,Organised,Little,Safe,Little,Organised,Contain,Deep,Narrow,Cover,5,4,29,27.36,26.17,FC 26,2025-09-10
GER-Bundesliga,Freiburg,75,73,75,77,€21.6M,€297.5M,Slow,Little,Short,Organised,Little,Safe,Little,Organised,Contain,Deep,Narrow,Cover,5,4,28,26.91,26.18,FC 26,2026-02-04
GER-Bundesliga,Freiburg,75,74,75,76,€21.6M,€297.5M,Slow,Little,Short,Organised,Little,Safe,Little,Organised,Contain,Deep,Narrow,Cover,5,4,27,26.82,26.04,FC 26,2026-07-23
ITA-Serie A,Frosinone,70,70,70,67,€4.8M,€30M,Slow,Little,Short,Organised,Little,Safe,Little,Organised,Contain,Deep,Narrow,Cover,1,1,29,25.18,24.48,FC 24,2023-09-22
ITA-Serie A,Frosinone,71,69,70,69,€4.8M,€30M,Slow,Little,Short,Organised,Little,Safe,Little,Organised,Contain,Deep,Narrow,Cover,1,1,30,23.09,24.30,FC 24,2024-02-01
ENG-Premier League,Fulham,75,74,75,74,€16.5M,€130M,Slow,Little,Short,Organised,Little,Safe,Little,Organised,Contain,Deep,Narrow,Cover,9,1,33,24.45,24.09,FIFA 21,2021-09-02
ENG-Premier League,Fulham,75,78,75,74,€23.1M,€155M,Slow,Little,Short,Organised,Little,Safe,Little,Organised,Contain,Deep,Narrow,Cover,2,1,32,27.09,25.63,FIFA 23,2022-09-01
ENG-Premier League,Fulham,76,79,76,75,€23.1M,€155M,Slow,Little,Short,Organised,Little,Safe,Little,Organised,Contain,Deep,Narrow,Cover,2,1,32,27.82,25.31,FIFA 23,2023-02-07
ENG-Premier League,Fulham,77,76,77,76,€26M,€228.5M,Slow,Little,Short,Organised,Little,Safe,Little,Organised,Contain,Deep,Narrow,Cover,5,2,33,28.55,25.45,FC 24,2023-09-22
ENG-Premier League,Fulham,77,75,77,76,€26M,€228.5M,Slow,Little,Short,Organised,Little,Safe,Little,Organised,Contain,Deep,Narrow,Cover,5,2,33,28.09,25.45,FC 24,2024-02-01
ENG-Premier League,Fulham,76,75,76,77,€57.1M,€780M,Slow,Little,Short,Organised,Little,Safe,Little,Organised,Contain,Deep,Narrow,Cover,5,4,27,26.73,25.93,FC 25,2024-09-20
ENG-Premier League,Fulham,77,76,77,78,€57.1M,€780M,Slow,Little,Short,Organised,Little,Safe,Little,Organised,Contain,Deep,Narrow,Cover,5,4,27,27.64,25.93,FC 25,2025-02-04
ENG-Premier League,Fulham,77,77,76,77,€57.1M,€780M,Slow,Little,Short,Organised,Little,Safe,Little,Organised,Contain,Deep,Narrow,Cover,5,4,22,27.91,27.77,FC 26,2025-09-10
ENG-Premier League,Fulham,78,77,78,78,€57.1M,€780M,Slow,Little,Short,Organised,Little,Safe,Little,Organised,Contain,Deep,Narrow,Cover,5,4,27,28.45,26.74,FC 26,2026-02-04
ENG-Premier League,Fulham,78,78,78,78,€57.1M,€780M,Slow,Little,Short,Organised,Little,Safe,Little,Organised,Contain,Deep,Narrow,Cover,5,4,24,28.45,26.92,FC 26,2026-07-23
ITA-Serie A,Genoa,74,72,74,74,€8.5M,€101M,Slow,Little,Short,Organised,Little,Safe,Little,Organised,Contain,Deep,Narrow,Cover,3,2,32,29.45,25.91,FIFA 21,2021-09-02
ITA-Serie A,Genoa,73,74,72,72,€8.5M,€101M,Slow,Little,Short,Organised,Little,Safe,Little,Organised,Contain,Deep,Narrow,Cover,3,2,33,26.45,24.61,FIFA 22,2022-02-03
ITA-Serie A,Genoa,73,76,73,71,€11.7M,€75M,Slow,Little,Short,Organised,Little,Safe,Little,Organised,Contain,Deep,Narrow,Cover,2,2,28,27.09,26.46,FC 24,2023-09-22
ITA-Serie A,Genoa,73,76,73,71,€11.7M,€75M,Slow,Little,Short,Organised,Little,Safe,Little,Organised,Contain,Deep,Narrow,Cover,2,2,28,27.09,25.61,FC 24,2024-02-01
ITA-Serie A,Genoa,73,74,74,71,€15.8M,€150M,Slow,Little,Short,Organised,Little,Safe,Little,Organised,Contain,Deep,Narrow,Cover,5,3,29,27.45,25.31,FC 25,2024-09-20
ITA-Serie A,Genoa,73,73,73,71,€15.8M,€150M,Slow,Little,Short,Organised,Little,Safe,Little,Organised,Contain,Deep,Narrow,Cover,5,3,33,27.09,25.06,FC 25,2025-02-04
ITA-Serie A,Genoa,73,74,73,72,€20.9M,€256.2M,Slow,Little,Short,Organised,Little,Safe,Little,Organised,Contain,Deep,Narrow,Cover,4,3,26,25.36,25.58,FC 26,2025-09-10
ITA-Serie A,Genoa,73,73,73,71,€20.9M,€256.2M,Slow,Little,Short,Organised,Little,Safe,Little,Organised,Contain,Deep,Narrow,Cover,4,3,29,25.73,25.21,FC 26,2026-02-04
ITA-Serie A,Genoa,73,73,72,73,€20.9M,€256.2M,Slow,Little,Short,Organised,Little,Safe,Little,Organised,Contain,Deep,Narrow,Cover,4,3,32,25.00,24.00,FC 26,2026-07-23
ESP-La Liga,Getafe,77,77,78,77,€8.3M,€45M,Slow,Little,Short,Organised,Little,Safe,Little,Organised,Contain,Deep,Narrow,Cover,5,3,32,26.55,24.41,FIFA 21,2021-09-02
ESP-La Liga,Getafe,76,75,76,75,€8.3M,€45M,Slow,Little,Short,Organised,Little,Safe,Little,Organised,Contain,Deep,Narrow,Cover,5,4,31,26.18,24.32,FIFA 22,2022-02-03
ESP-La Liga,Getafe,76,75,77,75,€8.3M,€45M,Slow,Little,Short,Organised,Little,Safe,Little,Organised,Contain,Deep,Narrow,Cover,5,4,24,27.18,25.71,FIFA 23,2022-09-01
ESP-La Liga,Getafe,77,76,78,76,€8.3M,€45M,Slow,Little,Short,Organised,Little,Safe,Little,Organised,Contain,Deep,Narrow,Cover,5,4,29,27.27,25.93,FIFA 23,2023-02-07
ESP-La Liga,Getafe,76,82,76,75,€8.3M,€45M,Slow,Little,Short,Organised,Little,Safe,Little,Organised,Contain,Deep,Narrow,Cover,5,4,27,28.36,26.11,FC 24,2023-09-22
ESP-La Liga,Getafe,76,76,76,76,€8.3M,€45M,Slow,Little,Short,Organised,Little,Safe,Little,Organised,Contain,Deep,Narrow,Cover,5,4,31,26.36,25.42,FC 24,2024-02-01
ESP-La Liga,Getafe,74,79,74,74,€8.3M,€45M,Slow,Little,Short,Organised,Little,Safe,Little,Organised,Contain,Deep,Narrow,Cover,5,4,25,27.91,24.48,FC 25,2024-09-20
ESP-La Liga,Getafe,74,71,75,75,€8.3M,€45M,Slow,Little,Short,Organised,Little,Safe,Little,Organised,Contain,Deep,Narrow,Cover,5,4,28,26.82,24.71,FC 25,2025-02-04
ESP-La Liga,Getafe,75,75,75,75,€8.3M,€45M,Slow,Little,Short,Organised,Little,Safe,Little,Organised,Contain,Deep,Narrow,Cover,5,4,25,29.09,26.08,FC 26,2025-09-10
ESP-La Liga,Getafe,75,73,76,74,€8.3M,€45M,Slow,Little,Short,Organised,Little,Safe,Little,Organised,Contain,Deep,Narrow,Cover,5,4,33,27.45,25.45,FC 26,2026-02-04
ESP-La Liga,Getafe,76,75,77,75,€8.3M,€45M,Slow,Little,Short,Organised,Little,Safe,Little,Organised,Contain,Deep,Narrow,Cover,5,4,33,28.00,25.42,FC 26,2026-07-23
ESP-La Liga,Girona,72,76,72,72,€3.6M,€8M,Slow,Little,Short,Organised,Little,Safe,Little,Organised,Contain,Deep,Narrow,Cover,1,1,29,27.18,23.76,FIFA 23,2022-09-01
ESP-La Liga,Girona,75,77,76,74,€3.6M,€8M,Slow,Little,Short,Organised,Little,Safe,Little,Organised,Contain,Deep,Narrow,Cover,1,1,30,24.73,24.63,FIFA 23,2023-02-07
ESP-La Liga,Girona,76,77,76,76,€3.6M,€8M,Slow,Little,Short,Organised,Little,Safe,Little,Organised,Contain,Deep,Narrow,Cover,1,1,31,28.18,25.03,FC 24,2023-09-22
ESP-La Liga,Girona,78,77,78,78,€3.6M,€8M,Slow,Little,Short,Organised,Little,Safe,Little,Organised,Contain,Deep,Narrow,Cover,1,1,33,24.73,24.21,FC 24,2024-02-01
ESP-La Liga,Girona,78,76,79,79,€3.6M,€8M,Slow,Little,Short,Organised,Little,Safe,Little,Organised,Contain,Deep,Narrow,Cover,1,1,26,27.55,26.46,FC 25,2024-09-20
ESP-La Liga,Girona,79,75,79,79,€3.6M,€8M,Slow,Little,Short,Organised,Little,Safe,Little,Organised,Contain,Deep,Narrow,Cover,1,1,32,27.27,25.09,FC 25,2025-02-04
ESP-La Liga,Girona,76,75,75,77,€3.6M,€8M,Slow,Little,Short,Organised,Little,Safe,Little,Organised,Contain,Deep,Narrow,Cover,1,1,23,28.82,27.26,FC 26,2025-09-10
ESP-La Liga,Girona,77,76,77,75,€3.6M,€8M,Slow,Little,Short,Organised,Little,Safe,Little,Organised,Contain,Deep,Narrow,Cover,1,1,31,27.82,26.39,FC 26,2026-02-04
ESP-La Liga,Girona,77,76,77,76,€3.6M,€8M,Slow,Little,Short,Organised,Little,Safe,Little,Organised,Contain,Deep,Narrow,Cover,1,1,30,27.45,26.57,FC 26,2026-07-23
GER-Bundesliga,Gladbach,79,78,79,80,€25M,€357.9M,Slow,Little,Short,Organised,Little,Safe,Little,Organised,Contain,Deep,Narrow,Cover,7,5,33,26.45,24.06,FIFA 21,2021-09-02
GER-Bundesliga,Gladbach,78,79,76,79,€25M,€357.9M,Slow,Little,Short,Organised,Little,Safe,Little,Organised,Contain,Deep,Narrow,Cover,6,6,33,26.18,23.73,FIFA 22,2022-02-03
GER-Bundesliga,Gladbach,77,78,77,76,€23.8M,€333.9M,Slow,Little,Short,Organised,Little,Safe,Little,Organised,Contain,Deep,Narrow,Cover,5,5,32,27.27,24.50,FIFA 23,2022-09-01
GER-Bundesliga,Gladbach,77,79,78,76,€23.8M,€333.9M,Slow,Little,Short,Organised,Little,Safe,Little,Organised,Contain,Deep,Narrow,Cover,5,5,33,26.27,24.03,FIFA 23,2023-02-07
GER-Bundesliga,Gladbach,76,75,76,75,€19.6M,€304M,Slow,Little,Short,Organised,Little,Safe,Little,Organised,Contain,Deep,Narrow,Cover,5,5,33,24.55,24.52,FC 24,2023-09-22
GER-Bundesliga,Gladbach,76,75,76,76,€19.6M,€304M,Slow,Little,Short,Organised,Little,Safe,Little,Organised,Contain,Deep,Narrow,Cover,5,5,33,24.55,24.58,FC 24,2024-02-01
GER-Bundesliga,Gladbach,75,76,76,74,€19.6M,€303.8M,Slow,Little,Short,Organised,Little,Safe,Little,Organised,Contain,Deep,Narrow,Cover,5,5,26,26.55,25.35,FC 25,2024-09-20
GER-Bundesliga,Gladbach,76,77,76,73,€19.6M,€303.8M,Slow,Little,Short,Organised,Little,Safe,Little,Organised,Contain,Deep,Narrow,Cover,5,5,27,25.64,24.93,FC 25,2025-02-04
GER-Bundesliga,Gladbach,76,77,76,74,€19.9M,€308.7M,Slow,Little,Short,Organised,Little,Safe,Little,Organised,Contain,Deep,Narrow,Cover,6,5,29,26.73,25.24,FC 26,2025-09-10
GER-Bundesliga,Gladbach,75,76,75,75,€19.9M,€308.7M,Slow,Little,Short,Organised,Little,Safe,Little,Organised,Contain,Deep,Narrow,Cover,6,5,32,26.18,24.25,FC 26,2026-02-04
GER-Bundesliga,Gladbach,75,77,75,75,€19.9M,€308.7M,Slow,Little,Short,Organised,Little,Safe,Little,Organised,Contain,Deep,Narrow,Cover,6,5,30,26.36,24.23,FC 26,2026-07-23
ESP-La Liga,Granada,78,77,78,77,€7.6M,€55M,Slow,Little,Short,Organised,Little,Safe,Little,Organised,Contain,Deep,Narrow,Cover,7,1,33,29.27,25.45,FIFA 21,2021-09-02
ESP-La Liga,Granada,77,77,78,77,€7.6M,€55M,Slow,Little,Short,Organised,Little,Safe,Little,Organised,Contain,Deep,Narrow,Cover,6,3,33,29.27,26.09,FIFA 22,2022-02-03
ESP-La Liga,Granada,73,76,72,72,€7.3M,€50M,Slow,Little,Short,Organised,Little,Safe,Little,Organised,Contain,Deep,Narrow,Cover,2,1,28,28.00,26.71,FC 24,2023-09-22
ESP-La Liga,Granada,74,76,73,72,€7.3M,€50M,Slow,Little,Short,Organised,Little,Safe,Little,Organised,Contain,Deep,Narrow,Cover,2,1,33,26.64,25.73,FC 24,2024-02-01
GER-Bundesliga,Greuther Fürth,71,71,70,71,€1.9M,€25.6M,Slow,Little,Short,Organised,Little,Safe,Little,Organised,Contain,Deep,Narrow,Cover,1,1,28,26.27,23.86,FIFA 22,2022-02-03
GER-Bundesliga,Hamburger SV,72,73,72,71,€13.8M,€195.2M,Slow,Little,Short,Organised,Little,Safe,Little,Organised,Contain,Deep,Narrow,Cover,2,3,32,26.82,24.38,FC 26,2025-09-10
GER-Bundesliga,Hamburger SV,73,73,73,73,€13.8M,€195.2M,Slow,Little,Short,Organised,Little,Safe,Little,Organised,Contain,Deep,Narrow,Cover,2,3,34,25.55,24.03,FC 26,2026-02-04
GER-Bundesliga,Hamburger SV,74,72,73,74,€13.8M,€195.2M,Slow,Little,Short,Organised,Little,Safe,Little,Organised,Contain,Deep,Narrow,Cover,2,3,32,25.27,23.78,FC 26,2026-07-23
GER-Bundesliga,Heidenheim,71,72,70,71,€7.2M,€34.4M,Slow,Little,Short,Organised,Little,Safe,Little,Organised,Contain,Deep,Narrow,Cover,1,1,29,25.64,25.03,FC 24,2023-09-22
GER-Bundesliga,Heidenheim,72,72,72,72,€7.2M,€34.4M,Slow,Little,Short,Organised,Little,Safe,Little,Organised,Contain,Deep,Narrow,Cover,1,1,29,26.64,25.03,FC 24,2024-02-01
GER-Bundesliga,Heidenheim,72,71,71,73,€7.7M,€38.4M,Slow,Little,Short,Organised,Little,Safe,Little,Organised,Contain,Deep,Narrow,Cover,3,1,29,25.91,25.72,FC 25,2024-09-20
GER-Bundesliga,Heidenheim,72,72,72,72,€7.7M,€38.4M,Slow,Little,Short,Organised,Little,Safe,Little,Organised,Contain,Deep,Narrow,Cover,3,1,29,26.73,25.62,FC 25,2025-02-04
GER-Bundesliga,Heidenheim,73,73,71,72,€8.5M,€48.2M,Slow,Little,Short,Organised,Little,Safe,Little,Organised,Contain,Deep,Narrow,Cover,2,1,30,25.82,25.53,FC 26,2025-09-10
GER-Bundesliga,Heidenheim,72,73,72,72,€8.5M,€48.2M,Slow,Little,Short,Organised,Little,Safe,Little,Organised,Contain,Deep,Narrow,Cover,2,1,29,25.73,24.90,FC 26,2026-02-04
GER-Bundesliga,Heidenheim,72,72,72,72,€8.5M,€48.2M,Slow,Little,Short,Organised,Little,Safe,Little,Organised,Contain,Deep,Narrow,Cover,2,1,30,25.00,24.83,FC 26,2026-07-23
ITA-Serie A,Hellas Verona,74,76,75,73,€8M,€75M,Slow,Little,Short,Organised,Little,Safe,Little,Organised,Contain,Deep,Narrow,Cover,3,1,29,26.82,24.34,FIFA 21,2021-09-02
ITA-Serie A,Hellas Verona,75,76,75,75,€8M,€75M,Slow,Little,Short,Organised,Little,Safe,Little,Organised,Contain,Deep,Narrow,Cover,3,1,26,27.09,25.38,FIFA 22,2022-02-03
ITA-Serie A,Hellas Verona,75,76,77,74,€12.4M,€99M,Slow,Little,Short,Organised,Little,Safe,Little,Organised,Contain,Deep,Narrow,Cover,3,1,26,28.09,25.88,FIFA 23,2022-09-01
ITA-Serie A,Hellas Verona,74,73,73,73,€12.4M,€99M,Slow,Little,Short,Organised,Little,Safe,Little,Organised,Contain,Deep,Narrow,Cover,3,1,29,27.18,25.55,FIFA 23,2023-02-07
ITA-Serie A,Hellas Verona,74,71,74,74,€11.7M,€89M,Slow,Little,Short,Organised,Little,Safe,Little,Organised,Contain,Deep,Narrow,Cover,3,1,31,25.55,25.32,FC 24,2023-09-22
ITA-Serie A,Hellas Verona,73,72,73,73,€11.7M,€89M,Slow,Little,Short,Organised,Little,Safe,Little,Organised,Contain,Deep,Narrow,Cover,3,1,29,26.09,25.45,FC 24,2024-02-01
ITA-Serie A,Hellas Verona,73,71,73,72,€7.2M,€80M,Slow,Little,Short,Organised,Little,Safe,Little,Organised,Contain,Deep,Narrow,Cover,4,1,33,25.18,24.21,FC 25,2024-09-20
ITA-Serie A,Hellas Verona,73,71,73,72,€7.2M,€80M,Slow,Little,Short,Organised,Little,Safe,Little,Organised,Contain,Deep,Narrow,Cover,4,1,32,25.36,24.25,FC 25,2025-02-04
ITA-Serie A,Hellas Verona,73,68,73,71,€10.5M,€129.8M,Slow,Little,Short,Organised,Little,Safe,Little,Organised,Contain,Deep,Narrow,Cover,2,1,28,25.27,24.36,FC 26,2025-09-10
ITA-Serie A,Hellas Verona,73,72,73,71,€10.5M,€129.8M,Slow,Little,Short,Organised,Little,Safe,Little,Organised,Contain,Deep,Narrow,Cover,2,1,28,24.73,25.04,FC 26,2026-02-04
ITA-Serie A,Hellas Verona,73,70,73,71,€10.5M,€129.8M,Slow,Little,Short,Organised,Little,Safe,Little,Organised,Contain,Deep,Narrow,Cover,2,1,30,25.91,24.63,FC 26,2026-07-23
GER-Bundesliga,Hertha BSC,76,77,76,75,€60M,€520M,Slow,Little,Short,Organised,Little,Safe,Little,Organised,Contain,Deep,Narrow,Cover,6,4,33,25.73,23.39,FIFA 21,2021-09-02
GER-Bundesliga,Hertha BSC,75,75,75,75,€60M,€520M,Slow,Little,Short,Organised,Little,Safe,Little,Organised,Contain,Deep,Narrow,Cover,5,4,33,27.64,24.94,FIFA 22,2022-02-03
GER-Bundesliga,Hertha BSC,75,77,74,74,€35.7M,€410M,Slow,Little,Short,Organised,Little,Safe,Little,Organised,Contain,Deep,Narrow,Cover,3,4,33,27.36,25.45,FIFA 23,2022-09-01
GER-Bundesliga,Hertha BSC,74,74,75,73,€35.7M,€410M,Slow,Little,Short,Organised,Little,Safe,Little,Organised,Contain,Deep,Narrow,Cover,3,4,31,25.09,24.87,FIFA 23,2023-02-07
GER-Bundesliga,Hoffenheim,76,75,77,76,€28M,€331.1M,Slow,Little,Short,Organised,Little,Safe,Little,Organised,Contain,Deep,Narrow,Cover,6,5,33,25.09,24.67,FIFA 21,2021-09-02
GER-Bundesliga,Hoffenheim,77,77,77,76,€28M,€331.1M,Slow,Little,Short,Organised,Little,Safe,Little,Organised,Contain,Deep,Narrow,Cover,5,4,32,26.18,24.38,FIFA 22,2022-02-03
GER-Bundesliga,Hoffenheim,77,77,76,77,€34.7M,€331.1M,Slow,Little,Short,Organised,Little,Safe,Little,Organised,Contain,Deep,Narrow,Cover,5,4,33,27.00,24.82,FIFA 23,2022-09-01
GER-Bundesliga,Hoffenheim,77,77,77,76,€34.7M,€331.1M,Slow,Little,Short,Organised,Little,Safe,Little,Organised,Contain,Deep,Narrow,Cover,5,4,33,26.64,24.61,FIFA 23,2023-02-07
GER-Bundesliga,Hoffenheim,76,77,76,75,€34.7M,€331.1M,Slow,Little,Short,Organised,Little,Safe,Little,Organised,Contain,Deep,Narrow,Cover,5,4,32,29.45,25.06,FC 24,2023-09-22
GER-Bundesliga,Hoffenheim,76,77,76,75,€34.7M,€331.1M,Slow,Little,Short,Organised,Little,Safe,Little,Organised,Contain,Deep,Narrow,Cover,5,4,32,27.82,25.06,FC 24,2024-02-01
GER-Bundesliga,Hoffenheim,76,76,77,73,€34.7M,€331.1M,Slow,Little,Short,Organised,Little,Safe,Little,Organised,Contain,Deep,Narrow,Cover,5,4,35,27.64,24.83,FC 25,2024-09-20
GER-Bundesliga,Hoffenheim,76,75,76,73,€34.7M,€331.1M,Slow,Little,Short,Organised,Little,Safe,Little,Organised,Contain,Deep,Narrow,Cover,5,4,35,25.09,24.54,FC 25,2025-02-04
GER-Bundesliga,Hoffenheim,75,76,73,73,€34.7M,€330.2M,Slow,Little,Short,Organised,Little,Safe,Little,Organised,Contain,Deep,Narrow,Cover,5,4,29,26.09,25.00,FC 26,2025-09-10
GER-Bundesliga,Hoffenheim,76,75,76,75,€34.7M,€330.2M,Slow,Little,Short,Organised,Little,Safe,Little,Organised,Contain,Deep,Narrow,Cover,5,4,31,26.09,24.39,FC 26,2026-02-04
GER-Bundesliga,Hoffenheim,77,77,78,75,€34.7M,€330.2M,Slow,Little,Short,Organised,Little,Safe,Little,Organised,Contain,Deep,Narrow,Cover,5,4,31,26.09,23.84,FC 26,2026-07-23
GER-Bundesliga,Holstein Kiel,69,69,70,68,€5.3M,€26.9M,Slow,Little,Short,Organised,Little,Safe,Little,Organised,Contain,Deep,Narrow,Cover,1,1,27,26.82,25.30,FC 25,2024-09-20
GER-Bundesliga,Holstein Kiel,69,69,69,69,€5.3M,€26.9M,Slow,Little,Short,Organised,Little,Safe,Little,Organised,Contain,Deep,Narrow,Cover,1,1,28,24.00,25.11,FC 25,2025-02-04
ITA-Serie A,Inter,82,83,81,83,€99.5M,€983M,Slow,Little,Short,Organised,Little,Safe,Little,Organised,Contain,Deep,Narrow,Cover,9,7,24,26.00,27.88,FIFA 21,2021-09-02
ITA-Serie A,Inter,82,83,82,83,€99.5M,€983M,Slow,Little,Short,Organised,Little,Safe,Little,Organised,Contain,Deep,Narrow,Cover,9,7,26,28.45,28.81,FIFA 22,2022-02-03
ITA-Serie A,Inter,83,84,83,83,€71.5M,€949M,Slow,Little,Short,Organised,Little,Safe,Little,Organised,Contain,Deep,Narrow,Cover,9,7,26,27.73,27.54,FIFA 23,2022-09-01
ITA-Serie A,Inter,83,85,83,83,€71.5M,€949M,Slow,Little,Short,Organised,Little,Safe,Little,Organised,Contain,Deep,Narrow,Cover,9,7,27,27.45,27.48,FIFA 23,2023-02-07
ITA-Serie A,Inter,82,81,82,82,€72.5M,€1B,Slow,Little,Short,Organised,Little,Safe,Little,Organised,Contain,Deep,Narrow,Cover,10,8,25,28.45,28.04,FC 24,2023-09-22
ITA-Serie A,Inter,82,81,82,83,€72.5M,€1B,Slow,Little,Short,Organised,Little,Safe,Little,Organised,Contain,Deep,Narrow,Cover,10,8,26,29.18,27.77,FC 24,2024-02-01
ITA-Serie A,Inter,83,86,83,83,€70.2M,€900M,Slow,Little,Short,Organised,Little,Safe,Little,Organised,Contain,Deep,Narrow,Cover,10,8,27,29.82,28.07,FC 25,2024-09-20
ITA-Serie A,Inter,83,86,83,83,€70.2M,€900M,Slow,Little,Short,Organised,Little,Safe,Little,Organised,Contain,Deep,Narrow,Cover,10,8,26,29.82,28.31,FC 25,2025-02-04
ITA-Serie A,Inter,84,86,84,83,€34.8M,€985M,Slow,Little,Short,Organised,Little,Safe,Little,Organised,Contain,Deep,Narrow,Cover,9,9,25,29.82,27.76,FC 26,2025-09-10
ITA-Serie A,Inter,84,86,83,82,€34.8M,€985M,Slow,Little,Short,Organised,Little,Safe,Little,Organised,Contain,Deep,Narrow,Cover,9,9,28,28.09,26.71,FC 26,2026-02-04
ITA-Serie A,Inter,83,86,83,83,€34.8M,€985M,Slow,Little,Short,Organised,Little,Safe,Little,Organised,Contain,Deep,Narrow,Cover,9,9,30,27.73,26.00,FC 26,2026-07-23
ENG-Premier League,Ipswich Town,74,71,74,74,€37.5M,€370M,Slow,Little,Short,Organised,Little,Safe,Little,Organised,Contain,Deep,Narrow,Cover,1,1,27,25.45,25.63,FC 25,2024-09-20
ENG-Premier League,Ipswich Town,74,76,74,74,€37.5M,€370M,Slow,Little,Short,Organised,Little,Safe,Little,Organised,Contain,Deep,Narrow,Cover,1,1,29,25.73,25.52,FC 25,2025-02-04
ITA-Serie A,Juventus,83,87,81,83,€105M,€1.7B,Slow,Little,Short,Organised,Little,Safe,Little,Organised,Contain,Deep,Narrow,Cover,10,10,26,27.82,26.04,FIFA 21,2021-09-02
ITA-Serie A,Juventus,83,82,81,83,€105M,€1.7B,Slow,Little,Short,Organised,Little,Safe,Little,Organised,Contain,Deep,Narrow,Cover,10,10,26,28.18,25.81,FIFA 22,2022-02-03
ITA-Serie A,Juventus,82,82,80,81,€144.4M,€2.3B,Slow,Little,Short,Organised,Little,Safe,Little,Organised,Contain,Deep,Narrow,Cover,10,9,31,27.91,25.61,FIFA 23,2022-09-01
ITA-Serie A,Juventus,82,82,81,81,€144.4M,€2.3B,Slow,Little,Short,Organised,Little,Safe,Little,Organised,Contain,Deep,Narrow,Cover,10,9,28,28.09,26.07,FIFA 23,2023-02-07
ITA-Serie A,Juventus,80,81,80,79,€130M,€2B,Slow,Little,Short,Organised,Little,Safe,Little,Organised,Contain,Deep,Narrow,Cover,10,9,25,26.45,25.68,FC 24,2023-09-22
ITA-Serie A,Juventus,80,81,80,79,€130M,€2B,Slow,Little,Short,Organised,Little,Safe,Little,Organised,Contain,Deep,Narrow,Cover,10,9,25,26.64,25.52,FC 24,2024-02-01
ITA-Serie A,Juventus,80,82,76,79,€124.2M,€1.8B,Slow,Little,Short,Organised,Little,Safe,Little,Organised,Contain,Deep,Narrow,Cover,10,8,26,23.82,24.88,FC 25,2024-09-20
ITA-Serie A,Juventus,80,82,80,78,€124.2M,€1.8B,Slow,Little,Short,Organised,Little,Safe,Little,Organised,Contain,Deep,Narrow,Cover,10,8,29,23.64,24.21,FC 25,2025-02-04
ITA-Serie A,Juventus,80,82,80,79,€125.5M,€1.8B,Slow,Little,Short,Organised,Little,Safe,Little,Organised,Contain,Deep,Narrow,Cover,10,8,27,25.09,25.74,FC 26,2025-09-10
ITA-Serie A,Juventus,80,81,80,80,€125.5M,€1.8B,Slow,Little,Short,Organised,Little,Safe,Little,Organised,Contain,Deep,Narrow,Cover,10,8,28,25.00,25.57,FC 26,2026-02-04
ITA-Serie A,Juventus,80,81,80,81,€125.5M,€1.8B,Slow,Little,Short,Organised,Little,Safe,Little,Organised,Contain,Deep,Narrow,Cover,10,8,27,25.00,25.70,FC 26,2026-07-23
GER-Bundesliga,Köln,74,74,74,72,€12.5M,€168.5M,Slow,Little,Short,Organised,Little,Safe,Little,Organised,Contain,Deep,Narrow,Cover,4,3,31,26.00,23.52,FIFA 21,2021-09-02
GER-Bundesliga,Köln,74,75,75,73,€12.5M,€168.5M,Slow,Little,Short,Organised,Little,Safe,Little,Organised,Contain,Deep,Narrow,Cover,4,3,29,26.36,24.14,FIFA 22,2022-02-03
GER-Bundesliga,Köln,74,70,75,74,€12M,€136.5M,Slow,Little,Short,Organised,Little,Safe,Little,Organised,Contain,Deep,Narrow,Cover,4,3,31,26.82,24.74,FIFA 23,2022-09-01
GER-Bundesliga,Köln,74,71,74,74,€12M,€136.5M,Slow,Little,Short,Organised,Little,Safe,Little,Organised,Contain,Deep,Narrow,Cover,4,3,32,25.73,24.13,FIFA 23,2023-02-07
GER-Bundesliga,Köln,74,73,74,73,€10.9M,€136.5M,Slow,Little,Short,Organised,Little,Safe,Little,Organised,Contain,Deep,Narrow,Cover,4,3,33,26.36,24.45,FC 24,2023-09-22
GER-Bundesliga,Köln,73,73,74,73,€10.9M,€136.5M,Slow,Little,Short,Organised,Little,Safe,Little,Organised,Contain,Deep,Narrow,Cover,4,3,33,25.82,24.24,FC 24,2024-02-01
GER-Bundesliga,Köln,73,73,74,71,€13.2M,€181.1M,Slow,Little,Short,Organised,Little,Safe,Little,Organised,Contain,Deep,Narrow,Cover,2,3,31,25.55,25.26,FC 26,2025-09-10
GER-Bundesliga,Köln,74,74,73,72,€13.2M,€181.1M,Slow,Little,Short,Organised,Little,Safe,Little,Organised,Contain,Deep,Narrow,Cover,2,3,32,24.45,24.66,FC 26,2026-02-04
GER-Bundesliga,Köln,74,75,74,71,€13.2M,€181.1M,Slow,Little,Short,Organised,Little,Safe,Little,Organised,Contain,Deep,Narrow,Cover,2,3,32,23.82,24.16,FC 26,2026-07-23
ESP-La Liga,Las Palmas,74,75,75,72,€6.3M,€45M,Slow,Little,Short,Organised,Little,Safe,Little,Organised,Contain,Deep,Narrow,Cover,2,1,27,25.73,25.89,FC 24,2023-09-22
ESP-La Liga,Las Palmas,74,75,74,74,€6.3M,€45M,Slow,Little,Short,Organised,Little,Safe,Little,Organised,Contain,Deep,Narrow,Cover,2,1,30,25.55,24.67,FC 24,2024-02-01
ESP-La Liga,Las Palmas,75,74,75,74,€6.3M,€45M,Slow,Little,Short,Organised,Little,Safe,Little,Organised,Contain,Deep,Narrow,Cover,2,1,29,27.73,26.31,FC 25,2024-09-20
ESP-La Liga,Las Palmas,75,74,75,74,€6.3M,€45M,Slow,Little,Short,Organised,Little,Safe,Little,Organised,Contain,Deep,Narrow,Cover,2,1,27,26.27,26.37,FC 25,2025-02-04
ITA-Serie A,Lazio,80,82,80,79,€39M,€328M,Slow,Little,Short,Organised,Little,Safe,Little,Organised,Contain,Deep,Narrow,Cover,7,6,30,29.91,26.57,FIFA 21,2021-09-02
ITA-Serie A,Lazio,79,79,80,79,€39.6M,€328M,Slow,Little,Short,Organised,Little,Safe,Little,Organised,Contain,Deep,Narrow,Cover,7,6,27,28.18,26.70,FIFA 22,2022-02-03
ITA-Serie A,Lazio,79,80,79,79,€29.9M,€328M,Slow,Little,Short,Organised,Little,Safe,Little,Organised,Contain,Deep,Narrow,Cover,7,6,33,28.36,26.67,FIFA 23,2022-09-01
ITA-Serie A,Lazio,79,80,79,78,€29.9M,€328M,Slow,Little,Short,Organised,Little,Safe,Little,Organised,Contain,Deep,Narrow,Cover,7,6,25,27.91,26.56,FIFA 23,2023-02-07
ITA-Serie A,Lazio,80,81,79,80,€29.3M,€320M,Slow,Little,Short,Organised,Little,Safe,Little,Organised,Contain,Deep,Narrow,Cover,7,6,27,28.73,26.89,FC 24,2023-09-22
ITA-Serie A,Lazio,80,81,80,76,€29.3M,€320M,Slow,Little,Short,Organised,Little,Safe,Little,Organised,Contain,Deep,Narrow,Cover,7,6,28,27.82,26.57,FC 24,2024-02-01
ITA-Serie A,Lazio,78,79,76,79,€18.9M,€220M,Slow,Little,Short,Organised,Little,Safe,Little,Organised,Contain,Deep,Narrow,Cover,8,7,29,27.18,26.28,FC 25,2024-09-20
ITA-Serie A,Lazio,79,80,79,78,€18.9M,€220M,Slow,Little,Short,Organised,Little,Safe,Little,Organised,Contain,Deep,Narrow,Cover,8,7,28,26.09,26.00,FC 25,2025-02-04
ITA-Serie A,Lazio,79,79,77,77,€17.9M,€422.5M,Slow,Little,Short,Organised,Little,Safe,Little,Organised,Contain,Deep,Narrow,Cover,7,7,31,25.91,26.77,FC 26,2025-09-10
ITA-Serie A,Lazio,78,78,76,78,€17.9M,€422.5M,Slow,Little,Short,Organised,Little,Safe,Little,Organised,Contain,Deep,Narrow,Cover,7,7,30,27.64,26.43,FC 26,2026-02-04
ITA-Serie A,Lazio,78,77,77,78,€17.9M,€422.5M,Slow,Little,Short,Organised,Little,Safe,Little,Organised,Contain,Deep,Narrow,Cover,7,7,31,25.55,25.61,FC 26,2026-07-23
FRA-Ligue 1,Le Havre,70,70,70,71,€6.5M,€65M,Slow,Little,Short,Organised,Little,Safe,Little,Organised,Contain,Deep,Narrow,Cover,2,1,32,25.73,23.75,FC 24,2023-09-22
FRA-Ligue 1,Le Havre,71,71,71,71,€6.5M,€65M,Slow,Little,Short,Organised,Little,Safe,Little,Organised,Contain,Deep,Narrow,Cover,2,1,33,26.73,24.03,FC 24,2024-02-01
FRA-Ligue 1,Le Havre,72,71,71,72,€6.6M,€72M,Slow,Little,Short,Organised,Little,Safe,Little,Organised,Contain,Deep,Narrow,Cover,2,1,31,26.64,24.32,FC 25,2024-09-20
FRA-Ligue 1,Le Havre,71,72,72,71,€6.6M,€72M,Slow,Little,Short,Organised,Little,Safe,Little,Organised,Contain,Deep,Narrow,Cover,2,1,32,26.45,24.75,FC 25,2025-02-04
FRA-Ligue 1,Le Havre,71,72,71,71,€5.1M,€60M,Slow,Little,Short,Organised,Little,Safe,Little,Organised,Contain,Deep,Narrow,Cover,2,1,27,28.00,25.30,FC 26,2025-09-10
FRA-Ligue 1,Le Havre,71,69,72,72,€5.1M,€60M,Slow,Little,Short,Organised,Little,Safe,Little,Organised,Contain,Deep,Narrow,Cover,2,1,28,26.27,24.04,FC 26,2026-02-04
FRA-Ligue 1,Le Havre,72,71,72,72,€5.1M,€60M,Slow,Little,Short,Organised,Little,Safe,Little,Organised,Contain,Deep,Narrow,Cover,2,1,29,26.45,23.79,FC 26,2026-07-23
ITA-Serie A,Lecce,70,72,70,68,€7.5M,€53M,Slow,Little,Short,Organised,Little,Safe,Little,Organised,Contain,Deep,Narrow,Cover,2,1,28,25.00,23.75,FIFA 23,2022-09-01
ITA-Serie A,Lecce,73,72,71,73,€7.5M,€53M,Slow,Little,Short,Organised,Little,Safe,Little,Organised,Contain,Deep,Narrow,Cover,2,1,33,23.45,23.39,FIFA 23,2023-02-07
ITA-Serie A,Lecce,72,74,68,72,€7.6M,€55M,Slow,Little,Short,Organised,Little,Safe,Little,Organised,Contain,Deep,Narrow,Cover,2,1,32,25.18,22.91,FC 24,2023-09-22
ITA-Serie A,Lecce,72,73,70,72,€7.6M,€55M,Slow,Little,Short,Organised,Little,Safe,Little,Organised,Contain,Deep,Narrow,Cover,2,1,31,25.18,23.06,FC 24,2024-02-01
ITA-Serie A,Lecce,73,75,70,73,€9.1M,€95M,Slow,Little,Short,Organised,Little,Safe,Little,Organised,Contain,Deep,Narrow,Cover,2,1,32,26.00,24.25,FC 25,2024-09-20
ITA-Serie A,Lecce,73,72,69,73,€9.1M,€95M,Slow,Little,Short,Organised,Little,Safe,Little,Organised,Contain,Deep,Narrow,Cover,2,1,32,25.45,24.41,FC 25,2025-02-04
ITA-Serie A,Lecce,72,70,70,71,€9.4M,€113.4M,Slow,Little,Short,Organised,Little,Safe,Little,Organised,Contain,Deep,Narrow,Cover,2,1,34,24.73,23.97,FC 26,2025-09-10
ITA-Serie A,Lecce,72,72,71,71,€9.4M,€113.4M,Slow,Little,Short,Organised,Little,Safe,Little,Organised,Contain,Deep,Narrow,Cover,2,1,34,25.09,24.12,FC 26,2026-02-04
ITA-Serie A,Lecce,71,71,71,70,€9.4M,€113.4M,Slow,Little,Short,Organised,Little,Safe,Little,Organised,Contain,Deep,Narrow,Cover,2,1,29,25.27,23.66,FC 26,2026-07-23
ENG-Premier League,Leeds United,76,78,76,75,€16.5M,€100M,Slow,Little,Short,Organised,Little,Safe,Little,Organised,Contain,Deep,Narrow,Cover,9,1,33,25.09,23.67,FIFA 21,2021-09-02
ENG-Premier League,Leeds United,76,78,77,76,€32.5M,€411.5M,Slow,Little,Short,Organised,Little,Safe,Little,Organised,Contain,Deep,Narrow,Cover,5,2,32,26.09,22.47,FIFA 22,2022-02-03
ENG-Premier League,Leeds United,76,78,76,76,€41.9M,€763.1M,Slow,Little,Short,Organised,Little,Safe,Little,Organised,Contain,Deep,Narrow,Cover,3,2,29,24.91,24.41,FIFA 23,2022-09-01
ENG-Premier League,Leeds United,76,78,76,75,€41.9M,€763.1M,Slow,Little,Short,Organised,Little,Safe,Little,Organised,Contain,Deep,Narrow,Cover,3,2,27,24.18,23.96,FIFA 23,2023-02-07
ENG-Premier League,Leeds United,76,75,75,76,€38.9M,€390M,Slow,Little,Short,Organised,Little,Safe,Little,Organised,Contain,Deep,Narrow,Cover,2,1,27,25.09,25.93,FC 26,2025-09-10
ENG-Premier League,Leeds United,76,76,76,76,€38.9M,€390M,Slow,Little,Short,Organised,Little,Safe,Little,Organised,Contain,Deep,Narrow,Cover,2,1,27,25.91,25.56,FC 26,2026-02-04
ENG-Premier League,Leeds United,76,76,77,76,€38.9M,€390M,Slow,Little,Short,Organised,Little,Safe,Little,Organised,Contain,Deep,Narrow,Cover,2,1,26,26.45,25.81,FC 26,2026-07-23
ESP-La Liga,Leganés,74,74,73,72,€4.6M,€10.8M,Slow,Little,Short,Organised,Little,Safe,Little,Organised,Contain,Deep,Narrow,Cover,7,1,27,28.09,26.04,FC 25,2024-09-20
ESP-La Liga,Leganés,74,73,74,73,€4.6M,€10.8M,Slow,Little,Short,Organised,Little,Safe,Little,Organised,Contain,Deep,Narrow,Cover,7,1,25,28.09,26.08,FC 25,2025-02-04
ENG-Premier League,Leicester City,80,80,81,79,€45M,€552.5M,Slow,Little,Short,Organised,Little,Safe,Little,Organised,Contain,Deep,Narrow,Cover,6,6,32,25.73,24.41,FIFA 21,2021-09-02
ENG-Premier League,Leicester City,80,80,81,78,€50M,€562.5M,Slow,Little,Short,Organised,Little,Safe,Little,Organised,Contain,Deep,Narrow,Cover,7,6,32,24.91,25.25,FIFA 22,2022-02-03
ENG-Premier League,Leicester City,79,79,79,78,€59.2M,€882.3M,Slow,Little,Short,Organised,Little,Safe,Little,Organised,Contain,Deep,Narrow,Cover,6,6,33,27.45,25.45,FIFA 23,2022-09-01
ENG-Premier League,Leicester City,79,80,80,77,€59.2M,€882.3M,Slow,Little,Short,Organised,Little,Safe,Little,Organised,Contain,Deep,Narrow,Cover,6,6,33,26.45,24.94,FIFA 23,2023-02-07
ENG-Premier League,Leicester City,76,76,75,76,€41.6M,€625M,Slow,Little,Short,Organised,Little,Safe,Little,Organised,Contain,Deep,Narrow,Cover,3,4,30,26.27,25.30,FC 25,2024-09-20
ENG-Premier League,Leicester City,75,76,75,74,€41.6M,€625M,Slow,Little,Short,Organised,Little,Safe,Little,Organised,Contain,Deep,Narrow,Cover,3,4,31,26.36,25.19,FC 25,2025-02-04
FRA-Ligue 1,Lens,73,72,75,73,€7.8M,€40M,Slow,Little,Short,Organised,Little,Safe,Little,Organised,Contain,Deep,Narrow,Cover,9,1,31,26.82,23.65,FIFA 21,2021-09-02
FRA-Ligue 1,Lens,75,74,76,75,€8.6M,€50M,Slow,Little,Short,Organised,Little,Safe,Little,Organised,Contain,Deep,Narrow,Cover,4,1,28,26.09,24.36,FIFA 22,2022-02-03
FRA-Ligue 1,Lens,75,74,75,75,€8.6M,€50M,Slow,Little,Short,Organised,Little,Safe,Little,Organised,Contain,Deep,Narrow,Cover,5,2,28,26.55,25.07,FIFA 23,2022-09-01
FRA-Ligue 1,Lens,75,75,76,75,€8.6M,€50M,Slow,Little,Short,Organised,Little,Safe,Little,Organised,Contain,Deep,Narrow,Cover,5,2,27,25.55,25.30,FIFA 23,2023-02-07
FRA-Ligue 1,Lens,77,77,76,77,€16.6M,€160M,Slow,Little,Short,Organised,Little,Safe,Little,Organised,Contain,Deep,Narrow,Cover,7,4,31,25.64,25.06,FC 24,2023-09-22
FRA-Ligue 1,Lens,77,77,76,78,€16.6M,€160M,Slow,Little,Short,Organised,Little,Safe,Little,Organised,Contain,Deep,Narrow,Cover,7,4,31,26.36,24.87,FC 24,2024-02-01
FRA-Ligue 1,Lens,76,76,75,79,€16.6M,€160M,Slow,Little,Short,Organised,Little,Safe,Little,Organised,Contain,Deep,Narrow,Cover,6,4,28,28.00,26.18,FC 25,2024-09-20
FRA-Ligue 1,Lens,76,75,75,78,€16.6M,€160M,Slow,Little,Short,Organised,Little,Safe,Little,Organised,Contain,Deep,Narrow,Cover,6,4,27,27.00,25.67,FC 25,2025-02-04
FRA-Ligue 1,Lens,74,74,75,74,€11.6M,€130M,Slow,Little,Short,Organised,Little,Safe,Little,Organised,Contain,Deep,Narrow,Cover,5,2,28,28.18,24.61,FC 26,2025-09-10
FRA-Ligue 1,Lens,75,75,76,74,€11.6M,€130M,Slow,Little,Short,Organised,Little,Safe,Little,Organised,Contain,Deep,Narrow,Cover,5,2,28,26.45,25.04,FC 26,2026-02-04
FRA-Ligue 1,Lens,77,77,78,76,€11.6M,€130M,Slow,Little,Short,Organised,Little,Safe,Little,Organised,Contain,Deep,Narrow,Cover,5,2,29,25.82,25.14,FC 26,2026-07-23
ESP-La Liga,Levante,76,79,76,75,€9.3M,€49M,Slow,Little,Short,Organised,Little,Safe,Little,Organised,Contain,Deep,Narrow,Cover,3,1,33,27.45,25.67,FIFA 21,2021-09-02
ESP-La Liga,Levante,76,79,77,74,€9.3M,€49M,Slow,Little,Short,Organised,Little,Safe,Little,Organised,Contain,Deep,Narrow,Cover,4,1,33,27.36,26.45,FIFA 22,2022-02-03
ESP-La Liga,Levante,73,73,73,72,€9.3M,€49M,Slow,Little,Short,Organised,Little,Safe,Little,Organised,Contain,Deep,Narrow,Cover,3,1,28,26.91,24.61,FC 26,2025-09-10
ESP-La Liga,Levante,73,73,73,73,€9.3M,€49M,Slow,Little,Short,Organised,Little,Safe,Little,Organised,Contain,Deep,Narrow,Cover,3,1,30,25.18,24.00,FC 26,2026-02-04
ESP-La Liga,Levante,74,74,73,74,€9.3M,€49M,Slow,Little,Short,Organised,Little,Safe,Little,Organised,Contain,Deep,Narrow,Cover,3,1,29,24.64,23.93,FC 26,2026-07-23
GER-Bundesliga,Leverkusen,79,78,78,78,€39M,€455.8M,Slow,Little,Short,Organised,Little,Safe,Little,Organised,Contain,Deep,Narrow,Cover,7,6,31,25.27,23.32,FIFA 21,2021-09-02
GER-Bundesliga,Leverkusen,79,81,79,76,€39M,€425.8M,Slow,Little,Short,Organised,Little,Safe,Little,Organised,Contain,Deep,Narrow,Cover,8,6,29,24.00,23.55,FIFA 22,2022-02-03
GER-Bundesliga,Leverkusen,80,85,80,80,€54.6M,€445.8M,Slow,Little,Short,Organised,Little,Safe,Little,Organised,Contain,Deep,Narrow,Cover,8,6,29,25.82,24.07,FIFA 23,2022-09-01
GER-Bundesliga,Leverkusen,79,80,79,80,€54.6M,€445.8M,Slow,Little,Short,Organised,Little,Safe,Little,Organised,Contain,Deep,Narrow,Cover,8,6,30,24.09,23.80,FIFA 23,2023-02-07
GER-Bundesliga,Leverkusen,80,81,81,79,€55.8M,€465.1M,Slow,Little,Short,Organised,Little,Safe,Little,Organised,Contain,Deep,Narrow,Cover,8,6,27,25.55,23.74,FC 24,2023-09-22
GER-Bundesliga,Leverkusen,81,82,82,80,€55.8M,€465.1M,Slow,Little,Short,Organised,Little,Safe,Little,Organised,Contain,Deep,Narrow,Cover,8,6,28,25.55,23.50,FC 24,2024-02-01
GER-Bundesliga,Leverkusen,83,82,84,82,€59.6M,€525.7M,Slow,Little,Short,Organised,Little,Safe,Little,Organised,Contain,Deep,Narrow,Cover,9,6,27,26.82,24.48,FC 25,2024-09-20
GER-Bundesliga,Leverkusen,83,82,84,82,€59.6M,€525.7M,Slow,Little,Short,Organised,Little,Safe,Little,Organised,Contain,Deep,Narrow,Cover,9,6,27,27.27,24.26,FC 25,2025-02-04
GER-Bundesliga,Leverkusen,80,81,80,78,€62M,€555.7M,Slow,Little,Short,Organised,Little,Safe,Little,Organised,Contain,Deep,Narrow,Cover,9,7,30,26.45,24.27,FC 26,2025-09-10
GER-Bundesliga,Leverkusen,79,82,79,78,€62M,€555.7M,Slow,Little,Short,Organised,Little,Safe,Little,Organised,Contain,Deep,Narrow,Cover,9,7,31,26.73,23.71,FC 26,2026-02-04
GER-Bundesliga,Leverkusen,79,80,80,78,€62M,€555.7M,Slow,Little,Short,Organised,Little,Safe,Little,Organised,Contain,Deep,Narrow,Cover,9,7,32,27.27,23.97,FC 26,2026-07-23
FRA-Ligue 1,Lille,78,78,78,78,€14M,€120M,Slow,Little,Short,Organised,Little,Safe,Little,Organised,Contain,Deep,Narrow,Cover,7,4,30,25.36,22.63,FIFA 21,2021-09-02
FRA-Ligue 1,Lille,76,78,76,77,€15.8M,€150M,Slow,Little,Short,Organised,Little,Safe,Little,Organised,Contain,Deep,Narrow,Cover,7,4,25,25.82,25.08,FIFA 22,2022-02-03
FRA-Ligue 1,Lille,75,75,76,74,€15.6M,€147M,Slow,Little,Short,Organised,Little,Safe,Little,Organised,Contain,Deep,Narrow,Cover,6,4,21,28.45,25.48,FIFA 23,2022-09-01
FRA-Ligue 1,Lille,75,76,75,76,€15.6M,€147M,Slow,Little,Short,Organised,Little,Safe,Little,Organised,Contain,Deep,Narrow,Cover,6,4,23,26.64,25.04,FIFA 23,2023-02-07
FRA-Ligue 1,Lille,76,77,75,75,€20M,€200M,Slow,Little,Short,Organised,Little,Safe,Little,Organised,Contain,Deep,Narrow,Cover,6,4,28,25.36,24.14,FC 24,2023-09-22
FRA-Ligue 1,Lille,76,80,76,75,€20M,€200M,Slow,Little,Short,Organised,Little,Safe,Little,Organised,Contain,Deep,Narrow,Cover,6,4,26,25.09,24.54,FC 24,2024-02-01
FRA-Ligue 1,Lille,77,81,76,75,€21.6M,€220M,Slow,Little,Short,Organised,Little,Safe,Little,Organised,Contain,Deep,Narrow,Cover,6,4,29,25.00,25.62,FC 25,2024-09-20
FRA-Ligue 1,Lille,77,82,76,76,€21.6M,€220M,Slow,Little,Short,Organised,Little,Safe,Little,Organised,Contain,Deep,Narrow,Cover,6,4,27,26.45,25.56,FC 25,2025-02-04
FRA-Ligue 1,Lille,76,79,76,75,€18.9M,€220M,Slow,Little,Short,Organised,Little,Safe,Little,Organised,Contain,Deep,Narrow,Cover,7,4,30,26.09,24.30,FC 26,2025-09-10
FRA-Ligue 1,Lille,76,78,76,76,€18.9M,€220M,Slow,Little,Short,Organised,Little,Safe,Little,Organised,Contain,Deep,Narrow,Cover,7,4,28,27.82,25.00,FC 26,2026-02-04
FRA-Ligue 1,Lille,77,77,77,76,€18.9M,€220M,Slow,Little,Short,Organised,Little,Safe,Little,Organised,Contain,Deep,Narrow,Cover,7,4,29,25.18,24.72,FC 26,2026-07-23
ENG-Premier League,Liverpool,85,86,83,80,€90M,€2.7B,Slow,Little,Short,Organised,Little,Safe,Little,Organised,Contain,Deep,Narrow,Cover,9,10,33,25.91,24.55,FIFA 21,2021-09-02
ENG-Premier League,Liverpool,85,87,83,85,€95M,€3.5B,Slow,Little,Short,Organised,Little,Safe,Little,Organised,Contain,Deep,Narrow,Cover,9,9,33,27.73,24.85,FIFA 22,2022-02-03
ENG-Premier League,Liverpool,85,84,84,85,€146M,€4.2B,Slow,Little,Short,Organised,Little,Safe,Little,Organised,Contain,Deep,Narrow,Cover,9,9,32,28.09,25.13,FIFA 23,2022-09-01
ENG-Premier League,Liverpool,84,84,82,85,€146M,€4.2B,Slow,Little,Short,Organised,Little,Safe,Little,Organised,Contain,Deep,Narrow,Cover,9,9,33,26.73,25.00,FIFA 23,2023-02-07
ENG-Premier League,Liverpool,83,84,82,84,€148.7M,€4.6B,Slow,Little,Short,Organised,Little,Safe,Little,Organised,Contain,Deep,Narrow,Cover,9,9,32,26.82,24.25,FC 24,2023-09-22
ENG-Premier League,Liverpool,83,84,81,84,€148.7M,€4.6B,Slow,Little,Short,Organised,Little,Safe,Little,Organised,Contain,Deep,Narrow,Cover,9,9,33,26.09,23.97,FC 24,2024-02-01
ENG-Premier League,Liverpool,84,84,81,84,€106.5M,€4.1B,Slow,Little,Short,Organised,Little,Safe,Little,Organised,Contain,Deep,Narrow,Cover,9,8,28,27.18,24.57,FC 25,2024-09-20
ENG-Premier League,Liverpool,84,83,84,84,€106.5M,€4.1B,Slow,Little,Short,Organised,Little,Safe,Little,Organised,Contain,Deep,Narrow,Cover,9,8,27,27.00,24.85,FC 25,2025-02-04
ENG-Premier League,Liverpool,84,83,85,84,€124.4M,€4.7B,Slow,Little,Short,Organised,Little,Safe,Little,Organised,Contain,Deep,Narrow,Cover,10,10,28,26.27,24.54,FC 26,2025-09-10
ENG-Premier League,Liverpool,85,84,84,83,€124.4M,€4.7B,Slow,Little,Short,Organised,Little,Safe,Little,Organised,Contain,Deep,Narrow,Cover,10,10,30,26.09,24.37,FC 26,2026-02-04
ENG-Premier League,Liverpool,84,87,84,83,€124.4M,€4.7B,Slow,Little,Short,Organised,Little,Safe,Little,Organised,Contain,Deep,Narrow,Cover,10,10,30,27.36,24.37,FC 26,2026-07-23
FRA-Ligue 1,Lorient,71,71,71,70,€5.2M,€25M,Slow,Little,Short,Organised,Little,Safe,Little,Organised,Contain,Deep,Narrow,Cover,8,1,30,25.73,25.97,FIFA 21,2021-09-02
FRA-Ligue 1,Lorient,71,73,72,70,€7M,€45M,Slow,Little,Short,Organised,Little,Safe,Little,Organised,Contain,Deep,Narrow,Cover,1,1,30,26.00,24.33,FIFA 22,2022-02-03
FRA-Ligue 1,Lorient,72,69,71,70,€7M,€45M,Slow,Little,Short,Organised,Little,Safe,Little,Organised,Contain,Deep,Narrow,Cover,2,1,30,25.45,24.37,FIFA 23,2022-09-01
FRA-Ligue 1,Lorient,72,74,71,72,€7M,€45M,Slow,Little,Short,Organised,Little,Safe,Little,Organised,Contain,Deep,Narrow,Cover,2,1,26,25.27,23.85,FIFA 23,2023-02-07
FRA-Ligue 1,Lorient,73,73,73,73,€10.2M,€100M,Slow,Little,Short,Organised,Little,Safe,Little,Organised,Contain,Deep,Narrow,Cover,3,1,30,25.91,24.17,FC 24,2023-09-22
FRA-Ligue 1,Lorient,73,72,74,72,€10.2M,€100M,Slow,Little,Short,Organised,Little,Safe,Little,Organised,Contain,Deep,Narrow,Cover,3,1,29,26.64,24.31,FC 24,2024-02-01
FRA-Ligue 1,Lorient,71,71,71,70,€8.2M,€64.5M,Slow,Little,Short,Organised,Little,Safe,Little,Organised,Contain,Deep,Narrow,Cover,2,1,25,25.18,24.48,FC 26,2025-09-10
FRA-Ligue 1,Lorient,72,71,71,72,€8.2M,€64.5M,Slow,Little,Short,Organised,Little,Safe,Little,Organised,Contain,Deep,Narrow,Cover,2,1,27,24.82,24.30,FC 26,2026-02-04
FRA-Ligue 1,Lorient,73,72,73,72,€8.2M,€64.5M,Slow,Little,Short,Organised,Little,Safe,Little,Organised,Contain,Deep,Narrow,Cover,2,1,27,25.00,24.26,FC 26,2026-07-23
ENG-Premier League,Luton Town,72,72,72,72,€13.1M,€107.5M,Slow,Little,Short,Organised,Little,Safe,Little,Organised,Contain,Deep,Narrow,Cover,1,1,25,26.55,26.80,FC 24,2023-09-22
ENG-Premier League,Luton Town,73,72,72,72,€13.1M,€107.5M,Slow,Little,Short,Organised,Little,Safe,Little,Organised,Contain,Deep,Narrow,Cover,1,1,30,26.27,25.87,FC 24,2024-02-01
GER-Bundesliga,Mainz 05,73,72,73,73,€9.2M,€135M,Slow,Little,Short,Organised,Little,Safe,Little,Organised,Contain,Deep,Narrow,Cover,4,3,29,25.82,24.07,FIFA 21,2021-09-02
GER-Bundesliga,Mainz 05,74,75,74,75,€9.2M,€135M,Slow,Little,Short,Organised,Little,Safe,Little,Organised,Contain,Deep,Narrow,Cover,3,2,32,25.36,24.19,FIFA 22,2022-02-03
GER-Bundesliga,Mainz 05,75,74,76,74,€10.3M,€128M,Slow,Little,Short,Organised,Little,Safe,Little,Organised,Contain,Deep,Narrow,Cover,4,2,31,26.36,23.90,FIFA 23,2022-09-01
GER-Bundesliga,Mainz 05,75,76,75,74,€10.3M,€128M,Slow,Little,Short,Organised,Little,Safe,Little,Organised,Contain,Deep,Narrow,Cover,4,2,29,25.82,24.28,FIFA 23,2023-02-07
GER-Bundesliga,Mainz 05,75,77,75,74,€10.4M,€129M,Slow,Little,Short,Organised,Little,Safe,Little,Organised,Contain,Deep,Narrow,Cover,4,2,27,27.18,25.19,FC 24,2023-09-22
GER-Bundesliga,Mainz 05,75,73,75,74,€10.4M,€129M,Slow,Little,Short,Organised,Little,Safe,Little,Organised,Contain,Deep,Narrow,Cover,4,2,30,26.18,25.07,FC 24,2024-02-01
GER-Bundesliga,Mainz 05,74,74,74,74,€10.4M,€129M,Slow,Little,Short,Organised,Little,Safe,Little,Organised,Contain,Deep,Narrow,Cover,4,2,25,27.00,25.96,FC 25,2024-09-20
GER-Bundesliga,Mainz 05,75,79,75,74,€10.4M,€129M,Slow,Little,Short,Organised,Little,Safe,Little,Organised,Contain,Deep,Narrow,Cover,4,2,25,27.55,25.44,FC 25,2025-02-04
GER-Bundesliga,Mainz 05,75,77,77,74,€11M,€139.6M,Slow,Little,Short,Organised,Little,Safe,Little,Organised,Contain,Deep,Narrow,Cover,5,3,28,28.09,25.79,FC 26,2025-09-10
GER-Bundesliga,Mainz 05,75,74,77,75,€11M,€139.6M,Slow,Little,Short,Organised,Little,Safe,Little,Organised,Contain,Deep,Narrow,Cover,5,3,32,29.36,25.81,FC 26,2026-02-04
GER-Bundesliga,Mainz 05,75,73,78,75,€11M,€139.6M,Slow,Little,Short,Organised,Little,Safe,Little,Organised,Contain,Deep,Narrow,Cover,5,3,32,28.91,25.91,FC 26,2026-07-23
ESP-La Liga,Mallorca,74,75,74,74,€2.8M,€6.8M,Slow,Little,Short,Organised,Little,Safe,Little,Organised,Contain,Deep,Narrow,Cover,3,1,32,28.09,25.47,FIFA 22,2022-02-03
ESP-La Liga,Mallorca,74,74,74,74,€3.3M,€8M,Slow,Little,Short,Organised,Little,Safe,Little,Organised,Contain,Deep,Narrow,Cover,3,1,32,28.73,25.97,FIFA 23,2022-09-01
ESP-La Liga,Mallorca,75,75,75,75,€3.3M,€8M,Slow,Little,Short,Organised,Little,Safe,Little,Organised,Contain,Deep,Narrow,Cover,3,1,33,27.18,25.73,FIFA 23,2023-02-07
ESP-La Liga,Mallorca,76,77,77,74,€3.3M,€8M,Slow,Little,Short,Organised,Little,Safe,Little,Organised,Contain,Deep,Narrow,Cover,3,1,25,28.91,27.20,FC 24,2023-09-22
ESP-La Liga,Mallorca,76,77,77,75,€3.3M,€8M,Slow,Little,Short,Organised,Little,Safe,Little,Organised,Contain,Deep,Narrow,Cover,3,1,28,29.00,26.54,FC 24,2024-02-01
ESP-La Liga,Mallorca,76,76,76,76,€3.3M,€8M,Slow,Little,Short,Organised,Little,Safe,Little,Organised,Contain,Deep,Narrow,Cover,3,1,28,29.36,26.57,FC 25,2024-09-20
ESP-La Liga,Mallorca,76,77,76,76,€3.3M,€8M,Slow,Little,Short,Organised,Little,Safe,Little,Organised,Contain,Deep,Narrow,Cover,3,1,27,29.36,26.81,FC 25,2025-02-04
ESP-La Liga,Mallorca,77,76,76,78,€3.3M,€8M,Slow,Little,Short,Organised,Little,Safe,Little,Organised,Contain,Deep,Narrow,Cover,3,1,27,29.45,26.96,FC 26,2025-09-10
ESP-La Liga,Mallorca,76,80,75,78,€3.3M,€8M,Slow,Little,Short,Organised,Little,Safe,Little,Organised,Contain,Deep,Narrow,Cover,3,1,25,27.45,26.44,FC 26,2026-02-04
ESP-La Liga,Mallorca,76,75,76,77,€3.3M,€8M,Slow,Little,Short,Organised,Little,Safe,Little,Organised,Contain,Deep,Narrow,Cover,3,1,30,27.45,25.23,FC 26,2026-07-23
ENG-Premier League,Manchester City,85,85,86,83,€176M,€2.7B,Slow,Little,Short,Organised,Little,Safe,Little,Organised,Contain,Deep,Narrow,Cover,10,9,31,25.27,24.23,FIFA 21,2021-09-02
ENG-Premier League,Manchester City,85,84,87,85,€176M,€3.4B,Slow,Little,Short,Organised,Little,Safe,Little,Organised,Contain,Deep,Narrow,Cover,10,10,33,26.09,23.70,FIFA 22,2022-02-03
ENG-Premier League,Manchester City,85,85,86,86,€234.7M,€4.1B,Slow,Little,Short,Organised,Little,Safe,Little,Organised,Contain,Deep,Narrow,Cover,10,10,29,26.73,25.03,FIFA 23,2022-09-01
ENG-Premier League,Manchester City,85,85,87,84,€234.7M,€4.1B,Slow,Little,Short,Organised,Little,Safe,Little,Organised,Contain,Deep,Narrow,Cover,10,10,26,27.00,25.27,FIFA 23,2023-02-07
ENG-Premier League,Manchester City,85,87,86,83,€245.2M,€4.6B,Slow,Little,Short,Organised,Little,Safe,Little,Organised,Contain,Deep,Narrow,Cover,10,10,29,26.91,25.14,FC 24,2023-09-22
ENG-Premier League,Manchester City,85,85,86,84,€245.2M,€4.6B,Slow,Little,Short,Organised,Little,Safe,Little,Organised,Contain,Deep,Narrow,Cover,10,10,30,25.45,24.93,FC 24,2024-02-01
ENG-Premier League,Manchester City,86,85,87,83,€228.7M,€3.8B,Slow,Little,Short,Organised,Little,Safe,Little,Organised,Contain,Deep,Narrow,Cover,10,10,27,25.73,25.96,FC 25,2024-09-20
ENG-Premier League,Manchester City,85,84,85,83,€228.7M,€3.8B,Slow,Little,Short,Organised,Little,Safe,Little,Organised,Contain,Deep,Narrow,Cover,10,10,29,25.36,25.45,FC 25,2025-02-04
ENG-Premier League,Manchester City,84,85,85,82,€176.9M,€4.6B,Slow,Little,Short,Organised,Little,Safe,Little,Organised,Contain,Deep,Narrow,Cover,10,10,30,26.18,25.97,FC 26,2025-09-10
ENG-Premier League,Manchester City,84,84,85,82,€176.9M,€4.6B,Slow,Little,Short,Organised,Little,Safe,Little,Organised,Contain,Deep,Narrow,Cover,10,10,30,25.09,25.00,FC 26,2026-02-04
ENG-Premier League,Manchester City,84,87,84,82,€176.9M,€4.6B,Slow,Little,Short,Organised,Little,Safe,Little,Organised,Contain,Deep,Narrow,Cover,10,10,27,24.45,24.78,FC 26,2026-07-23
ENG-Premier League,Manchester Utd,82,83,82,82,€177M,€3.3B,Slow,Little,Short,Organised,Little,Safe,Little,Organised,Contain,Deep,Narrow,Cover,8,7,33,24.45,24.00,FIFA 21,2021-09-02
ENG-Premier League,Manchester Utd,83,82,83,81,€175M,€3.5B,Slow,Little,Short,Organised,Little,Safe,Little,Organised,Contain,Deep,Narrow,Cover,9,8,33,26.36,25.45,FIFA 22,2022-02-03
ENG-Premier League,Manchester Utd,82,81,82,80,€208.4M,€4.4B,Slow,Little,Short,Organised,Little,Safe,Little,Organised,Contain,Deep,Narrow,Cover,8,8,33,27.09,24.82,FIFA 23,2022-09-01
ENG-Premier League,Manchester Utd,82,82,83,81,€208.4M,€4.4B,Slow,Little,Short,Organised,Little,Safe,Little,Organised,Contain,Deep,Narrow,Cover,8,8,33,26.64,24.91,FIFA 23,2023-02-07
ENG-Premier League,Manchester Utd,82,82,83,80,€213.4M,€4.8B,Slow,Little,Short,Organised,Little,Safe,Little,Organised,Contain,Deep,Narrow,Cover,9,8,33,26.73,25.03,FC 24,2023-09-22
ENG-Premier League,Manchester Utd,81,78,81,80,€213.4M,€4.8B,Slow,Little,Short,Organised,Little,Safe,Little,Organised,Contain,Deep,Narrow,Cover,9,8,33,25.27,24.79,FC 24,2024-02-01
ENG-Premier League,Manchester Utd,81,79,80,82,€146.7M,€4.3B,Slow,Little,Short,Organised,Little,Safe,Little,Organised,Contain,Deep,Narrow,Cover,7,8,29,25.36,25.10,FC 25,2024-09-20
ENG-Premier League,Manchester Utd,80,80,80,81,€146.7M,€4.3B,Slow,Little,Short,Organised,Little,Safe,Little,Organised,Contain,Deep,Narrow,Cover,7,8,30,26.82,24.93,FC 25,2025-02-04
ENG-Premier League,Manchester Utd,80,81,82,78,€122.7M,€5.7B,Slow,Little,Short,Organised,Little,Safe,Little,Organised,Contain,Deep,Narrow,Cover,7,7,30,25.36,24.67,FC 26,2025-09-10
ENG-Premier League,Manchester Utd,80,82,80,80,€122.7M,€5.7B,Slow,Little,Short,Organised,Little,Safe,Little,Organised,Contain,Deep,Narrow,Cover,7,7,35,26.00,23.29,FC 26,2026-02-04
ENG-Premier League,Manchester Utd,80,82,82,79,€122.7M,€5.7B,Slow,Little,Short,Organised,Little,Safe,Little,Organised,Contain,Deep,Narrow,Cover,7,7,30,25.73,23.80,FC 26,2026-07-23
FRA-Ligue 1,Marseille,77,77,76,76,€14M,€120M,Slow,Little,Short,Organised,Little,Safe,Little,Organised,Contain,Deep,Narrow,Cover,8,5,32,26.45,23.38,FIFA 21,2021-09-02
FRA-Ligue 1,Marseille,78,79,78,76,€14M,€250M,Slow,Little,Short,Organised,Little,Safe,Little,Organised,Contain,Deep,Narrow,Cover,8,5,33,24.09,22.76,FIFA 22,2022-02-03
FRA-Ligue 1,Marseille,78,79,78,77,€23.8M,€250M,Slow,Little,Short,Organised,Little,Safe,Little,Organised,Contain,Deep,Narrow,Cover,8,6,33,26.73,24.64,FIFA 23,2022-09-01
FRA-Ligue 1,Marseille,78,79,78,77,€23.8M,€250M,Slow,Little,Short,Organised,Little,Safe,Little,Organised,Contain,Deep,Narrow,Cover,8,6,32,27.09,23.56,FIFA 23,2023-02-07
FRA-Ligue 1,Marseille,78,77,78,78,€38.7M,€458M,Slow,Little,Short,Organised,Little,Safe,Little,Organised,Contain,Deep,Narrow,Cover,8,6,26,27.55,24.88,FC 24,2023-09-22
FRA-Ligue 1,Marseille,78,76,77,78,€38.7M,€458M,Slow,Little,Short,Organised,Little,Safe,Little,Organised,Contain,Deep,Narrow,Cover,8,6,30,27.91,24.30,FC 24,2024-02-01
FRA-Ligue 1,Marseille,77,75,78,75,€43M,€460M,Slow,Little,Short,Organised,Little,Safe,Little,Organised,Contain,Deep,Narrow,Cover,7,5,31,25.64,23.77,FC 25,2024-09-20
FRA-Ligue 1,Marseille,77,76,78,77,€43M,€460M,Slow,Little,Short,Organised,Little,Safe,Little,Organised,Contain,Deep,Narrow,Cover,7,5,33,26.82,23.94,FC 25,2025-02-04
FRA-Ligue 1,Marseille,79,80,78,77,€38.9M,€460M,Slow,Little,Short,Organised,Little,Safe,Little,Organised,Contain,Deep,Narrow,Cover,8,5,32,28.00,25.34,FC 26,2025-09-10
FRA-Ligue 1,Marseille,79,80,80,79,€38.9M,€460M,Slow,Little,Short,Organised,Little,Safe,Little,Organised,Contain,Deep,Narrow,Cover,8,5,31,27.00,25.16,FC 26,2026-02-04
FRA-Ligue 1,Marseille,79,80,79,79,€38.9M,€460M,Slow,Little,Short,Organised,Little,Safe,Little,Organised,Contain,Deep,Narrow,Cover,8,5,30,27.09,24.47,FC 26,2026-07-23
FRA-Ligue 1,Metz,72,70,70,73,€5.9M,€40M,Slow,Little,Short,Organised,Little,Safe,Little,Organised,Contain,Deep,Narrow,Cover,1,1,31,25.18,23.13,FIFA 21,2021-09-02
FRA-Ligue 1,Metz,73,73,72,73,€7.2M,€60M,Slow,Little,Short,Organised,Little,Safe,Little,Organised,Contain,Deep,Narrow,Cover,1,1,31,27.00,24.58,FIFA 22,2022-02-03
FRA-Ligue 1,Metz,70,69,68,71,€8.1M,€70M,Slow,Little,Short,Organised,Little,Safe,Little,Organised,Contain,Deep,Narrow,Cover,1,1,31,27.27,24.52,FC 24,2023-09-22
FRA-Ligue 1,Metz,71,72,69,71,€8.1M,€70M,Slow,Little,Short,Organised,Little,Safe,Little,Organised,Contain,Deep,Narrow,Cover,1,1,30,27.27,24.27,FC 24,2024-02-01
FRA-Ligue 1,Metz,70,71,71,68,€5.2M,€61M,Slow,Little,Short,Organised,Little,Safe,Little,Organised,Contain,Deep,Narrow,Cover,2,1,27,24.64,23.89,FC 26,2025-09-10
FRA-Ligue 1,Metz,71,72,71,70,€5.2M,€61M,Slow,Little,Short,Organised,Little,Safe,Little,Organised,Contain,Deep,Narrow,Cover,2,1,25,26.73,24.56,FC 26,2026-02-04
FRA-Ligue 1,Metz,71,71,72,70,€5.2M,€61M,Slow,Little,Short,Organised,Little,Safe,Little,Organised,Contain,Deep,Narrow,Cover,2,1,27,27.55,24.52,FC 26,2026-07-23
ITA-Serie A,Milan,79,81,78,80,€37M,€526M,Slow,Little,Short,Organised,Little,Safe,Little,Organised,Contain,Deep,Narrow,Cover,7,7,27,25.00,24.19,FIFA 21,2021-09-02
ITA-Serie A,Milan,81,81,79,79,€37M,€526M,Slow,Little,Short,Organised,Little,Safe,Little,Organised,Contain,Deep,Narrow,Cover,7,7,27,25.09,25.96,FIFA 22,2022-02-03
ITA-Serie A,Milan,81,80,81,81,€64.6M,€1.1B,Slow,Little,Short,Organised,Little,Safe,Little,Organised,Contain,Deep,Narrow,Cover,9,7,28,24.55,26.36,FIFA 23,2022-09-01
ITA-Serie A,Milan,81,80,81,80,€64.6M,€1.1B,Slow,Little,Short,Organised,Little,Safe,Little,Organised,Contain,Deep,Narrow,Cover,9,7,31,25.91,25.87,FIFA 23,2023-02-07
ITA-Serie A,Milan,80,81,79,81,€69M,€1.2B,Slow,Little,Short,Organised,Little,Safe,Little,Organised,Contain,Deep,Narrow,Cover,9,7,27,27.36,25.70,FC 24,2023-09-22
ITA-Serie A,Milan,81,82,78,81,€69M,€1.2B,Slow,Little,Short,Organised,Little,Safe,Little,Organised,Contain,Deep,Narrow,Cover,9,7,32,27.18,24.53,FC 24,2024-02-01
ITA-Serie A,Milan,81,80,82,81,€105.2M,€1.1B,Slow,Little,Short,Organised,Little,Safe,Little,Organised,Contain,Deep,Narrow,Cover,10,8,32,26.36,24.41,FC 25,2024-09-20
ITA-Serie A,Milan,81,80,82,80,€105.2M,€1.1B,Slow,Little,Short,Organised,Little,Safe,Little,Organised,Contain,Deep,Narrow,Cover,10,8,33,25.91,24.27,FC 25,2025-02-04
ITA-Serie A,Milan,80,81,80,78,€58.8M,€1.3B,Slow,Little,Short,Organised,Little,Safe,Little,Organised,Contain,Deep,Narrow,Cover,9,8,25,27.18,25.36,FC 26,2025-09-10
ITA-Serie A,Milan,81,82,82,77,€58.8M,€1.3B,Slow,Little,Short,Organised,Little,Safe,Little,Organised,Contain,Deep,Narrow,Cover,9,8,26,27.27,25.12,FC 26,2026-02-04
ITA-Serie A,Milan,81,82,82,78,€58.8M,€1.3B,Slow,Little,Short,Organised,Little,Safe,Little,Organised,Contain,Deep,Narrow,Cover,9,8,26,27.09,25.12,FC 26,2026-07-23
FRA-Ligue 1,Monaco,78,79,77,77,€34.6M,€330M,Slow,Little,Short,Organised,Little,Safe,Little,Organised,Contain,Deep,Narrow,Cover,8,6,28,24.00,23.14,FIFA 21,2021-09-02
FRA-Ligue 1,Monaco,77,79,78,77,€26.1M,€230M,Slow,Little,Short,Organised,Little,Safe,Little,Organised,Contain,Deep,Narrow,Cover,8,6,30,24.82,23.43,FIFA 22,2022-02-03
FRA-Ligue 1,Monaco,77,81,77,77,€24.7M,€215M,Slow,Little,Short,Organised,Little,Safe,Little,Organised,Contain,Deep,Narrow,Cover,8,6,29,25.00,23.66,FIFA 23,2022-09-01
FRA-Ligue 1,Monaco,77,81,77,77,€24.7M,€215M,Slow,Little,Short,Organised,Little,Safe,Little,Organised,Contain,Deep,Narrow,Cover,8,6,26,24.73,23.65,FIFA 23,2023-02-07
FRA-Ligue 1,Monaco,77,81,77,75,€41.3M,€430M,Slow,Little,Short,Organised,Little,Safe,Little,Organised,Contain,Deep,Narrow,Cover,8,4,27,25.45,23.41,FC 24,2023-09-22
FRA-Ligue 1,Monaco,77,79,77,76,€41.3M,€430M,Slow,Little,Short,Organised,Little,Safe,Little,Organised,Contain,Deep,Narrow,Cover,8,4,29,25.64,22.93,FC 24,2024-02-01
FRA-Ligue 1,Monaco,77,77,77,77,€41.3M,€500M,Slow,Little,Short,Organised,Little,Safe,Little,Organised,Contain,Deep,Narrow,Cover,8,5,24,25.18,23.08,FC 25,2024-09-20
FRA-Ligue 1,Monaco,77,77,78,77,€41.3M,€500M,Slow,Little,Short,Organised,Little,Safe,Little,Organised,Contain,Deep,Narrow,Cover,8,5,27,24.18,22.67,FC 25,2025-02-04
FRA-Ligue 1,Monaco,78,77,79,77,€36M,€500M,Slow,Little,Short,Organised,Little,Safe,Little,Organised,Contain,Deep,Narrow,Cover,8,6,29,25.73,24.24,FC 26,2025-09-10
FRA-Ligue 1,Monaco,78,77,78,77,€36M,€500M,Slow,Little,Short,Organised,Little,Safe,Little,Organised,Contain,Deep,Narrow,Cover,8,6,30,26.45,24.00,FC 26,2026-02-04
FRA-Ligue 1,Monaco,78,78,77,77,€36M,€500M,Slow,Little,Short,Organised,Little,Safe,Little,Organised,Contain,Deep,Narrow,Cover,8,6,31,25.18,23.87,FC 26,2026-07-23
FRA-Ligue 1,Montpellier,75,80,76,73,€8.8M,€54.5M,Slow,Little,Short,Organised,Little,Safe,Little,Organised,Contain,Deep,Narrow,Cover,6,2,28,26.27,23.93,FIFA 21,2021-09-02
FRA-Ligue 1,Montpellier,75,72,77,73,€7.6M,€55M,Slow,Little,Short,Organised,Little,Safe,Little,Organised,Contain,Deep,Narrow,Cover,6,2,28,25.55,23.68,FIFA 22,2022-02-03
FRA-Ligue 1,Montpellier,75,74,76,73,€7.6M,€55M,Slow,Little,Short,Organised,Little,Safe,Little,Organised,Contain,Deep,Narrow,Cover,4,2,26,24.36,24.38,FIFA 23,2022-09-01
FRA-Ligue 1,Montpellier,74,75,74,73,€7.6M,€55M,Slow,Little,Short,Organised,Little,Safe,Little,Organised,Contain,Deep,Narrow,Cover,4,2,29,25.36,24.62,FIFA 23,2023-02-07
FRA-Ligue 1,Montpellier,73,68,75,73,€11.8M,€110M,Slow,Little,Short,Organised,Little,Safe,Little,Organised,Contain,Deep,Narrow,Cover,4,2,24,28.00,25.29,FC 24,2023-09-22
FRA-Ligue 1,Montpellier,74,74,75,72,€11.8M,€110M,Slow,Little,Short,Organised,Little,Safe,Little,Organised,Contain,Deep,Narrow,Cover,4,2,26,25.73,24.62,FC 24,2024-02-01
FRA-Ligue 1,Montpellier,74,73,75,72,€9.9M,€105M,Slow,Little,Short,Organised,Little,Safe,Little,Organised,Contain,Deep,Narrow,Cover,3,1,29,26.73,24.69,FC 25,2024-09-20
FRA-Ligue 1,Montpellier,73,73,75,72,€9.9M,€105M,Slow,Little,Short,Organised,Little,Safe,Little,Organised,Contain,Deep,Narrow,Cover,3,1,33,27.64,24.36,FC 25,2025-02-04
ITA-Serie A,Monza,74,75,74,73,€15.3M,€45M,Slow,Little,Short,Organised,Little,Safe,Little,Organised,Contain,Deep,Narrow,Cover,3,2,33,26.91,26.76,FIFA 23,2022-09-01
ITA-Serie A,Monza,75,75,76,75,€15.3M,€45M,Slow,Little,Short,Organised,Little,Safe,Little,Organised,Contain,Deep,Narrow,Cover,3,2,31,25.36,26.26,FIFA 23,2023-02-07
ITA-Serie A,Monza,75,75,75,74,€15.7M,€47.5M,Slow,Little,Short,Organised,Little,Safe,Little,Organised,Contain,Deep,Narrow,Cover,3,2,28,27.73,25.54,FC 24,2023-09-22
ITA-Serie A,Monza,75,75,75,75,€15.7M,€47.5M,Slow,Little,Short,Organised,Little,Safe,Little,Organised,Contain,Deep,Narrow,Cover,3,2,29,27.27,25.83,FC 24,2024-02-01
ITA-Serie A,Monza,74,73,74,74,€9.4M,€65M,Slow,Little,Short,Organised,Little,Safe,Little,Organised,Contain,Deep,Narrow,Cover,3,1,28,27.45,26.82,FC 25,2024-09-20
ITA-Serie A,Monza,74,71,73,73,€9.4M,€65M,Slow,Little,Short,Organised,Little,Safe,Little,Organised,Contain,Deep,Narrow,Cover,3,1,31,26.18,26.48,FC 25,2025-02-04
FRA-Ligue 1,Nantes,73,71,74,74,€8.8M,€70M,Slow,Little,Short,Organised,Little,Safe,Little,Organised,Contain,Deep,Narrow,Cover,5,2,33,24.91,23.97,FIFA 21,2021-09-02
FRA-Ligue 1,Nantes,73,72,74,72,€7.4M,€75M,Slow,Little,Short,Organised,Little,Safe,Little,Organised,Contain,Deep,Narrow,Cover,5,2,29,25.27,24.69,FIFA 22,2022-02-03
FRA-Ligue 1,Nantes,74,73,76,73,€8.5M,€75M,Slow,Little,Short,Organised,Little,Safe,Little,Organised,Contain,Deep,Narrow,Cover,5,2,26,26.64,25.62,FIFA 23,2022-09-01
FRA-Ligue 1,Nantes,75,75,75,72,€8.5M,€75M,Slow,Little,Short,Organised,Little,Safe,Little,Organised,Contain,Deep,Narrow,Cover,5,2,29,25.18,24.90,FIFA 23,2023-02-07
FRA-Ligue 1,Nantes,73,73,73,73,€14.3M,€150M,Slow,Little,Short,Organised,Little,Safe,Little,Organised,Contain,Deep,Narrow,Cover,4,2,33,27.00,24.70,FC 24,2023-09-22
FRA-Ligue 1,Nantes,73,73,74,73,€14.3M,€150M,Slow,Little,Short,Organised,Little,Safe,Little,Organised,Contain,Deep,Narrow,Cover,4,2,30,26.64,25.03,FC 24,2024-02-01
FRA-Ligue 1,Nantes,73,73,74,72,€11.8M,€110M,Slow,Little,Short,Organised,Little,Safe,Little,Organised,Contain,Deep,Narrow,Cover,3,1,26,25.36,25.35,FC 25,2024-09-20
FRA-Ligue 1,Nantes,73,73,73,73,€11.8M,€110M,Slow,Little,Short,Organised,Little,Safe,Little,Organised,Contain,Deep,Narrow,Cover,3,1,25,27.09,25.84,FC 25,2025-02-04
FRA-Ligue 1,Nantes,72,71,73,70,€8.2M,€95M,Slow,Little,Short,Organised,Little,Safe,Little,Organised,Contain,Deep,Narrow,Cover,3,1,26,24.91,24.88,FC 26,2025-09-10
FRA-Ligue 1,Nantes,73,73,72,72,€8.2M,€95M,Slow,Little,Short,Organised,Little,Safe,Little,Organised,Contain,Deep,Narrow,Cover,3,1,29,26.09,25.38,FC 26,2026-02-04
FRA-Ligue 1,Nantes,72,71,72,72,€8.2M,€95M,Slow,Little,Short,Organised,Little,Safe,Little,Organised,Contain,Deep,Narrow,Cover,3,1,29,26.27,25.55,FC 26,2026-07-23
ITA-Serie A,Napoli,80,82,80,80,€56M,€590M,Slow,Little,Short,Organised,Little,Safe,Little,Organised,Contain,Deep,Narrow,Cover,9,7,23,26.36,26.35,FIFA 21,2021-09-02
ITA-Serie A,Napoli,80,82,79,80,€56M,€590M,Slow,Little,Short,Organised,Little,Safe,Little,Organised,Contain,Deep,Narrow,Cover,9,7,23,27.45,27.09,FIFA 22,2022-02-03
ITA-Serie A,Napoli,79,79,80,79,€45.8M,€590M,Slow,Little,Short,Organised,Little,Safe,Little,Organised,Contain,Deep,Narrow,Cover,9,7,27,26.27,25.56,FIFA 23,2022-09-01
ITA-Serie A,Napoli,80,80,81,80,€45.8M,€590M,Slow,Little,Short,Organised,Little,Safe,Little,Organised,Contain,Deep,Narrow,Cover,9,7,26,26.36,25.42,FIFA 23,2023-02-07
ITA-Serie A,Napoli,81,82,82,80,€48.6M,€660M,Slow,Little,Short,Organised,Little,Safe,Little,Organised,Contain,Deep,Narrow,Cover,9,8,27,27.27,25.74,FC 24,2023-09-22
ITA-Serie A,Napoli,80,82,81,80,€48.6M,€660M,Slow,Little,Short,Organised,Little,Safe,Little,Organised,Contain,Deep,Narrow,Cover,9,8,26,27.27,26.00,FC 24,2024-02-01
ITA-Serie A,Napoli,80,82,79,80,€84M,€660M,Slow,Little,Short,Organised,Little,Safe,Little,Organised,Contain,Deep,Narrow,Cover,9,7,25,28.36,27.20,FC 25,2024-09-20
ITA-Serie A,Napoli,79,79,79,80,€84M,€660M,Slow,Little,Short,Organised,Little,Safe,Little,Organised,Contain,Deep,Narrow,Cover,9,7,23,28.18,27.26,FC 25,2025-02-04
ITA-Serie A,Napoli,81,79,84,80,€62.6M,€562.6M,Slow,Little,Short,Organised,Little,Safe,Little,Organised,Contain,Deep,Narrow,Cover,8,7,29,29.64,27.17,FC 26,2025-09-10
ITA-Serie A,Napoli,81,79,82,78,€62.6M,€562.6M,Slow,Little,Short,Organised,Little,Safe,Little,Organised,Contain,Deep,Narrow,Cover,8,7,27,28.18,27.00,FC 26,2026-02-04
ITA-Serie A,Napoli,81,78,81,80,€62.6M,€562.6M,Slow,Little,Short,Organised,Little,Safe,Little,Organised,Contain,Deep,Narrow,Cover,8,7,26,28.18,27.31,FC 26,2026-07-23
ENG-Premier League,Newcastle,76,77,75,74,€30M,€505M,Slow,Little,Short,Organised,Little,Safe,Little,Organised,Contain,Deep,Narrow,Cover,4,3,33,26.91,25.39,FIFA 21,2021-09-02
ENG-Premier League,Newcastle,77,77,76,76,€30M,€505M,Slow,Little,Short,Organised,Little,Safe,Little,Organised,Contain,Deep,Narrow,Cover,4,3,33,27.73,26.30,FIFA 22,2022-02-03
ENG-Premier League,Newcastle,78,78,76,79,€55.2M,€455M,Slow,Little,Short,Organised,Little,Safe,Little,Organised,Contain,Deep,Narrow,Cover,5,3,33,26.64,26.64,FIFA 23,2022-09-01
ENG-Premier League,Newcastle,79,79,79,79,€55.2M,€455M,Slow,Little,Short,Organised,Little,Safe,Little,Organised,Contain,Deep,Narrow,Cover,5,3,30,26.91,26.17,FIFA 23,2023-02-07
ENG-Premier League,Newcastle,81,79,81,82,€88.8M,€730.5M,Slow,Little,Short,Organised,Little,Safe,Little,Organised,Contain,Deep,Narrow,Cover,7,6,32,26.91,25.97,FC 24,2023-09-22
ENG-Premier League,Newcastle,80,80,80,81,€88.8M,€730.5M,Slow,Little,Short,Organised,Little,Safe,Little,Organised,Contain,Deep,Narrow,Cover,7,6,33,27.91,25.67,FC 24,2024-02-01
ENG-Premier League,Newcastle,81,80,82,78,€92.2M,€789M,Slow,Little,Short,Organised,Little,Safe,Little,Organised,Contain,Deep,Narrow,Cover,7,6,32,26.45,26.72,FC 25,2024-09-20
ENG-Premier League,Newcastle,80,80,84,79,€92.2M,€789M,Slow,Little,Short,Organised,Little,Safe,Little,Organised,Contain,Deep,Narrow,Cover,7,6,31,26.55,26.68,FC 25,2025-02-04
ENG-Premier League,Newcastle,81,82,84,80,€97.2M,€900M,Slow,Little,Short,Organised,Little,Safe,Little,Organised,Contain,Deep,Narrow,Cover,8,8,28,26.55,26.68,FC 26,2025-09-10
ENG-Premier League,Newcastle,81,80,84,79,€97.2M,€900M,Slow,Little,Short,Organised,Little,Safe,Little,Organised,Contain,Deep,Narrow,Cover,8,8,30,24.91,26.10,FC 26,2026-02-04
ENG-Premier League,Newcastle,81,79,84,80,€97.2M,€900M,Slow,Little,Short,Organised,Little,Safe,Little,Organised,Contain,Deep,Narrow,Cover,8,8,28,25.55,26.14,FC 26,2026-07-23
FRA-Ligue 1,Nice,76,77,74,73,€10.4M,€75M,Slow,Little,Short,Organised,Little,Safe,Little,Organised,Contain,Deep,Narrow,Cover,7,3,27,23.45,22.30,FIFA 21,2021-09-02
FRA-Ligue 1,Nice,76,79,75,76,€14.7M,€130M,Slow,Little,Short,Organised,Little,Safe,Little,Organised,Contain,Deep,Narrow,Cover,6,3,27,24.45,23.26,FIFA 22,2022-02-03
FRA-Ligue 1,Nice,76,77,76,76,€16.6M,€130M,Slow,Little,Short,Organised,Little,Safe,Little,Organised,Contain,Deep,Narrow,Cover,6,3,29,26.45,24.17,FIFA 23,2022-09-01
FRA-Ligue 1,Nice,76,78,75,76,€16.6M,€130M,Slow,Little,Short,Organised,Little,Safe,Little,Organised,Contain,Deep,Narrow,Cover,6,3,25,26.36,24.12,FIFA 23,2023-02-07
FRA-Ligue 1,Nice,76,77,76,75,€23.2M,€200M,Slow,Little,Short,Organised,Little,Safe,Little,Organised,Contain,Deep,Narrow,Cover,6,4,25,26.09,23.76,FC 24,2023-09-22
FRA-Ligue 1,Nice,76,77,76,77,€23.2M,€200M,Slow,Little,Short,Organised,Little,Safe,Little,Organised,Contain,Deep,Narrow,Cover,6,4,29,25.82,23.93,FC 24,2024-02-01
FRA-Ligue 1,Nice,76,75,77,74,€21.6M,€220M,Slow,Little,Short,Organised,Little,Safe,Little,Organised,Contain,Deep,Narrow,Cover,6,4,28,26.18,24.46,FC 25,2024-09-20
FRA-Ligue 1,Nice,76,77,75,77,€21.6M,€220M,Slow,Little,Short,Organised,Little,Safe,Little,Organised,Contain,Deep,Narrow,Cover,6,4,29,26.27,24.24,FC 25,2025-02-04
FRA-Ligue 1,Nice,76,75,76,72,€17.3M,€220M,Slow,Little,Short,Organised,Little,Safe,Little,Organised,Contain,Deep,Narrow,Cover,6,4,30,24.09,24.70,FC 26,2025-09-10
FRA-Ligue 1,Nice,75,75,75,74,€17.3M,€220M,Slow,Little,Short,Organised,Little,Safe,Little,Organised,Contain,Deep,Narrow,Cover,6,4,32,24.73,24.44,FC 26,2026-02-04
FRA-Ligue 1,Nice,75,74,76,74,€17.3M,€220M,Slow,Little,Short,Organised,Little,Safe,Little,Organised,Contain,Deep,Narrow,Cover,6,4,30,24.18,23.53,FC 26,2026-07-23
ENG-Premier League,Norwich City,74,71,74,74,€20M,€326M,Slow,Little,Short,Organised,Little,Safe,Little,Organised,Contain,Deep,Narrow,Cover,1,1,33,25.55,23.67,FIFA 22,2022-02-03
ENG-Premier League,Nottingham,74,76,73,73,€18M,€90M,Slow,Little,Short,Organised,Little,Safe,Little,Organised,Contain,Deep,Narrow,Cover,1,1,29,25.18,25.14,FIFA 23,2022-09-01
ENG-Premier League,Nottingham,77,76,76,77,€18M,€90M,Slow,Little,Short,Organised,Little,Safe,Little,Organised,Contain,Deep,Narrow,Cover,1,1,33,25.36,26.55,FIFA 23,2023-02-07
ENG-Premier League,Nottingham,77,75,77,75,€20.4M,€172.5M,Slow,Little,Short,Organised,Little,Safe,Little,Organised,Contain,Deep,Narrow,Cover,3,1,33,25.91,25.94,FC 24,2023-09-22
ENG-Premier League,Nottingham,77,75,77,75,€20.4M,€172.5M,Slow,Little,Short,Organised,Little,Safe,Little,Organised,Contain,Deep,Narrow,Cover,3,1,33,26.18,26.18,FC 24,2024-02-01
ENG-Premier League,Nottingham,77,76,77,77,€65.8M,€440M,Slow,Little,Short,Organised,Little,Safe,Little,Organised,Contain,Deep,Narrow,Cover,2,2,27,25.18,25.15,FC 25,2024-09-20
ENG-Premier League,Nottingham,78,80,77,79,€65.8M,€440M,Slow,Little,Short,Organised,Little,Safe,Little,Organised,Contain,Deep,Narrow,Cover,2,2,30,25.18,25.33,FC 25,2025-02-04
ENG-Premier League,Nottingham,79,79,79,81,€65.8M,€440M,Slow,Little,Short,Organised,Little,Safe,Little,Organised,Contain,Deep,Narrow,Cover,6,6,29,26.27,25.48,FC 26,2025-09-10
ENG-Premier League,Nottingham,79,77,78,80,€65.8M,€440M,Slow,Little,Short,Organised,Little,Safe,Little,Organised,Contain,Deep,Narrow,Cover,6,6,32,25.18,24.88,FC 26,2026-02-04
ENG-Premier League,Nottingham,79,79,78,80,€65.8M,€440M,Slow,Little,Short,Organised,Little,Safe,Little,Organised,Contain,Deep,Narrow,Cover,6,6,29,25.18,25.28,FC 26,2026-07-23
FRA-Ligue 1,Nîmes Olympique,73,71,73,73,€4.8M,€30M,Slow,Little,Short,Organised,Little,Safe,Little,Organised,Contain,Deep,Narrow,Cover,3,1,33,25.00,23.94,FIFA 21,2021-09-02
FRA-Ligue 1,Olympique Lyonnais,78,79,79,77,€43.9M,€543M,Slow,Little,Short,Organised,Little,Safe,Little,Organised,Contain,Deep,Narrow,Cover,8,6,28,24.91,22.89,FIFA 21,2021-09-02
FRA-Ligue 1,Olympique Lyonnais,78,80,77,76,€50M,€500M,Slow,Little,Short,Organised,Little,Safe,Little,Organised,Contain,Deep,Narrow,Cover,8,6,31,24.82,23.45,FIFA 22,2022-02-03
FRA-Ligue 1,Olympique Lyonnais,78,78,79,77,€37.2M,€300M,Slow,Little,Short,Organised,Little,Safe,Little,Organised,Contain,Deep,Narrow,Cover,8,6,33,25.73,24.24,FIFA 23,2022-09-01
FRA-Ligue 1,Olympique Lyonnais,77,75,76,77,€37.2M,€300M,Slow,Little,Short,Organised,Little,Safe,Little,Organised,Contain,Deep,Narrow,Cover,8,6,27,24.45,24.00,FIFA 23,2023-02-07
FRA-Ligue 1,Olympique Lyonnais,76,77,75,76,€51.1M,€734M,Slow,Little,Short,Organised,Little,Safe,Little,Organised,Contain,Deep,Narrow,Cover,7,4,27,27.00,24.30,FC 24,2023-09-22
FRA-Ligue 1,Olympique Lyonnais,75,75,76,74,€51.1M,€734M,Slow,Little,Short,Organised,Little,Safe,Little,Organised,Contain,Deep,Narrow,Cover,7,4,26,26.73,23.85,FC 24,2024-02-01
FRA-Ligue 1,Olympique Lyonnais,77,79,78,75,€45M,€500M,Slow,Little,Short,Organised,Little,Safe,Little,Organised,Contain,Deep,Narrow,Cover,7,4,29,27.82,25.41,FC 25,2024-09-20
FRA-Ligue 1,Olympique Lyonnais,77,77,78,77,€45M,€500M,Slow,Little,Short,Organised,Little,Safe,Little,Organised,Contain,Deep,Narrow,Cover,7,4,25,28.09,25.52,FC 25,2025-02-04
FRA-Ligue 1,Olympique Lyonnais,76,77,75,76,€18.2M,€450M,Slow,Little,Short,Organised,Little,Safe,Little,Organised,Contain,Deep,Narrow,Cover,6,4,26,26.27,23.88,FC 26,2025-09-10
FRA-Ligue 1,Olympique Lyonnais,77,76,76,76,€18.2M,€450M,Slow,Little,Short,Organised,Little,Safe,Little,Organised,Contain,Deep,Narrow,Cover,6,4,29,25.91,23.55,FC 26,2026-02-04
FRA-Ligue 1,Olympique Lyonnais,77,76,77,77,€18.2M,€450M,Slow,Little,Short,Organised,Little,Safe,Little,Organised,Contain,Deep,Narrow,Cover,6,4,30,25.27,23.80,FC 26,2026-07-23
ESP-La Liga,Osasuna,76,76,77,75,€4.8M,€15M,Slow,Little,Short,Organised,Little,Safe,Little,Organised,Contain,Deep,Narrow,Cover,7,1,31,27.55,26.45,FIFA 21,2021-09-02
ESP-La Liga,Osasuna,76,78,76,75,€4.8M,€15M,Slow,Little,Short,Organised,Little,Safe,Little,Organised,Contain,Deep,Narrow,Cover,5,1,32,26.82,25.41,FIFA 22,2022-02-03
ESP-La Liga,Osasuna,76,75,76,76,€4.8M,€15M,Slow,Little,Short,Organised,Little,Safe,Little,Organised,Contain,Deep,Narrow,Cover,5,1,33,27.73,25.91,FIFA 23,2022-09-01
ESP-La Liga,Osasuna,76,75,77,76,€4.8M,€15M,Slow,Little,Short,Organised,Little,Safe,Little,Organised,Contain,Deep,Narrow,Cover,5,1,30,28.09,25.57,FIFA 23,2023-02-07
ESP-La Liga,Osasuna,77,77,77,77,€4.8M,€15M,Slow,Little,Short,Organised,Little,Safe,Little,Organised,Contain,Deep,Narrow,Cover,5,1,32,28.45,25.94,FC 24,2023-09-22
ESP-La Liga,Osasuna,77,77,77,76,€4.8M,€15M,Slow,Little,Short,Organised,Little,Safe,Little,Organised,Contain,Deep,Narrow,Cover,5,1,32,27.55,25.94,FC 24,2024-02-01
ESP-La Liga,Osasuna,76,77,76,74,€4.8M,€15M,Slow,Little,Short,Organised,Little,Safe,Little,Organised,Contain,Deep,Narrow,Cover,5,1,27,27.18,26.33,FC 25,2024-09-20
ESP-La Liga,Osasuna,76,78,76,75,€4.8M,€15M,Slow,Little,Short,Organised,Little,Safe,Little,Organised,Contain,Deep,Narrow,Cover,5,1,25,26.36,26.64,FC 25,2025-02-04
ESP-La Liga,Osasuna,76,77,77,76,€4.8M,€15M,Slow,Little,Short,Organised,Little,Safe,Little,Organised,Contain,Deep,Narrow,Cover,5,1,23,29.09,26.30,FC 26,2025-09-10
ESP-La Liga,Osasuna,77,81,76,76,€4.8M,€15M,Slow,Little,Short,Organised,Little,Safe,Little,Organised,Contain,Deep,Narrow,Cover,5,1,27,28.00,26.07,FC 26,2026-02-04
ESP-La Liga,Osasuna,77,78,77,77,€4.8M,€15M,Slow,Little,Short,Organised,Little,Safe,Little,Organised,Contain,Deep,Narrow,Cover,5,1,26,28.00,25.92,FC 26,2026-07-23
ESP-La Liga,Oviedo,73,74,73,73,€2.1M,€5M,Slow,Little,Short,Organised,Little,Safe,Little,Organised,Contain,Deep,Narrow,Cover,6,1,32,28.00,26.47,FC 26,2025-09-10
ESP-La Liga,Oviedo,73,72,73,73,€2.1M,€5M,Slow,Little,Short,Organised,Little,Safe,Little,Organised,Contain,Deep,Narrow,Cover,6,1,32,26.64,25.53,FC 26,2026-02-04
ESP-La Liga,Oviedo,73,74,72,73,€2.1M,€5M,Slow,Little,Short,Organised,Little,Safe,Little,Organised,Contain,Deep,Narrow,Cover,6,1,33,27.00,24.67,FC 26,2026-07-23
FRA-Ligue 1,PSG,84,87,82,82,€130M,€2B,Slow,Little,Short,Organised,Little,Safe,Little,Organised,Contain,Deep,Narrow,Cover,10,9,32,27.36,24.84,FIFA 21,2021-09-02
FRA-Ligue 1,PSG,85,88,84,83,€160M,€2.2B,Slow,Little,Short,Organised,Little,Safe,Little,Organised,Contain,Deep,Narrow,Cover,10,9,31,27.18,25.77,FIFA 22,2022-02-03
FRA-Ligue 1,PSG,84,88,81,83,€200M,€3B,Slow,Little,Short,Organised,Little,Safe,Little,Organised,Contain,Deep,Narrow,Cover,10,9,33,26.82,26.70,FIFA 23,2022-09-01
FRA-Ligue 1,PSG,84,91,83,83,€200M,€3B,Slow,Little,Short,Organised,Little,Safe,Little,Organised,Contain,Deep,Narrow,Cover,10,9,23,26.82,25.48,FIFA 23,2023-02-07
FRA-Ligue 1,PSG,83,86,79,83,€238.2M,€4.2B,Slow,Little,Short,Organised,Little,Safe,Little,Organised,Contain,Deep,Narrow,Cover,10,9,32,24.36,24.63,FC 24,2023-09-22
FRA-Ligue 1,PSG,83,84,79,84,€238.2M,€4.2B,Slow,Little,Short,Organised,Little,Safe,Little,Organised,Contain,Deep,Narrow,Cover,10,9,31,24.27,24.39,FC 24,2024-02-01
FRA-Ligue 1,PSG,82,82,81,82,€220.3M,€3.5B,Slow,Little,Short,Organised,Little,Safe,Little,Organised,Contain,Deep,Narrow,Cover,10,9,25,23.73,23.48,FC 25,2024-09-20
FRA-Ligue 1,PSG,82,82,82,83,€220.3M,€3.5B,Slow,Little,Short,Organised,Little,Safe,Little,Organised,Contain,Deep,Narrow,Cover,10,9,27,23.45,23.22,FC 25,2025-02-04
FRA-Ligue 1,PSG,85,85,84,85,€232.4M,€4B,Slow,Little,Short,Organised,Little,Safe,Little,Organised,Contain,Deep,Narrow,Cover,10,10,28,24.73,23.89,FC 26,2025-09-10
FRA-Ligue 1,PSG,85,85,85,86,€232.4M,€4B,Slow,Little,Short,Organised,Little,Safe,Little,Organised,Contain,Deep,Narrow,Cover,10,10,26,24.73,22.42,FC 26,2026-02-04
FRA-Ligue 1,PSG,85,85,86,86,€232.4M,€4B,Slow,Little,Short,Organised,Little,Safe,Little,Organised,Contain,Deep,Narrow,Cover,10,10,28,25.00,22.04,FC 26,2026-07-23
FRA-Ligue 1,Paris FC,73,74,73,71,€26.5M,€160M,Slow,Little,Short,Organised,Little,Safe,Little,Organised,Contain,Deep,Narrow,Cover,4,1,31,26.09,26.65,FC 26,2025-09-10
FRA-Ligue 1,Paris FC,74,73,75,72,€26.5M,€160M,Slow,Little,Short,Organised,Little,Safe,Little,Organised,Contain,Deep,Narrow,Cover,4,1,30,28.36,27.43,FC 26,2026-02-04
FRA-Ligue 1,Paris FC,75,75,76,73,€26.5M,€160M,Slow,Little,Short,Organised,Little,Safe,Little,Organised,Contain,Deep,Narrow,Cover,4,1,32,27.73,26.97,FC 26,2026-07-23
ITA-Serie A,Parma,74,74,74,73,€8M,€56M,Slow,Little,Short,Organised,Little,Safe,Little,Organised,Contain,Deep,Narrow,Cover,4,2,33,28.27,25.55,FIFA 21,2021-09-02
ITA-Serie A,Parma,73,73,73,72,€9.2M,€75M,Slow,Little,Short,Organised,Little,Safe,Little,Organised,Contain,Deep,Narrow,Cover,5,3,29,23.27,23.93,FC 25,2024-09-20
ITA-Serie A,Parma,73,74,73,72,€9.2M,€75M,Slow,Little,Short,Organised,Little,Safe,Little,Organised,Contain,Deep,Narrow,Cover,5,3,30,23.36,23.70,FC 25,2025-02-04
ITA-Serie A,Parma,73,70,73,71,€18.9M,€256.2M,Slow,Little,Short,Organised,Little,Safe,Little,Organised,Contain,Deep,Narrow,Cover,3,3,30,23.64,23.73,FC 26,2025-09-10
ITA-Serie A,Parma,73,72,72,73,€18.9M,€256.2M,Slow,Little,Short,Organised,Little,Safe,Little,Organised,Contain,Deep,Narrow,Cover,3,3,27,23.55,23.81,FC 26,2026-02-04
ITA-Serie A,Parma,73,72,73,71,€18.9M,€256.2M,Slow,Little,Short,Organised,Little,Safe,Little,Organised,Contain,Deep,Narrow,Cover,3,3,29,24.09,22.62,FC 26,2026-07-23
ITA-Serie A,Pisa,71,71,71,68,€8.4M,€97.7M,Slow,Little,Short,Organised,Little,Safe,Little,Organised,Contain,Deep,Narrow,Cover,1,1,33,26.09,25.45,FC 26,2025-09-10
ITA-Serie A,Pisa,72,71,71,70,€8.4M,€97.7M,Slow,Little,Short,Organised,Little,Safe,Little,Organised,Contain,Deep,Narrow,Cover,1,1,32,26.55,25.41,FC 26,2026-02-04
ITA-Serie A,Pisa,72,70,72,71,€8.4M,€97.7M,Slow,Little,Short,Organised,Little,Safe,Little,Organised,Contain,Deep,Narrow,Cover,1,1,30,27.45,25.50,FC 26,2026-07-23
GER-Bundesliga,RB Leipzig,80,78,81,80,€50M,€471.2M,Slow,Little,Short,Organised,Little,Safe,Little,Organised,Contain,Deep,Narrow,Cover,8,7,29,24.55,23.10,FIFA 21,2021-09-02
GER-Bundesliga,RB Leipzig,80,80,81,78,€50M,€481.2M,Slow,Little,Short,Organised,Little,Safe,Little,Organised,Contain,Deep,Narrow,Cover,9,7,31,25.00,22.81,FIFA 22,2022-02-03
GER-Bundesliga,RB Leipzig,81,83,80,80,€69.5M,€491.2M,Slow,Little,Short,Organised,Little,Safe,Little,Organised,Contain,Deep,Narrow,Cover,8,7,27,25.64,24.41,FIFA 23,2022-09-01
GER-Bundesliga,RB Leipzig,81,83,81,80,€69.5M,€491.2M,Slow,Little,Short,Organised,Little,Safe,Little,Organised,Contain,Deep,Narrow,Cover,8,7,26,25.09,25.08,FIFA 23,2023-02-07
GER-Bundesliga,RB Leipzig,80,82,79,79,€76.5M,€569.1M,Slow,Little,Short,Organised,Little,Safe,Little,Organised,Contain,Deep,Narrow,Cover,8,7,26,26.27,25.00,FC 24,2023-09-22
GER-Bundesliga,RB Leipzig,80,80,80,79,€76.5M,€569.1M,Slow,Little,Short,Organised,Little,Safe,Little,Organised,Contain,Deep,Narrow,Cover,8,7,26,25.27,24.62,FC 24,2024-02-01
GER-Bundesliga,RB Leipzig,80,81,80,80,€79.8M,€607.1M,Slow,Little,Short,Organised,Little,Safe,Little,Organised,Contain,Deep,Narrow,Cover,8,7,24,25.27,24.88,FC 25,2024-09-20
GER-Bundesliga,RB Leipzig,80,82,78,80,€79.8M,€607.1M,Slow,Little,Short,Organised,Little,Safe,Little,Organised,Contain,Deep,Narrow,Cover,8,7,30,24.09,23.53,FC 25,2025-02-04
GER-Bundesliga,RB Leipzig,79,78,76,80,€79.5M,€604.1M,Slow,Little,Short,Organised,Little,Safe,Little,Organised,Contain,Deep,Narrow,Cover,8,7,31,25.64,24.10,FC 26,2025-09-10
GER-Bundesliga,RB Leipzig,79,76,79,79,€79.5M,€604.1M,Slow,Little,Short,Organised,Little,Safe,Little,Organised,Contain,Deep,Narrow,Cover,8,7,30,25.45,22.83,FC 26,2026-02-04
GER-Bundesliga,RB Leipzig,79,78,78,79,€79.5M,€604.1M,Slow,Little,Short,Organised,Little,Safe,Little,Organised,Contain,Deep,Narrow,Cover,8,7,30,23.64,22.47,FC 26,2026-07-23
ESP-La Liga,Rayo Vallecano,74,78,74,73,€3.3M,€10M,Slow,Little,Short,Organised,Little,Safe,Little,Organised,Contain,Deep,Narrow,Cover,3,1,27,27.73,26.11,FIFA 22,2022-02-03
ESP-La Liga,Rayo Vallecano,75,76,75,75,€3.3M,€10M,Slow,Little,Short,Organised,Little,Safe,Little,Organised,Contain,Deep,Narrow,Cover,3,1,30,29.82,27.23,FIFA 23,2022-09-01
ESP-La Liga,Rayo Vallecano,76,79,75,75,€3.3M,€10M,Slow,Little,Short,Organised,Little,Safe,Little,Organised,Contain,Deep,Narrow,Cover,3,1,29,28.73,26.66,FIFA 23,2023-02-07
ESP-La Liga,Rayo Vallecano,76,76,77,77,€3.3M,€10M,Slow,Little,Short,Organised,Little,Safe,Little,Organised,Contain,Deep,Narrow,Cover,3,1,27,31.27,27.41,FC 24,2023-09-22
ESP-La Liga,Rayo Vallecano,76,76,77,75,€3.3M,€10M,Slow,Little,Short,Organised,Little,Safe,Little,Organised,Contain,Deep,Narrow,Cover,3,1,27,29.45,27.41,FC 24,2024-02-01
ESP-La Liga,Rayo Vallecano,76,74,77,77,€3.3M,€10M,Slow,Little,Short,Organised,Little,Safe,Little,Organised,Contain,Deep,Narrow,Cover,3,1,29,30.09,27.93,FC 25,2024-09-20
ESP-La Liga,Rayo Vallecano,76,77,76,74,€3.3M,€10M,Slow,Little,Short,Organised,Little,Safe,Little,Organised,Contain,Deep,Narrow,Cover,3,1,27,27.73,28.07,FC 25,2025-02-04
ESP-La Liga,Rayo Vallecano,77,73,77,77,€3.3M,€10M,Slow,Little,Short,Organised,Little,Safe,Little,Organised,Contain,Deep,Narrow,Cover,3,1,29,29.00,26.90,FC 26,2025-09-10
ESP-La Liga,Rayo Vallecano,77,80,77,76,€3.3M,€10M,Slow,Little,Short,Organised,Little,Safe,Little,Organised,Contain,Deep,Narrow,Cover,3,1,31,28.00,26.65,FC 26,2026-02-04
ESP-La Liga,Rayo Vallecano,77,81,77,77,€3.3M,€10M,Slow,Little,Short,Organised,Little,Safe,Little,Organised,Contain,Deep,Narrow,Cover,3,1,30,28.00,26.30,FC 26,2026-07-23
ESP-La Liga,Real Betis,78,79,79,78,€16.1M,€175M,Slow,Little,Short,Organised,Little,Safe,Little,Organised,Contain,Deep,Narrow,Cover,5,2,33,29.36,25.76,FIFA 21,2021-09-02
ESP-La Liga,Real Betis,79,79,79,78,€16.1M,€175M,Slow,Little,Short,Organised,Little,Safe,Little,Organised,Contain,Deep,Narrow,Cover,6,2,33,28.82,26.91,FIFA 22,2022-02-03
ESP-La Liga,Real Betis,79,79,80,78,€16.1M,€175M,Slow,Little,Short,Organised,Little,Safe,Little,Organised,Contain,Deep,Narrow,Cover,6,3,33,30.18,27.27,FIFA 23,2022-09-01
ESP-La Liga,Real Betis,79,80,81,76,€16.1M,€175M,Slow,Little,Short,Organised,Little,Safe,Little,Organised,Contain,Deep,Narrow,Cover,6,3,33,28.09,26.30,FIFA 23,2023-02-07
ESP-La Liga,Real Betis,79,83,79,77,€16.1M,€175M,Slow,Little,Short,Organised,Little,Safe,Little,Organised,Contain,Deep,Narrow,Cover,6,3,31,28.00,25.97,FC 24,2023-09-22
ESP-La Liga,Real Betis,79,79,79,75,€16.1M,€175M,Slow,Little,Short,Organised,Little,Safe,Little,Organised,Contain,Deep,Narrow,Cover,6,3,33,27.18,26.15,FC 24,2024-02-01
ESP-La Liga,Real Betis,77,76,78,76,€16.1M,€175M,Slow,Little,Short,Organised,Little,Safe,Little,Organised,Contain,Deep,Narrow,Cover,6,3,30,26.82,26.13,FC 25,2024-09-20
ESP-La Liga,Real Betis,77,77,77,76,€16.1M,€175M,Slow,Little,Short,Organised,Little,Safe,Little,Organised,Contain,Deep,Narrow,Cover,6,3,30,27.64,25.83,FC 25,2025-02-04
ESP-La Liga,Real Betis,78,77,79,77,€16.4M,€180M,Slow,Little,Short,Organised,Little,Safe,Little,Organised,Contain,Deep,Narrow,Cover,6,3,26,28.27,27.27,FC 26,2025-09-10
ESP-La Liga,Real Betis,79,79,78,77,€16.4M,€180M,Slow,Little,Short,Organised,Little,Safe,Little,Organised,Contain,Deep,Narrow,Cover,6,3,31,27.36,26.45,FC 26,2026-02-04
ESP-La Liga,Real Betis,79,80,80,77,€16.4M,€180M,Slow,Little,Short,Organised,Little,Safe,Little,Organised,Contain,Deep,Narrow,Cover,6,3,30,27.55,26.30,FC 26,2026-07-23
ESP-La Liga,Real Madrid,85,84,86,84,€188.5M,€3.5B,Slow,Little,Short,Organised,Little,Safe,Little,Organised,Contain,Deep,Narrow,Cover,10,10,33,28.18,24.18,FIFA 21,2021-09-02
ESP-La Liga,Real Madrid,84,83,86,83,€150M,€3.1B,Slow,Little,Short,Organised,Little,Safe,Little,Organised,Contain,Deep,Narrow,Cover,10,10,33,27.73,25.00,FIFA 22,2022-02-03
ESP-La Liga,Real Madrid,85,85,87,84,€175.1M,€4.4B,Slow,Little,Short,Organised,Little,Safe,Little,Organised,Contain,Deep,Narrow,Cover,10,10,33,29.09,25.24,FIFA 23,2022-09-01
ESP-La Liga,Real Madrid,85,85,86,84,€175.1M,€4.4B,Slow,Little,Short,Organised,Little,Safe,Little,Organised,Contain,Deep,Narrow,Cover,10,10,33,28.55,24.67,FIFA 23,2023-02-07
ESP-La Liga,Real Madrid,85,85,85,83,€178.9M,€4.8B,Slow,Little,Short,Organised,Little,Safe,Little,Organised,Contain,Deep,Narrow,Cover,10,10,33,25.91,24.52,FC 24,2023-09-22
ESP-La Liga,Real Madrid,85,85,86,83,€178.9M,€4.8B,Slow,Little,Short,Organised,Little,Safe,Little,Organised,Contain,Deep,Narrow,Cover,10,10,33,27.82,24.55,FC 24,2024-02-01
ESP-La Liga,Real Madrid,86,89,85,85,€123.4M,€4.4B,Slow,Little,Short,Organised,Little,Safe,Little,Organised,Contain,Deep,Narrow,Cover,10,10,24,26.45,25.67,FC 25,2024-09-20
ESP-La Liga,Real Madrid,86,88,85,84,€123.4M,€4.4B,Slow,Little,Short,Organised,Little,Safe,Little,Organised,Contain,Deep,Narrow,Cover,10,10,26,26.55,25.15,FC 25,2025-02-04
ESP-La Liga,Real Madrid,85,88,86,83,€146M,€5.8B,Slow,Little,Short,Organised,Little,Safe,Little,Organised,Contain,Deep,Narrow,Cover,10,10,26,25.73,24.88,FC 26,2025-09-10
ESP-La Liga,Real Madrid,85,85,85,83,€146M,€5.8B,Slow,Little,Short,Organised,Little,Safe,Little,Organised,Contain,Deep,Narrow,Cover,10,10,32,23.36,23.75,FC 26,2026-02-04
ESP-La Liga,Real Madrid,85,90,84,82,€146M,€5.8B,Slow,Little,Short,Organised,Little,Safe,Little,Organised,Contain,Deep,Narrow,Cover,10,10,37,25.09,23.24,FC 26,2026-07-23
ESP-La Liga,Real Sociedad,79,81,81,77,€15.8M,€150M,Slow,Little,Short,Organised,Little,Safe,Little,Organised,Contain,Deep,Narrow,Cover,5,3,33,25.64,23.97,FIFA 21,2021-09-02
ESP-La Liga,Real Sociedad,80,82,81,78,€15.8M,€150M,Slow,Little,Short,Organised,Little,Safe,Little,Organised,Contain,Deep,Narrow,Cover,7,4,26,26.18,25.65,FIFA 22,2022-02-03
ESP-La Liga,Real Sociedad,79,80,79,78,€15.8M,€150M,Slow,Little,Short,Organised,Little,Safe,Little,Organised,Contain,Deep,Narrow,Cover,7,4,29,26.45,24.10,FIFA 23,2022-09-01
ESP-La Liga,Real Sociedad,79,78,80,78,€15.8M,€150M,Slow,Little,Short,Organised,Little,Safe,Little,Organised,Contain,Deep,Narrow,Cover,7,4,33,26.45,23.85,FIFA 23,2023-02-07
ESP-La Liga,Real Sociedad,79,79,81,79,€15.8M,€150M,Slow,Little,Short,Organised,Little,Safe,Little,Organised,Contain,Deep,Narrow,Cover,7,4,33,26.18,23.61,FC 24,2023-09-22
ESP-La Liga,Real Sociedad,79,79,81,79,€15.8M,€150M,Slow,Little,Short,Organised,Little,Safe,Little,Organised,Contain,Deep,Narrow,Cover,7,4,33,26.18,23.64,FC 24,2024-02-01
ESP-La Liga,Real Sociedad,78,78,76,78,€15.8M,€150M,Slow,Little,Short,Organised,Little,Safe,Little,Organised,Contain,Deep,Narrow,Cover,7,4,30,24.91,24.10,FC 25,2024-09-20
ESP-La Liga,Real Sociedad,78,79,78,77,€15.8M,€150M,Slow,Little,Short,Organised,Little,Safe,Little,Organised,Contain,Deep,Narrow,Cover,7,4,28,25.45,24.07,FC 25,2025-02-04
ESP-La Liga,Real Sociedad,78,82,78,76,€16.2M,€155M,Slow,Little,Short,Organised,Little,Safe,Little,Organised,Contain,Deep,Narrow,Cover,7,4,27,25.82,25.41,FC 26,2025-09-10
ESP-La Liga,Real Sociedad,77,82,77,76,€16.2M,€155M,Slow,Little,Short,Organised,Little,Safe,Little,Organised,Contain,Deep,Narrow,Cover,7,4,25,25.55,24.88,FC 26,2026-02-04
ESP-La Liga,Real Sociedad,78,83,78,76,€16.2M,€155M,Slow,Little,Short,Organised,Little,Safe,Little,Organised,Contain,Deep,Narrow,Cover,7,4,25,25.55,24.76,FC 26,2026-07-23
FRA-Ligue 1,Reims,73,73,73,74,€7M,€45M,Slow,Little,Short,Organised,Little,Safe,Little,Organised,Contain,Deep,Narrow,Cover,5,1,29,24.64,22.17,FIFA 21,2021-09-02
FRA-Ligue 1,Reims,73,71,72,75,€8.8M,€70M,Slow,Little,Short,Organised,Little,Safe,Little,Organised,Contain,Deep,Narrow,Cover,5,1,28,23.91,23.29,FIFA 22,2022-02-03
FRA-Ligue 1,Reims,73,73,73,74,€8.3M,€65M,Slow,Little,Short,Organised,Little,Safe,Little,Organised,Contain,Deep,Narrow,Cover,4,1,33,25.45,23.97,FIFA 23,2022-09-01
FRA-Ligue 1,Reims,72,71,72,71,€8.3M,€65M,Slow,Little,Short,Organised,Little,Safe,Little,Organised,Contain,Deep,Narrow,Cover,4,1,23,24.73,23.91,FIFA 23,2023-02-07
FRA-Ligue 1,Reims,73,69,75,72,€12.5M,€120M,Slow,Little,Short,Organised,Little,Safe,Little,Organised,Contain,Deep,Narrow,Cover,4,1,26,25.73,23.81,FC 24,2023-09-22
FRA-Ligue 1,Reims,74,75,75,73,€12.5M,€120M,Slow,Little,Short,Organised,Little,Safe,Little,Organised,Contain,Deep,Narrow,Cover,4,1,24,26.45,24.25,FC 24,2024-02-01
FRA-Ligue 1,Reims,74,72,73,75,€12.5M,€120M,Slow,Little,Short,Organised,Little,Safe,Little,Organised,Contain,Deep,Narrow,Cover,4,1,25,25.73,24.24,FC 25,2024-09-20
FRA-Ligue 1,Reims,73,69,73,73,€12.5M,€120M,Slow,Little,Short,Organised,Little,Safe,Little,Organised,Contain,Deep,Narrow,Cover,4,1,27,25.55,23.19,FC 25,2025-02-04
FRA-Ligue 1,Rennes,76,75,76,76,€12.2M,€80M,Slow,Little,Short,Organised,Little,Safe,Little,Organised,Contain,Deep,Narrow,Cover,7,3,27,24.55,23.33,FIFA 21,2021-09-02
FRA-Ligue 1,Rennes,76,78,76,75,€14M,€100M,Slow,Little,Short,Organised,Little,Safe,Little,Organised,Contain,Deep,Narrow,Cover,7,3,25,26.00,23.60,FIFA 22,2022-02-03
FRA-Ligue 1,Rennes,77,78,77,75,€15M,€110M,Slow,Little,Short,Organised,Little,Safe,Little,Organised,Contain,Deep,Narrow,Cover,7,5,27,27.36,24.04,FIFA 23,2022-09-01
FRA-Ligue 1,Rennes,77,77,77,76,€15M,€110M,Slow,Little,Short,Organised,Little,Safe,Little,Organised,Contain,Deep,Narrow,Cover,7,5,27,24.91,23.78,FIFA 23,2023-02-07
FRA-Ligue 1,Rennes,76,77,78,74,€21.2M,€180M,Slow,Little,Short,Organised,Little,Safe,Little,Organised,Contain,Deep,Narrow,Cover,7,4,23,25.73,24.39,FC 24,2023-09-22
FRA-Ligue 1,Rennes,76,78,77,73,€21.2M,€180M,Slow,Little,Short,Organised,Little,Safe,Little,Organised,Contain,Deep,Narrow,Cover,7,4,25,25.18,23.84,FC 24,2024-02-01
FRA-Ligue 1,Rennes,75,77,75,74,€21.2M,€180M,Slow,Little,Short,Organised,Little,Safe,Little,Organised,Contain,Deep,Narrow,Cover,6,4,27,25.45,24.26,FC 25,2024-09-20
FRA-Ligue 1,Rennes,76,77,75,74,€21.2M,€180M,Slow,Little,Short,Organised,Little,Safe,Little,Organised,Contain,Deep,Narrow,Cover,6,4,28,25.36,24.57,FC 25,2025-02-04
FRA-Ligue 1,Rennes,76,75,76,75,€15.7M,€170M,Slow,Little,Short,Organised,Little,Safe,Little,Organised,Contain,Deep,Narrow,Cover,6,4,28,26.55,24.50,FC 26,2025-09-10
FRA-Ligue 1,Rennes,76,76,76,74,€15.7M,€170M,Slow,Little,Short,Organised,Little,Safe,Little,Organised,Contain,Deep,Narrow,Cover,6,4,24,25.27,24.04,FC 26,2026-02-04
FRA-Ligue 1,Rennes,76,78,76,74,€15.7M,€170M,Slow,Little,Short,Organised,Little,Safe,Little,Organised,Contain,Deep,Narrow,Cover,6,4,25,26.18,23.84,FC 26,2026-07-23
ITA-Serie A,Roma,78,79,77,76,€46M,€602M,Slow,Little,Short,Organised,Little,Safe,Little,Organised,Contain,Deep,Narrow,Cover,8,7,33,26.36,24.76,FIFA 21,2021-09-02
ITA-Serie A,Roma,79,79,79,78,€46M,€602M,Slow,Little,Short,Organised,Little,Safe,Little,Organised,Contain,Deep,Narrow,Cover,8,7,32,26.00,23.56,FIFA 22,2022-02-03
ITA-Serie A,Roma,80,81,80,79,€50.5M,€602M,Slow,Little,Short,Organised,Little,Safe,Little,Organised,Contain,Deep,Narrow,Cover,8,7,33,27.45,24.36,FIFA 23,2022-09-01
ITA-Serie A,Roma,80,81,78,81,€50.5M,€602M,Slow,Little,Short,Organised,Little,Safe,Little,Organised,Contain,Deep,Narrow,Cover,8,7,30,27.09,24.87,FIFA 23,2023-02-07
ITA-Serie A,Roma,80,82,78,81,€53.1M,€660M,Slow,Little,Short,Organised,Little,Safe,Little,Organised,Contain,Deep,Narrow,Cover,8,7,29,29.18,25.62,FC 24,2023-09-22
ITA-Serie A,Roma,80,83,78,79,€53.1M,€660M,Slow,Little,Short,Organised,Little,Safe,Little,Organised,Contain,Deep,Narrow,Cover,8,7,33,27.82,24.76,FC 24,2024-02-01
ITA-Serie A,Roma,80,84,80,79,€28.5M,€660M,Slow,Little,Short,Organised,Little,Safe,Little,Organised,Contain,Deep,Narrow,Cover,8,7,25,26.27,25.84,FC 25,2024-09-20
ITA-Serie A,Roma,80,85,79,79,€28.5M,€660M,Slow,Little,Short,Organised,Little,Safe,Little,Organised,Contain,Deep,Narrow,Cover,8,7,25,27.36,25.56,FC 25,2025-02-04
ITA-Serie A,Roma,80,78,79,81,€40M,€478.5M,Slow,Little,Short,Organised,Little,Safe,Little,Organised,Contain,Deep,Narrow,Cover,7,7,29,25.91,24.86,FC 26,2025-09-10
ITA-Serie A,Roma,80,77,79,80,€40M,€478.5M,Slow,Little,Short,Organised,Little,Safe,Little,Organised,Contain,Deep,Narrow,Cover,7,7,28,25.91,24.75,FC 26,2026-02-04
ITA-Serie A,Roma,80,80,80,80,€40M,€478.5M,Slow,Little,Short,Organised,Little,Safe,Little,Organised,Contain,Deep,Narrow,Cover,7,7,28,26.45,24.57,FC 26,2026-07-23
ESP-La Liga,SD Eibar,76,76,75,74,€6.5M,€29M,Slow,Little,Short,Organised,Little,Safe,Little,Organised,Contain,Deep,Narrow,Cover,4,1,29,28.55,26.45,FIFA 21,2021-09-02
ESP-La Liga,SD Huesca,73,73,73,73,€2.1M,€4.5M,Slow,Little,Short,Organised,Little,Safe,Little,Organised,Contain,Deep,Narrow,Cover,2,1,33,27.18,25.73,FIFA 21,2021-09-02
FRA-Ligue 1,Saint-Étienne,73,74,74,73,€12.5M,€100M,Slow,Little,Short,Organised,Little,Safe,Little,Organised,Contain,Deep,Narrow,Cover,6,3,33,25.00,23.33,FIFA 21,2021-09-02
FRA-Ligue 1,Saint-Étienne,73,75,73,73,€12.1M,€95M,Slow,Little,Short,Organised,Little,Safe,Little,Organised,Contain,Deep,Narrow,Cover,6,3,33,26.27,23.82,FIFA 22,2022-02-03
FRA-Ligue 1,Saint-Étienne,71,72,69,71,€8.3M,€65M,Slow,Little,Short,Organised,Little,Safe,Little,Organised,Contain,Deep,Narrow,Cover,2,1,32,27.36,24.97,FC 25,2024-09-20
FRA-Ligue 1,Saint-Étienne,71,72,70,71,€8.3M,€65M,Slow,Little,Short,Organised,Little,Safe,Little,Organised,Contain,Deep,Narrow,Cover,2,1,32,24.91,24.97,FC 25,2025-02-04
ITA-Serie A,Salernitana,72,73,68,68,€4M,€13M,Slow,Little,Short,Organised,Little,Safe,Little,Organised,Contain,Deep,Narrow,Cover,5,1,33,28.00,26.94,FIFA 22,2022-02-03
ITA-Serie A,Salernitana,72,73,70,72,€9.9M,€70M,Slow,Little,Short,Organised,Little,Safe,Little,Organised,Contain,Deep,Narrow,Cover,3,1,32,28.36,26.16,FIFA 23,2022-09-01
ITA-Serie A,Salernitana,74,75,73,72,€9.9M,€70M,Slow,Little,Short,Organised,Little,Safe,Little,Organised,Contain,Deep,Narrow,Cover,3,1,29,26.73,25.90,FIFA 23,2023-02-07
ITA-Serie A,Salernitana,73,74,73,71,€11.1M,€70M,Slow,Little,Short,Organised,Little,Safe,Little,Organised,Contain,Deep,Narrow,Cover,3,1,26,26.91,26.50,FC 24,2023-09-22
ITA-Serie A,Salernitana,73,73,72,71,€11.1M,€70M,Slow,Little,Short,Organised,Little,Safe,Little,Organised,Contain,Deep,Narrow,Cover,3,1,27,26.09,26.07,FC 24,2024-02-01
ITA-Serie A,Sampdoria,75,76,75,73,€12M,€127M,Slow,Little,Short,Organised,Little,Safe,Little,Organised,Contain,Deep,Narrow,Cover,4,3,26,27.82,26.54,FIFA 21,2021-09-02
ITA-Serie A,Sampdoria,75,76,75,73,€12M,€127M,Slow,Little,Short,Organised,Little,Safe,Little,Organised,Contain,Deep,Narrow,Cover,4,3,25,29.36,26.76,FIFA 22,2022-02-03
ITA-Serie A,Sampdoria,74,77,74,73,€13.6M,€152M,Slow,Little,Short,Organised,Little,Safe,Little,Organised,Contain,Deep,Narrow,Cover,4,3,26,28.18,27.50,FIFA 23,2022-09-01
ITA-Serie A,Sampdoria,73,74,72,74,€13.6M,€152M,Slow,Little,Short,Organised,Little,Safe,Little,Organised,Contain,Deep,Narrow,Cover,4,3,28,28.27,25.57,FIFA 23,2023-02-07
ITA-Serie A,Sassuolo,75,79,77,72,€13.5M,€94M,Slow,Little,Short,Organised,Little,Safe,Little,Organised,Contain,Deep,Narrow,Cover,4,3,29,26.36,25.38,FIFA 21,2021-09-02
ITA-Serie A,Sassuolo,75,76,75,72,€13.5M,€94M,Slow,Little,Short,Organised,Little,Safe,Little,Organised,Contain,Deep,Narrow,Cover,4,3,28,25.18,25.93,FIFA 22,2022-02-03
ITA-Serie A,Sassuolo,75,74,77,73,€15M,€110M,Slow,Little,Short,Organised,Little,Safe,Little,Organised,Contain,Deep,Narrow,Cover,4,3,28,25.27,25.11,FIFA 23,2022-09-01
ITA-Serie A,Sassuolo,75,76,75,73,€15M,€110M,Slow,Little,Short,Organised,Little,Safe,Little,Organised,Contain,Deep,Narrow,Cover,4,3,29,25.45,24.45,FIFA 23,2023-02-07
ITA-Serie A,Sassuolo,75,78,73,72,€10.2M,€110M,Slow,Little,Short,Organised,Little,Safe,Little,Organised,Contain,Deep,Narrow,Cover,4,3,27,26.09,25.70,FC 24,2023-09-22
ITA-Serie A,Sassuolo,75,78,73,72,€10.2M,€110M,Slow,Little,Short,Organised,Little,Safe,Little,Organised,Contain,Deep,Narrow,Cover,4,3,27,26.55,25.70,FC 24,2024-02-01
ITA-Serie A,Sassuolo,74,77,74,71,€18.1M,€240M,Slow,Little,Short,Organised,Little,Safe,Little,Organised,Contain,Deep,Narrow,Cover,3,1,29,26.09,24.66,FC 26,2025-09-10
ITA-Serie A,Sassuolo,74,73,74,72,€18.1M,€240M,Slow,Little,Short,Organised,Little,Safe,Little,Organised,Contain,Deep,Narrow,Cover,3,1,29,25.36,24.69,FC 26,2026-02-04
ITA-Serie A,Sassuolo,74,77,75,73,€18.1M,€240M,Slow,Little,Short,Organised,Little,Safe,Little,Organised,Contain,Deep,Narrow,Cover,3,1,31,26.73,24.29,FC 26,2026-07-23
GER-Bundesliga,Schalke 04,74,74,75,72,€20M,€700.1M,Slow,Little,Short,Organised,Little,Safe,Little,Organised,Contain,Deep,Narrow,Cover,6,5,33,26.36,24.61,FIFA 21,2021-09-02
GER-Bundesliga,Schalke 04,73,73,73,73,€17.5M,€400.1M,Slow,Little,Short,Organised,Little,Safe,Little,Organised,Contain,Deep,Narrow,Cover,2,4,32,27.55,25.81,FIFA 23,2022-09-01
GER-Bundesliga,Schalke 04,73,74,72,72,€17.5M,€400.1M,Slow,Little,Short,Organised,Little,Safe,Little,Organised,Contain,Deep,Narrow,Cover,2,4,33,27.91,26.18,FIFA 23,2023-02-07
ESP-La Liga,Sevilla,81,80,81,82,€34.5M,€540M,Slow,Little,Short,Organised,Little,Safe,Little,Organised,Contain,Deep,Narrow,Cover,7,7,28,27.45,26.36,FIFA 21,2021-09-02
ESP-La Liga,Sevilla,82,82,81,82,€34.5M,€540M,Slow,Little,Short,Organised,Little,Safe,Little,Organised,Contain,Deep,Narrow,Cover,8,8,33,28.09,25.61,FIFA 22,2022-02-03
ESP-La Liga,Sevilla,81,81,81,80,€34.7M,€540M,Slow,Little,Short,Organised,Little,Safe,Little,Organised,Contain,Deep,Narrow,Cover,8,8,32,29.91,26.91,FIFA 23,2022-09-01
ESP-La Liga,Sevilla,81,79,82,80,€34.7M,€540M,Slow,Little,Short,Organised,Little,Safe,Little,Organised,Contain,Deep,Narrow,Cover,8,8,29,29.91,26.83,FIFA 23,2023-02-07
ESP-La Liga,Sevilla,80,80,79,82,€34.7M,€540M,Slow,Little,Short,Organised,Little,Safe,Little,Organised,Contain,Deep,Narrow,Cover,8,8,33,31.27,26.64,FC 24,2023-09-22
ESP-La Liga,Sevilla,79,80,78,80,€34.7M,€540M,Slow,Little,Short,Organised,Little,Safe,Little,Organised,Contain,Deep,Narrow,Cover,8,8,33,30.09,26.03,FC 24,2024-02-01
ESP-La Liga,Sevilla,76,73,77,77,€34.7M,€540M,Slow,Little,Short,Organised,Little,Safe,Little,Organised,Contain,Deep,Narrow,Cover,8,8,32,28.64,24.19,FC 25,2024-09-20
ESP-La Liga,Sevilla,76,73,75,77,€34.7M,€540M,Slow,Little,Short,Organised,Little,Safe,Little,Organised,Contain,Deep,Narrow,Cover,8,8,31,25.73,23.84,FC 25,2025-02-04
ESP-La Liga,Sevilla,76,74,77,72,€32M,€480M,Slow,Little,Short,Organised,Little,Safe,Little,Organised,Contain,Deep,Narrow,Cover,8,8,28,26.55,26.25,FC 26,2025-09-10
ESP-La Liga,Sevilla,76,74,75,76,€32M,€480M,Slow,Little,Short,Organised,Little,Safe,Little,Organised,Contain,Deep,Narrow,Cover,8,8,31,25.55,25.87,FC 26,2026-02-04
ESP-La Liga,Sevilla,75,75,75,75,€32M,€480M,Slow,Little,Short,Organised,Little,Safe,Little,Organised,Contain,Deep,Narrow,Cover,8,8,30,26.36,25.63,FC 26,2026-07-23
ENG-Premier League,Sheffield United,73,71,74,73,€20M,€355M,Slow,Little,Short,Organised,Little,Safe,Little,Organised,Contain,Deep,Narrow,Cover,2,1,33,26.64,24.45,FIFA 21,2021-09-02
ENG-Premier League,Sheffield United,73,72,74,72,€14.7M,€169.5M,Slow,Little,Short,Organised,Little,Safe,Little,Organised,Contain,Deep,Narrow,Cover,1,1,33,27.36,24.45,FC 24,2023-09-22
ENG-Premier League,Sheffield United,73,72,74,73,€14.7M,€169.5M,Slow,Little,Short,Organised,Little,Safe,Little,Organised,Contain,Deep,Narrow,Cover,1,1,33,25.73,24.58,FC 24,2024-02-01
ENG-Premier League,Southampton,76,77,77,76,€35M,€455.5M,Slow,Little,Short,Organised,Little,Safe,Little,Organised,Contain,Deep,Narrow,Cover,4,3,31,26.09,23.29,FIFA 21,2021-09-02
ENG-Premier League,Southampton,76,76,77,75,€32.5M,€455.5M,Slow,Little,Short,Organised,Little,Safe,Little,Organised,Contain,Deep,Narrow,Cover,4,3,30,25.09,24.60,FIFA 22,2022-02-03
ENG-Premier League,Southampton,76,75,76,75,€35.7M,€495M,Slow,Little,Short,Organised,Little,Safe,Little,Organised,Contain,Deep,Narrow,Cover,4,3,33,24.55,24.45,FIFA 23,2022-09-01
ENG-Premier League,Southampton,76,76,72,76,€35.7M,€495M,Slow,Little,Short,Organised,Little,Safe,Little,Organised,Contain,Deep,Narrow,Cover,4,3,31,22.82,24.29,FIFA 23,2023-02-07
ENG-Premier League,Southampton,75,74,74,74,€42.5M,€450M,Slow,Little,Short,Organised,Little,Safe,Little,Organised,Contain,Deep,Narrow,Cover,1,2,32,25.91,25.22,FC 25,2024-09-20
ENG-Premier League,Southampton,74,74,74,73,€42.5M,€450M,Slow,Little,Short,Organised,Little,Safe,Little,Organised,Contain,Deep,Narrow,Cover,1,2,34,25.18,24.85,FC 25,2025-02-04
ITA-Serie A,Spezia,70,70,70,67,€2.8M,€21M,Slow,Little,Short,Organised,Little,Safe,Little,Organised,Contain,Deep,Narrow,Cover,1,1,31,25.91,24.87,FIFA 21,2021-09-02
ITA-Serie A,Spezia,71,71,69,70,€2.8M,€21M,Slow,Little,Short,Organised,Little,Safe,Little,Organised,Contain,Deep,Narrow,Cover,1,1,28,24.09,23.21,FIFA 22,2022-02-03
ITA-Serie A,Spezia,72,72,73,71,€10.5M,€76M,Slow,Little,Short,Organised,Little,Safe,Little,Organised,Contain,Deep,Narrow,Cover,1,1,33,26.45,24.15,FIFA 23,2022-09-01
ITA-Serie A,Spezia,73,74,72,72,€10.5M,€76M,Slow,Little,Short,Organised,Little,Safe,Little,Organised,Contain,Deep,Narrow,Cover,1,1,28,25.18,25.21,FIFA 23,2023-02-07
GER-Bundesliga,St Pauli,70,70,71,70,€5.8M,€55.1M,Slow,Little,Short,Organised,Little,Safe,Little,Organised,Contain,Deep,Narrow,Cover,2,2,29,26.91,26.14,FC 25,2024-09-20
GER-Bundesliga,St Pauli,71,71,71,71,€5.8M,€55.1M,Slow,Little,Short,Organised,Little,Safe,Little,Organised,Contain,Deep,Narrow,Cover,2,2,38,26.55,24.84,FC 25,2025-02-04
GER-Bundesliga,St Pauli,71,71,69,72,€6.6M,€66.2M,Slow,Little,Short,Organised,Little,Safe,Little,Organised,Contain,Deep,Narrow,Cover,3,2,30,26.09,24.73,FC 26,2025-09-10
GER-Bundesliga,St Pauli,72,72,72,71,€6.6M,€66.2M,Slow,Little,Short,Organised,Little,Safe,Little,Organised,Contain,Deep,Narrow,Cover,3,2,30,27.09,24.77,FC 26,2026-02-04
GER-Bundesliga,St Pauli,72,71,72,72,€6.6M,€66.2M,Slow,Little,Short,Organised,Little,Safe,Little,Organised,Contain,Deep,Narrow,Cover,3,2,31,27.55,24.81,FC 26,2026-07-23
FRA-Ligue 1,Stade Brestois 29,73,72,73,72,€5.9M,€40M,Slow,Little,Short,Organised,Little,Safe,Little,Organised,Contain,Deep,Narrow,Cover,1,1,29,23.82,24.21,FIFA 21,2021-09-02
FRA-Ligue 1,Stade Brestois 29,73,72,74,73,€6.3M,€45M,Slow,Little,Short,Organised,Little,Safe,Little,Organised,Contain,Deep,Narrow,Cover,1,1,27,25.27,24.44,FIFA 22,2022-02-03
FRA-Ligue 1,Stade Brestois 29,73,72,74,71,€6.3M,€45M,Slow,Little,Short,Organised,Little,Safe,Little,Organised,Contain,Deep,Narrow,Cover,3,1,24,26.82,25.33,FIFA 23,2022-09-01
FRA-Ligue 1,Stade Brestois 29,73,73,73,72,€6.3M,€45M,Slow,Little,Short,Organised,Little,Safe,Little,Organised,Contain,Deep,Narrow,Cover,3,1,26,26.55,23.96,FIFA 23,2023-02-07
FRA-Ligue 1,Stade Brestois 29,72,72,73,72,€9.7M,€92M,Slow,Little,Short,Organised,Little,Safe,Little,Organised,Contain,Deep,Narrow,Cover,2,1,23,27.00,25.35,FC 24,2023-09-22
FRA-Ligue 1,Stade Brestois 29,73,73,73,74,€9.7M,€92M,Slow,Little,Short,Organised,Little,Safe,Little,Organised,Contain,Deep,Narrow,Cover,2,1,23,26.82,25.70,FC 24,2024-02-01
FRA-Ligue 1,Stade Brestois 29,75,75,76,73,€11.4M,€105M,Slow,Little,Short,Organised,Little,Safe,Little,Organised,Contain,Deep,Narrow,Cover,5,3,26,28.73,26.04,FC 25,2024-09-20
FRA-Ligue 1,Stade Brestois 29,76,75,75,75,€11.4M,€105M,Slow,Little,Short,Organised,Little,Safe,Little,Organised,Contain,Deep,Narrow,Cover,5,3,25,27.82,26.28,FC 25,2025-02-04
FRA-Ligue 1,Stade Brestois 29,73,74,74,73,€9.1M,€95M,Slow,Little,Short,Organised,Little,Safe,Little,Organised,Contain,Deep,Narrow,Cover,4,3,24,27.18,24.08,FC 26,2025-09-10
FRA-Ligue 1,Stade Brestois 29,74,75,73,74,€9.1M,€95M,Slow,Little,Short,Organised,Little,Safe,Little,Organised,Contain,Deep,Narrow,Cover,4,3,24,26.00,24.17,FC 26,2026-02-04
FRA-Ligue 1,Stade Brestois 29,74,75,74,74,€9.1M,€95M,Slow,Little,Short,Organised,Little,Safe,Little,Organised,Contain,Deep,Narrow,Cover,4,3,24,26.27,23.79,FC 26,2026-07-23
FRA-Ligue 1,Strasbourg,74,75,73,74,€8.1M,€43M,Slow,Little,Short,Organised,Little,Safe,Little,Organised,Contain,Deep,Narrow,Cover,4,1,29,26.18,24.93,FIFA 21,2021-09-02
FRA-Ligue 1,Strasbourg,75,77,74,74,€7.3M,€50M,Slow,Little,Short,Organised,Little,Safe,Little,Organised,Contain,Deep,Narrow,Cover,4,1,23,26.82,25.65,FIFA 22,2022-02-03
FRA-Ligue 1,Strasbourg,75,77,75,74,€7.3M,€50M,Slow,Little,Short,Organised,Little,Safe,Little,Organised,Contain,Deep,Narrow,Cover,5,2,26,27.82,26.19,FIFA 23,2022-09-01
FRA-Ligue 1,Strasbourg,74,77,74,73,€7.3M,€50M,Slow,Little,Short,Organised,Little,Safe,Little,Organised,Contain,Deep,Narrow,Cover,5,2,28,28.82,25.07,FIFA 23,2023-02-07
FRA-Ligue 1,Strasbourg,72,72,72,72,€13.1M,€130M,Slow,Little,Short,Organised,Little,Safe,Little,Organised,Contain,Deep,Narrow,Cover,4,2,28,26.64,23.75,FC 24,2023-09-22
FRA-Ligue 1,Strasbourg,73,73,71,73,€13.1M,€130M,Slow,Little,Short,Organised,Little,Safe,Little,Organised,Contain,Deep,Narrow,Cover,4,2,27,23.45,24.00,FC 24,2024-02-01
FRA-Ligue 1,Strasbourg,72,73,71,71,€11.8M,€110M,Slow,Little,Short,Organised,Little,Safe,Little,Organised,Contain,Deep,Narrow,Cover,4,1,33,20.64,21.06,FC 25,2024-09-20
FRA-Ligue 1,Strasbourg,72,74,74,71,€11.8M,€110M,Slow,Little,Short,Organised,Little,Safe,Little,Organised,Contain,Deep,Narrow,Cover,4,1,32,20.55,21.13,FC 25,2025-02-04
FRA-Ligue 1,Strasbourg,74,76,75,74,€21.7M,€120M,Slow,Little,Short,Organised,Little,Safe,Little,Organised,Contain,Deep,Narrow,Cover,6,3,31,20.73,21.29,FC 26,2025-09-10
FRA-Ligue 1,Strasbourg,75,77,74,76,€21.7M,€120M,Slow,Little,Short,Organised,Little,Safe,Little,Organised,Contain,Deep,Narrow,Cover,6,3,28,21.18,21.18,FC 26,2026-02-04
FRA-Ligue 1,Strasbourg,75,75,75,75,€21.7M,€120M,Slow,Little,Short,Organised,Little,Safe,Little,Organised,Contain,Deep,Narrow,Cover,6,3,30,21.55,20.80,FC 26,2026-07-23
GER-Bundesliga,Stuttgart,73,74,73,72,€20M,€275.1M,Slow,Little,Short,Organised,Little,Safe,Little,Organised,Contain,Deep,Narrow,Cover,3,4,33,23.82,23.06,FIFA 21,2021-09-02
GER-Bundesliga,Stuttgart,74,73,74,73,€20M,€275.1M,Slow,Little,Short,Organised,Little,Safe,Little,Organised,Contain,Deep,Narrow,Cover,4,4,33,23.45,21.70,FIFA 22,2022-02-03
GER-Bundesliga,Stuttgart,73,74,73,73,€20.4M,€279.1M,Slow,Little,Short,Organised,Little,Safe,Little,Organised,Contain,Deep,Narrow,Cover,3,4,33,23.64,22.39,FIFA 23,2022-09-01
GER-Bundesliga,Stuttgart,74,75,73,75,€20.4M,€279.1M,Slow,Little,Short,Organised,Little,Safe,Little,Organised,Contain,Deep,Narrow,Cover,3,4,33,24.36,22.42,FIFA 23,2023-02-07
GER-Bundesliga,Stuttgart,73,76,73,73,€20.4M,€279.1M,Slow,Little,Short,Organised,Little,Safe,Little,Organised,Contain,Deep,Narrow,Cover,3,4,31,24.91,23.03,FC 24,2023-09-22
GER-Bundesliga,Stuttgart,75,78,74,74,€20.4M,€279.1M,Slow,Little,Short,Organised,Little,Safe,Little,Organised,Contain,Deep,Narrow,Cover,3,4,32,24.82,22.78,FC 24,2024-02-01
GER-Bundesliga,Stuttgart,76,80,76,74,€22.6M,€314M,Slow,Little,Short,Organised,Little,Safe,Little,Organised,Contain,Deep,Narrow,Cover,6,4,31,25.09,23.35,FC 25,2024-09-20
GER-Bundesliga,Stuttgart,77,80,76,76,€22.6M,€314M,Slow,Little,Short,Organised,Little,Safe,Little,Organised,Contain,Deep,Narrow,Cover,6,4,32,25.09,23.28,FC 25,2025-02-04
GER-Bundesliga,Stuttgart,77,77,78,76,€27.7M,€356M,Slow,Little,Short,Organised,Little,Safe,Little,Organised,Contain,Deep,Narrow,Cover,7,5,31,25.82,23.87,FC 26,2025-09-10
GER-Bundesliga,Stuttgart,77,80,77,76,€27.7M,€356M,Slow,Little,Short,Organised,Little,Safe,Little,Organised,Contain,Deep,Narrow,Cover,7,5,30,25.18,23.57,FC 26,2026-02-04
GER-Bundesliga,Stuttgart,77,80,78,76,€27.7M,€356M,Slow,Little,Short,Organised,Little,Safe,Little,Organised,Contain,Deep,Narrow,Cover,7,5,33,25.73,23.06,FC 26,2026-07-23
ENG-Premier League,Sunderland,75,72,76,75,€41.3M,€350M,Slow,Little,Short,Organised,Little,Safe,Little,Organised,Contain,Deep,Narrow,Cover,2,1,38,25.64,24.05,FC 26,2025-09-10
ENG-Premier League,Sunderland,77,76,77,79,€41.3M,€350M,Slow,Little,Short,Organised,Little,Safe,Little,Organised,Contain,Deep,Narrow,Cover,2,1,33,24.55,24.09,FC 26,2026-02-04
ENG-Premier League,Sunderland,77,76,78,78,€41.3M,€350M,Slow,Little,Short,Organised,Little,Safe,Little,Organised,Contain,Deep,Narrow,Cover,2,1,28,25.09,23.82,FC 26,2026-07-23
ITA-Serie A,Torino,76,76,74,77,€15.5M,€147M,Slow,Little,Short,Organised,Little,Safe,Little,Organised,Contain,Deep,Narrow,Cover,5,4,29,26.73,24.79,FIFA 21,2021-09-02
ITA-Serie A,Torino,75,75,73,76,€15.5M,€147M,Slow,Little,Short,Organised,Little,Safe,Little,Organised,Contain,Deep,Narrow,Cover,5,4,30,23.82,24.40,FIFA 22,2022-02-03
ITA-Serie A,Torino,74,74,75,74,€14.4M,€125M,Slow,Little,Short,Organised,Little,Safe,Little,Organised,Contain,Deep,Narrow,Cover,5,4,28,26.18,24.50,FIFA 23,2022-09-01
ITA-Serie A,Torino,74,76,74,74,€14.4M,€125M,Slow,Little,Short,Organised,Little,Safe,Little,Organised,Contain,Deep,Narrow,Cover,5,4,29,24.55,23.55,FIFA 23,2023-02-07
ITA-Serie A,Torino,75,76,74,76,€14.4M,€125M,Slow,Little,Short,Organised,Little,Safe,Little,Organised,Contain,Deep,Narrow,Cover,5,4,28,25.27,24.14,FC 24,2023-09-22
ITA-Serie A,Torino,75,78,75,75,€14.4M,€125M,Slow,Little,Short,Organised,Little,Safe,Little,Organised,Contain,Deep,Narrow,Cover,5,4,25,26.64,24.68,FC 24,2024-02-01
ITA-Serie A,Torino,76,78,76,74,€18.4M,€180M,Slow,Little,Short,Organised,Little,Safe,Little,Organised,Contain,Deep,Narrow,Cover,6,4,26,27.55,26.00,FC 25,2024-09-20
ITA-Serie A,Torino,76,75,77,74,€18.4M,€180M,Slow,Little,Short,Organised,Little,Safe,Little,Organised,Contain,Deep,Narrow,Cover,6,4,27,26.45,25.74,FC 25,2025-02-04
ITA-Serie A,Torino,76,78,75,75,€22M,€270.6M,Slow,Little,Short,Organised,Little,Safe,Little,Organised,Contain,Deep,Narrow,Cover,5,3,30,26.64,25.37,FC 26,2025-09-10
ITA-Serie A,Torino,76,78,74,76,€22M,€270.6M,Slow,Little,Short,Organised,Little,Safe,Little,Organised,Contain,Deep,Narrow,Cover,5,3,30,27.18,25.40,FC 26,2026-02-04
ITA-Serie A,Torino,75,78,73,74,€22M,€270.6M,Slow,Little,Short,Organised,Little,Safe,Little,Organised,Contain,Deep,Narrow,Cover,5,3,30,26.73,24.90,FC 26,2026-07-23
ENG-Premier League,Tottenham,82,89,82,81,€75M,€2.1B,Slow,Little,Short,Organised,Little,Safe,Little,Organised,Contain,Deep,Narrow,Cover,8,7,33,26.82,24.42,FIFA 21,2021-09-02
ENG-Premier League,Tottenham,81,83,79,79,€72.5M,€2.3B,Slow,Little,Short,Organised,Little,Safe,Little,Organised,Contain,Deep,Narrow,Cover,8,7,33,26.18,22.91,FIFA 22,2022-02-03
ENG-Premier League,Tottenham,82,84,81,79,€87M,€2.2B,Slow,Little,Short,Organised,Little,Safe,Little,Organised,Contain,Deep,Narrow,Cover,8,7,33,26.45,25.09,FIFA 23,2022-09-01
ENG-Premier League,Tottenham,82,84,82,80,€87M,€2.2B,Slow,Little,Short,Organised,Little,Safe,Little,Organised,Contain,Deep,Narrow,Cover,8,7,28,27.45,25.14,FIFA 23,2023-02-07
ENG-Premier League,Tottenham,81,81,80,79,€95.6M,€2.6B,Slow,Little,Short,Organised,Little,Safe,Little,Organised,Contain,Deep,Narrow,Cover,7,7,31,24.27,24.97,FC 24,2023-09-22
ENG-Premier League,Tottenham,81,81,81,80,€95.6M,€2.6B,Slow,Little,Short,Organised,Little,Safe,Little,Organised,Contain,Deep,Narrow,Cover,7,7,33,24.00,24.64,FC 24,2024-02-01
ENG-Premier League,Tottenham,81,81,81,82,€127M,€2.4B,Slow,Little,Short,Organised,Little,Safe,Little,Organised,Contain,Deep,Narrow,Cover,7,7,27,25.18,24.48,FC 25,2024-09-20
ENG-Premier League,Tottenham,81,80,82,76,€127M,€2.4B,Slow,Little,Short,Organised,Little,Safe,Little,Organised,Contain,Deep,Narrow,Cover,7,7,29,23.64,24.14,FC 25,2025-02-04
ENG-Premier League,Tottenham,81,79,80,80,€127M,€2.4B,Slow,Little,Short,Organised,Little,Safe,Little,Organised,Contain,Deep,Narrow,Cover,7,7,30,25.36,24.40,FC 26,2025-09-10
ENG-Premier League,Tottenham,81,79,79,81,€127M,€2.4B,Slow,Little,Short,Organised,Little,Safe,Little,Organised,Contain,Deep,Narrow,Cover,7,7,32,24.18,23.91,FC 26,2026-02-04
ENG-Premier League,Tottenham,80,79,80,80,€127M,€2.4B,Slow,Little,Short,Organised,Little,Safe,Little,Organised,Contain,Deep,Narrow,Cover,7,7,31,25.27,23.87,FC 26,2026-07-23
FRA-Ligue 1,Toulouse,71,70,71,71,€6.5M,€40M,Slow,Little,Short,Organised,Little,Safe,Little,Organised,Contain,Deep,Narrow,Cover,2,1,30,25.09,23.37,FIFA 23,2022-09-01
FRA-Ligue 1,Toulouse,72,71,74,71,€6.5M,€40M,Slow,Little,Short,Organised,Little,Safe,Little,Organised,Contain,Deep,Narrow,Cover,2,1,28,25.00,23.04,FIFA 23,2023-02-07
FRA-Ligue 1,Toulouse,71,75,71,72,€10.9M,€98M,Slow,Little,Short,Organised,Little,Safe,Little,Organised,Contain,Deep,Narrow,Cover,3,1,29,23.73,22.55,FC 24,2023-09-22
FRA-Ligue 1,Toulouse,72,75,72,72,€10.9M,€98M,Slow,Little,Short,Organised,Little,Safe,Little,Organised,Contain,Deep,Narrow,Cover,3,1,33,24.18,22.24,FC 24,2024-02-01
FRA-Ligue 1,Toulouse,73,74,72,73,€10.9M,€98M,Slow,Little,Short,Organised,Little,Safe,Little,Organised,Contain,Deep,Narrow,Cover,4,1,28,24.00,23.21,FC 25,2024-09-20
FRA-Ligue 1,Toulouse,73,74,73,73,€10.9M,€98M,Slow,Little,Short,Organised,Little,Safe,Little,Organised,Contain,Deep,Narrow,Cover,4,1,31,25.36,22.97,FC 25,2025-02-04
FRA-Ligue 1,Toulouse,72,70,70,73,€10.1M,€98M,Slow,Little,Short,Organised,Little,Safe,Little,Organised,Contain,Deep,Narrow,Cover,4,1,32,23.27,21.88,FC 26,2025-09-10
FRA-Ligue 1,Toulouse,72,72,71,74,€10.1M,€98M,Slow,Little,Short,Organised,Little,Safe,Little,Organised,Contain,Deep,Narrow,Cover,4,1,31,24.00,21.87,FC 26,2026-02-04
FRA-Ligue 1,Toulouse,73,73,73,73,€10.1M,€98M,Slow,Little,Short,Organised,Little,Safe,Little,Organised,Contain,Deep,Narrow,Cover,4,1,31,23.64,21.97,FC 26,2026-07-23
FRA-Ligue 1,Troyes,72,71,73,71,€5.9M,€40M,Slow,Little,Short,Organised,Little,Safe,Little,Organised,Contain,Deep,Narrow,Cover,1,1,33,29.18,25.30,FIFA 22,2022-02-03
FRA-Ligue 1,Troyes,71,71,72,69,€5.9M,€40M,Slow,Little,Short,Organised,Little,Safe,Little,Organised,Contain,Deep,Narrow,Cover,2,1,28,26.27,24.93,FIFA 23,2022-09-01
FRA-Ligue 1,Troyes,72,73,72,70,€5.9M,€40M,Slow,Little,Short,Organised,Little,Safe,Little,Organised,Contain,Deep,Narrow,Cover,2,1,31,24.64,24.26,FIFA 23,2023-02-07
ITA-Serie A,Udinese,75,76,75,72,€8M,€102M,Slow,Little,Short,Organised,Little,Safe,Little,Organised,Contain,Deep,Narrow,Cover,4,3,28,27.18,26.43,FIFA 21,2021-09-02
ITA-Serie A,Udinese,74,75,73,74,€8M,€102M,Slow,Little,Short,Organised,Little,Safe,Little,Organised,Contain,Deep,Narrow,Cover,4,3,24,25.82,26.08,FIFA 22,2022-02-03
ITA-Serie A,Udinese,75,77,73,74,€12.2M,€160M,Slow,Little,Short,Organised,Little,Safe,Little,Organised,Contain,Deep,Narrow,Cover,4,3,26,26.45,25.73,FIFA 23,2022-09-01
ITA-Serie A,Udinese,75,75,75,74,€12.2M,€160M,Slow,Little,Short,Organised,Little,Safe,Little,Organised,Contain,Deep,Narrow,Cover,4,3,25,25.82,24.64,FIFA 23,2023-02-07
ITA-Serie A,Udinese,74,74,73,74,€12.2M,€160M,Slow,Little,Short,Organised,Little,Safe,Little,Organised,Contain,Deep,Narrow,Cover,4,3,33,25.64,24.67,FC 24,2023-09-22
ITA-Serie A,Udinese,74,75,75,71,€12.2M,€160M,Slow,Little,Short,Organised,Little,Safe,Little,Organised,Contain,Deep,Narrow,Cover,4,3,33,24.45,24.67,FC 24,2024-02-01
ITA-Serie A,Udinese,72,76,71,72,€12.3M,€130M,Slow,Little,Short,Organised,Little,Safe,Little,Organised,Contain,Deep,Narrow,Cover,3,3,27,27.55,25.70,FC 25,2024-09-20
ITA-Serie A,Udinese,73,74,73,73,€12.3M,€130M,Slow,Little,Short,Organised,Little,Safe,Little,Organised,Contain,Deep,Narrow,Cover,3,3,30,26.00,25.40,FC 25,2025-02-04
ITA-Serie A,Udinese,73,71,73,72,€16.5M,€240.2M,Slow,Little,Short,Organised,Little,Safe,Little,Organised,Contain,Deep,Narrow,Cover,4,2,27,25.64,25.56,FC 26,2025-09-10
ITA-Serie A,Udinese,73,73,73,73,€16.5M,€240.2M,Slow,Little,Short,Organised,Little,Safe,Little,Organised,Contain,Deep,Narrow,Cover,4,2,29,26.64,25.07,FC 26,2026-02-04
ITA-Serie A,Udinese,73,73,73,73,€16.5M,€240.2M,Slow,Little,Short,Organised,Little,Safe,Little,Organised,Contain,Deep,Narrow,Cover,4,2,26,27.00,24.85,FC 26,2026-07-23
GER-Bundesliga,Union Berlin,73,75,72,73,€6.5M,€65.5M,Slow,Little,Short,Organised,Little,Safe,Little,Organised,Contain,Deep,Narrow,Cover,2,1,29,27.27,25.48,FIFA 21,2021-09-02
GER-Bundesliga,Union Berlin,73,73,73,73,€6.5M,€85.5M,Slow,Little,Short,Organised,Little,Safe,Little,Organised,Contain,Deep,Narrow,Cover,3,2,27,28.18,26.59,FIFA 22,2022-02-03
GER-Bundesliga,Union Berlin,74,74,73,74,€12.2M,€95.5M,Slow,Little,Short,Organised,Little,Safe,Little,Organised,Contain,Deep,Narrow,Cover,3,3,33,28.18,26.06,FIFA 23,2022-09-01
GER-Bundesliga,Union Berlin,75,76,74,75,€12.2M,€95.5M,Slow,Little,Short,Organised,Little,Safe,Little,Organised,Contain,Deep,Narrow,Cover,3,3,28,27.64,26.29,FIFA 23,2023-02-07
GER-Bundesliga,Union Berlin,77,77,75,77,€15M,€135M,Slow,Little,Short,Organised,Little,Safe,Little,Organised,Contain,Deep,Narrow,Cover,5,4,28,27.45,26.54,FC 24,2023-09-22
GER-Bundesliga,Union Berlin,76,76,75,77,€15M,€135M,Slow,Little,Short,Organised,Little,Safe,Little,Organised,Contain,Deep,Narrow,Cover,5,4,27,29.09,26.78,FC 24,2024-02-01
GER-Bundesliga,Union Berlin,75,75,74,75,€17M,€135M,Slow,Little,Short,Organised,Little,Safe,Little,Organised,Contain,Deep,Narrow,Cover,5,4,29,27.82,26.17,FC 25,2024-09-20
GER-Bundesliga,Union Berlin,75,74,73,76,€17M,€135M,Slow,Little,Short,Organised,Little,Safe,Little,Organised,Contain,Deep,Narrow,Cover,5,4,29,26.73,26.17,FC 25,2025-02-04
GER-Bundesliga,Union Berlin,75,72,74,75,€17.9M,€148.4M,Slow,Little,Short,Organised,Little,Safe,Little,Organised,Contain,Deep,Narrow,Cover,5,4,29,28.55,25.45,FC 26,2025-09-10
GER-Bundesliga,Union Berlin,75,74,74,76,€17.9M,€148.4M,Slow,Little,Short,Organised,Little,Safe,Little,Organised,Contain,Deep,Narrow,Cover,5,4,27,26.45,25.63,FC 26,2026-02-04
GER-Bundesliga,Union Berlin,74,74,74,76,€17.9M,€148.4M,Slow,Little,Short,Organised,Little,Safe,Little,Organised,Contain,Deep,Narrow,Cover,5,4,27,26.18,25.41,FC 26,2026-07-23
ESP-La Liga,Valencia,77,77,78,77,€60M,€530M,Slow,Little,Short,Organised,Little,Safe,Little,Organised,Contain,Deep,Narrow,Cover,8,6,33,24.27,23.55,FIFA 21,2021-09-02
ESP-La Liga,Valencia,77,78,77,78,€60M,€530M,Slow,Little,Short,Organised,Little,Safe,Little,Organised,Contain,Deep,Narrow,Cover,8,6,33,25.45,22.45,FIFA 22,2022-02-03
ESP-La Liga,Valencia,76,76,76,76,€60M,€530M,Slow,Little,Short,Organised,Little,Safe,Little,Organised,Contain,Deep,Narrow,Cover,7,6,33,24.73,22.82,FIFA 23,2022-09-01
ESP-La Liga,Valencia,76,78,74,77,€60M,€530M,Slow,Little,Short,Organised,Little,Safe,Little,Organised,Contain,Deep,Narrow,Cover,7,6,33,24.00,23.39,FIFA 23,2023-02-07
ESP-La Liga,Valencia,75,74,74,76,€60M,€530M,Slow,Little,Short,Organised,Little,Safe,Little,Organised,Contain,Deep,Narrow,Cover,7,6,29,24.09,23.31,FC 24,2023-09-22
ESP-La Liga,Valencia,75,75,74,76,€60M,€530M,Slow,Little,Short,Organised,Little,Safe,Little,Organised,Contain,Deep,Narrow,Cover,7,6,33,23.27,22.85,FC 24,2024-02-01
ESP-La Liga,Valencia,77,78,75,76,€60M,€530M,Slow,Little,Short,Organised,Little,Safe,Little,Organised,Contain,Deep,Narrow,Cover,7,6,33,23.55,23.70,FC 25,2024-09-20
ESP-La Liga,Valencia,77,76,75,75,€60M,€530M,Slow,Little,Short,Organised,Little,Safe,Little,Organised,Contain,Deep,Narrow,Cover,7,6,34,24.18,23.65,FC 25,2025-02-04
ESP-La Liga,Valencia,76,77,76,76,€38.3M,€450M,Slow,Little,Short,Organised,Little,Safe,Little,Organised,Contain,Deep,Narrow,Cover,7,6,24,27.27,26.46,FC 26,2025-09-10
ESP-La Liga,Valencia,76,76,76,75,€38.3M,€450M,Slow,Little,Short,Organised,Little,Safe,Little,Organised,Contain,Deep,Narrow,Cover,7,6,29,26.91,25.55,FC 26,2026-02-04
ESP-La Liga,Valencia,76,76,75,74,€38.3M,€450M,Slow,Little,Short,Organised,Little,Safe,Little,Organised,Contain,Deep,Narrow,Cover,7,6,31,27.18,25.94,FC 26,2026-07-23
ESP-La Liga,Valladolid,75,76,76,74,€3.1M,€8.9M,Slow,Little,Short,Organised,Little,Safe,Little,Organised,Contain,Deep,Narrow,Cover,2,1,33,27.64,26.27,FIFA 21,2021-09-02
ESP-La Liga,Valladolid,74,74,74,74,€3.5M,€11M,Slow,Little,Short,Organised,Little,Safe,Little,Organised,Contain,Deep,Narrow,Cover,4,1,33,27.55,26.12,FIFA 23,2022-09-01
ESP-La Liga,Valladolid,75,74,75,74,€3.5M,€11M,Slow,Little,Short,Organised,Little,Safe,Little,Organised,Contain,Deep,Narrow,Cover,4,1,33,28.00,25.36,FIFA 23,2023-02-07
ESP-La Liga,Valladolid,72,72,72,72,€3.5M,€11M,Slow,Little,Short,Organised,Little,Safe,Little,Organised,Contain,Deep,Narrow,Cover,2,1,31,26.45,24.65,FC 25,2024-09-20
ESP-La Liga,Valladolid,72,71,72,72,€3.5M,€11M,Slow,Little,Short,Organised,Little,Safe,Little,Organised,Contain,Deep,Narrow,Cover,2,1,28,26.09,24.39,FC 25,2025-02-04
ITA-Serie A,Venezia,73,73,72,72,€4M,€14M,Slow,Little,Short,Organised,Little,Safe,Little,Organised,Contain,Deep,Narrow,Cover,2,1,31,25.27,25.81,FIFA 22,2022-02-03
ITA-Serie A,Venezia,71,72,70,68,€5.9M,€40M,Slow,Little,Short,Organised,Little,Safe,Little,Organised,Contain,Deep,Narrow,Cover,1,1,29,26.09,25.03,FC 25,2024-09-20
ITA-Serie A,Venezia,71,71,71,68,€5.9M,€40M,Slow,Little,Short,Organised,Little,Safe,Little,Organised,Contain,Deep,Narrow,Cover,1,1,29,26.09,24.90,FC 25,2025-02-04
ESP-La Liga,Villarreal,80,82,79,79,€32.9M,€370M,Slow,Little,Short,Organised,Little,Safe,Little,Organised,Contain,Deep,Narrow,Cover,8,7,33,27.36,25.48,FIFA 21,2021-09-02
ESP-La Liga,Villarreal,80,83,80,79,€32.9M,€370M,Slow,Little,Short,Organised,Little,Safe,Little,Organised,Contain,Deep,Narrow,Cover,8,7,33,27.27,26.24,FIFA 22,2022-02-03
ESP-La Liga,Villarreal,80,81,80,80,€32.9M,€370M,Slow,Little,Short,Organised,Little,Safe,Little,Organised,Contain,Deep,Narrow,Cover,8,7,26,28.45,27.38,FIFA 23,2022-09-01
ESP-La Liga,Villarreal,80,82,80,79,€32.9M,€370M,Slow,Little,Short,Organised,Little,Safe,Little,Organised,Contain,Deep,Narrow,Cover,8,7,22,30.82,27.77,FIFA 23,2023-02-07
ESP-La Liga,Villarreal,79,79,80,77,€32.9M,€370M,Slow,Little,Short,Organised,Little,Safe,Little,Organised,Contain,Deep,Narrow,Cover,8,7,25,27.55,27.80,FC 24,2023-09-22
ESP-La Liga,Villarreal,78,78,80,77,€32.9M,€370M,Slow,Little,Short,Organised,Little,Safe,Little,Organised,Contain,Deep,Narrow,Cover,8,7,25,27.27,28.00,FC 24,2024-02-01
ESP-La Liga,Villarreal,77,80,77,78,€32.9M,€370M,Slow,Little,Short,Organised,Little,Safe,Little,Organised,Contain,Deep,Narrow,Cover,8,7,29,28.45,25.31,FC 25,2024-09-20
ESP-La Liga,Villarreal,78,79,79,76,€32.9M,€370M,Slow,Little,Short,Organised,Little,Safe,Little,Organised,Contain,Deep,Narrow,Cover,8,7,29,27.18,25.41,FC 25,2025-02-04
ESP-La Liga,Villarreal,78,82,79,76,€35M,€400M,Slow,Little,Short,Organised,Little,Safe,Little,Organised,Contain,Deep,Narrow,Cover,8,7,27,27.36,25.30,FC 26,2025-09-10
ESP-La Liga,Villarreal,79,80,79,75,€35M,€400M,Slow,Little,Short,Organised,Little,Safe,Little,Organised,Contain,Deep,Narrow,Cover,8,7,27,25.00,25.04,FC 26,2026-02-04
ESP-La Liga,Villarreal,79,80,80,77,€35M,€400M,Slow,Little,Short,Organised,Little,Safe,Little,Organised,Contain,Deep,Narrow,Cover,8,7,31,25.36,24.52,FC 26,2026-07-23
ENG-Premier League,Watford,75,75,76,74,€30M,€380.5M,Slow,Little,Short,Organised,Little,Safe,Little,Organised,Contain,Deep,Narrow,Cover,3,2,33,27.27,26.48,FIFA 22,2022-02-03
GER-Bundesliga,Werder Bremen,74,73,74,75,€12M,€141.7M,Slow,Little,Short,Organised,Little,Safe,Little,Organised,Contain,Deep,Narrow,Cover,5,3,30,25.64,23.60,FIFA 21,2021-09-02
GER-Bundesliga,Werder Bremen,73,75,71,73,€11.2M,€141.7M,Slow,Little,Short,Organised,Little,Safe,Little,Organised,Contain,Deep,Narrow,Cover,2,3,30,27.73,23.93,FIFA 23,2022-09-01
GER-Bundesliga,Werder Bremen,73,75,72,74,€11.2M,€141.7M,Slow,Little,Short,Organised,Little,Safe,Little,Organised,Contain,Deep,Narrow,Cover,2,3,26,27.45,24.38,FIFA 23,2023-02-07
GER-Bundesliga,Werder Bremen,74,75,74,74,€12.8M,€151.7M,Slow,Little,Short,Organised,Little,Safe,Little,Organised,Contain,Deep,Narrow,Cover,3,3,27,27.45,25.26,FC 24,2023-09-22
GER-Bundesliga,Werder Bremen,74,77,74,73,€12.8M,€151.7M,Slow,Little,Short,Organised,Little,Safe,Little,Organised,Contain,Deep,Narrow,Cover,3,3,31,26.91,24.84,FC 24,2024-02-01
GER-Bundesliga,Werder Bremen,74,75,74,74,€15.3M,€179.4M,Slow,Little,Short,Organised,Little,Safe,Little,Organised,Contain,Deep,Narrow,Cover,4,3,27,27.09,25.52,FC 25,2024-09-20
GER-Bundesliga,Werder Bremen,74,76,75,74,€15.3M,€179.4M,Slow,Little,Short,Organised,Little,Safe,Little,Organised,Contain,Deep,Narrow,Cover,4,3,27,27.36,24.96,FC 25,2025-02-04
GER-Bundesliga,Werder Bremen,74,75,75,75,€14M,€202M,Slow,Little,Short,Organised,Little,Safe,Little,Organised,Contain,Deep,Narrow,Cover,4,3,30,25.27,23.97,FC 26,2025-09-10
GER-Bundesliga,Werder Bremen,75,74,76,74,€14M,€202M,Slow,Little,Short,Organised,Little,Safe,Little,Organised,Contain,Deep,Narrow,Cover,4,3,33,24.73,23.82,FC 26,2026-02-04
GER-Bundesliga,Werder Bremen,75,73,76,74,€14M,€202M,Slow,Little,Short,Organised,Little,Safe,Little,Organised,Contain,Deep,Narrow,Cover,4,3,31,24.00,23.94,FC 26,2026-07-23
ENG-Premier League,West Bromwich Albion,73,74,74,72,€18.4M,€180M,Slow,Little,Short,Organised,Little,Safe,Little,Organised,Contain,Deep,Narrow,Cover,9,1,30,25.64,25.80,FIFA 21,2021-09-02
ENG-Premier League,West Ham,78,79,79,77,€35M,€568.5M,Slow,Little,Short,Organised,Little,Safe,Little,Organised,Contain,Deep,Narrow,Cover,4,4,33,27.73,24.82,FIFA 21,2021-09-02
ENG-Premier League,West Ham,79,80,79,77,€35M,€565M,Slow,Little,Short,Organised,Little,Safe,Little,Organised,Contain,Deep,Narrow,Cover,5,4,33,27.82,25.61,FIFA 22,2022-02-03
ENG-Premier League,West Ham,79,79,80,79,€53.9M,€858.5M,Slow,Little,Short,Organised,Little,Safe,Little,Organised,Contain,Deep,Narrow,Cover,6,5,33,28.45,25.24,FIFA 23,2022-09-01
ENG-Premier League,West Ham,79,79,80,78,€53.9M,€858.5M,Slow,Little,Short,Organised,Little,Safe,Little,Organised,Contain,Deep,Narrow,Cover,6,5,29,27.09,25.34,FIFA 23,2023-02-07
ENG-Premier League,West Ham,78,78,79,78,€55M,€993.6M,Slow,Little,Short,Organised,Little,Safe,Little,Organised,Contain,Deep,Narrow,Cover,6,6,33,27.91,25.30,FC 24,2023-09-22
ENG-Premier League,West Ham,78,79,79,77,€55M,€993.6M,Slow,Little,Short,Organised,Little,Safe,Little,Organised,Contain,Deep,Narrow,Cover,6,6,33,27.00,25.12,FC 24,2024-02-01
ENG-Premier League,West Ham,79,80,81,78,€82.5M,€915.3M,Slow,Little,Short,Organised,Little,Safe,Little,Organised,Contain,Deep,Narrow,Cover,6,6,25,28.45,27.56,FC 25,2024-09-20
ENG-Premier League,West Ham,79,74,79,77,€82.5M,€915.3M,Slow,Little,Short,Organised,Little,Safe,Little,Organised,Contain,Deep,Narrow,Cover,6,6,26,27.64,27.15,FC 25,2025-02-04
ENG-Premier League,West Ham,78,80,78,77,€70.6M,€915.3M,Slow,Little,Short,Organised,Little,Safe,Little,Organised,Contain,Deep,Narrow,Cover,3,4,30,27.27,25.73,FC 26,2025-09-10
ENG-Premier League,West Ham,77,78,77,76,€70.6M,€915.3M,Slow,Little,Short,Organised,Little,Safe,Little,Organised,Contain,Deep,Narrow,Cover,3,4,27,25.18,25.37,FC 26,2026-02-04
ENG-Premier League,West Ham,77,76,78,77,€70.6M,€915.3M,Slow,Little,Short,Organised,Little,Safe,Little,Organised,Contain,Deep,Narrow,Cover,3,4,25,24.91,25.04,FC 26,2026-07-23
GER-Bundesliga,Wolfsburg,78,78,78,77,€40M,€329.1M,Slow,Little,Short,Organised,Little,Safe,Little,Organised,Contain,Deep,Narrow,Cover,6,5,29,24.91,24.31,FIFA 21,2021-09-02
GER-Bundesliga,Wolfsburg,78,74,78,77,€40M,€349.1M,Slow,Little,Short,Organised,Little,Safe,Little,Organised,Contain,Deep,Narrow,Cover,7,5,29,25.27,23.93,FIFA 22,2022-02-03
GER-Bundesliga,Wolfsburg,77,77,76,76,€41.2M,€349.1M,Slow,Little,Short,Organised,Little,Safe,Little,Organised,Contain,Deep,Narrow,Cover,6,5,33,25.45,24.27,FIFA 23,2022-09-01
GER-Bundesliga,Wolfsburg,76,76,76,76,€41.2M,€349.1M,Slow,Little,Short,Organised,Little,Safe,Little,Organised,Contain,Deep,Narrow,Cover,6,5,27,24.18,23.37,FIFA 23,2023-02-07
GER-Bundesliga,Wolfsburg,77,76,78,75,€41.2M,€349.1M,Slow,Little,Short,Organised,Little,Safe,Little,Organised,Contain,Deep,Narrow,Cover,6,5,31,25.36,23.61,FC 24,2023-09-22
GER-Bundesliga,Wolfsburg,77,76,78,75,€41.2M,€349.1M,Slow,Little,Short,Organised,Little,Safe,Little,Organised,Contain,Deep,Narrow,Cover,6,5,31,25.27,23.55,FC 24,2024-02-01
GER-Bundesliga,Wolfsburg,76,76,76,75,€40.5M,€340.2M,Slow,Little,Short,Organised,Little,Safe,Little,Organised,Contain,Deep,Narrow,Cover,6,5,33,25.45,24.27,FC 25,2024-09-20
GER-Bundesliga,Wolfsburg,77,77,75,75,€40.5M,€340.2M,Slow,Little,Short,Organised,Little,Safe,Little,Organised,Contain,Deep,Narrow,Cover,6,5,32,24.73,24.16,FC 25,2025-02-04
GER-Bundesliga,Wolfsburg,77,78,77,76,€40.4M,€338.9M,Slow,Little,Short,Organised,Little,Safe,Little,Organised,Contain,Deep,Narrow,Cover,6,4,28,25.91,24.89,FC 26,2025-09-10
GER-Bundesliga,Wolfsburg,76,80,76,75,€40.4M,€338.9M,Slow,Little,Short,Organised,Little,Safe,Little,Organised,Contain,Deep,Narrow,Cover,6,4,35,25.36,23.74,FC 26,2026-02-04
GER-Bundesliga,Wolfsburg,76,76,76,74,€40.4M,€338.9M,Slow,Little,Short,Organised,Little,Safe,Little,Organised,Contain,Deep,Narrow,Cover,6,4,36,24.73,23.72,FC 26,2026-07-23
ENG-Premier League,Wolves,79,77,81,78,€45M,€400M,Slow,Little,Short,Organised,Little,Safe,Little,Organised,Contain,Deep,Narrow,Cover,5,4,33,25.45,23.06,FIFA 21,2021-09-02
ENG-Premier League,Wolves,78,78,82,78,€45M,€416.5M,Slow,Little,Short,Organised,Little,Safe,Little,Organised,Contain,Deep,Narrow,Cover,5,4,33,26.55,23.58,FIFA 22,2022-02-03
ENG-Premier League,Wolves,78,79,79,77,€45.8M,€416.5M,Slow,Little,Short,Organised,Little,Safe,Little,Organised,Contain,Deep,Narrow,Cover,5,4,33,25.91,23.85,FIFA 23,2022-09-01
ENG-Premier League,Wolves,78,78,80,74,€45.8M,€416.5M,Slow,Little,Short,Organised,Little,Safe,Little,Organised,Contain,Deep,Narrow,Cover,5,4,33,26.36,24.30,FIFA 23,2023-02-07
ENG-Premier League,Wolves,76,75,77,76,€40.5M,€416.5M,Slow,Little,Short,Organised,Little,Safe,Little,Organised,Contain,Deep,Narrow,Cover,4,3,27,26.27,24.93,FC 24,2023-09-22
ENG-Premier League,Wolves,76,77,76,76,€40.5M,€416.5M,Slow,Little,Short,Organised,Little,Safe,Little,Organised,Contain,Deep,Narrow,Cover,4,3,31,26.27,24.06,FC 24,2024-02-01
ENG-Premier League,Wolves,77,76,77,75,€53.5M,€550M,Slow,Little,Short,Organised,Little,Safe,Little,Organised,Contain,Deep,Narrow,Cover,4,3,31,26.36,25.00,FC 25,2024-09-20
ENG-Premier League,Wolves,76,77,76,76,€53.5M,€550M,Slow,Little,Short,Organised,Little,Safe,Little,Organised,Contain,Deep,Narrow,Cover,4,3,32,26.09,25.13,FC 25,2025-02-04
ENG-Premier League,Wolves,76,76,77,75,€53.5M,€550M,Slow,Little,Short,Organised,Little,Safe,Little,Organised,Contain,Deep,Narrow,Cover,4,4,27,26.55,25.19,FC 26,2025-09-10
ENG-Premier League,Wolves,76,76,75,75,€53.5M,€550M,Slow,Little,Short,Organised,Little,Safe,Little,Organised,Contain,Deep,Narrow,Cover,4,4,27,25.00,24.70,FC 26,2026-02-04
ENG-Premier League,Wolves,75,74,75,74,€53.5M,€550M,Slow,Little,Short,Organised,Little,Safe,Little,Organised,Contain,Deep,Narrow,Cover,4,4,23,24.45,24.91,FC 26,2026-07-23
