date,league,season,home_team,away_team,home_elo_missing,away_elo_missing,home_squad_rating_missing,away_squad_rating_missing,prob_A,prob_D,prob_H,predicted,predicted_argmax,confidence
2026-07-28,INT-Champions League,2627,NK Celje,FK Egnatia,False,False,True,True,0.2685,0.2736,0.4579,H,H,0.4579
2026-07-29,INT-Champions League,2627,FC Kairat,AC Omonia,True,False,True,True,0.3844,0.286,0.3296,D,A,0.3844
2026-07-29,INT-Champions League,2627,Lech Poznań,AGF,False,False,True,True,0.2806,0.2704,0.449,H,H,0.449
2026-08-04,INT-Champions League,2627,Ararat-Armenia,NK Celje,False,False,True,True,0.4052,0.2718,0.323,A,A,0.4052
2026-08-04,INT-Champions League,2627,H. Be'er Sheva,Red Star,False,False,True,True,0.3052,0.2903,0.4045,H,H,0.4045
2026-08-04,INT-Champions League,2627,Dinamo Zagreb,Kauno Žalgiris,False,False,True,True,0.243,0.2836,0.4734,H,H,0.4734
2026-08-04,INT-Champions League,2627,Union SG,Bodø/Glimt,True,False,True,True,0.5017,0.2442,0.254,A,A,0.5017
2026-08-04,INT-Champions League,2627,Levski Sofia,FC Kairat,False,True,True,True,0.2581,0.2859,0.456,H,H,0.456
2026-08-04,INT-Champions League,2627,Sparta Prague,Lyon,False,False,True,True,0.4674,0.269,0.2636,A,A,0.4674
2026-08-04,INT-Champions League,2627,Mjällby,Slovan Bratislava,False,False,True,True,0.224,0.2655,0.5105,H,H,0.5105
2026-08-04,INT-Champions League,2627,Olympiacos,NEC Nijmegen,False,False,True,True,0.2445,0.3052,0.4503,H,H,0.4503
2026-08-05,INT-Champions League,2627,Fenerbahçe,Sturm Graz,False,False,True,True,0.2224,0.2709,0.5067,H,H,0.5067
2026-08-05,INT-Champions League,2627,AGF,Sabah FK,False,False,True,True,0.2854,0.2777,0.4369,H,H,0.4369
2026-08-11,INT-Champions League,2627,Kauno Žalgiris,Dinamo Zagreb,False,False,True,True,0.4205,0.2629,0.3167,A,A,0.4205
2026-08-11,INT-Champions League,2627,Bodø/Glimt,Union SG,False,True,True,True,0.1851,0.2378,0.577,H,H,0.577
2026-08-11,INT-Champions League,2627,NK Celje,Ararat-Armenia,False,False,True,True,0.2546,0.2843,0.4612,H,H,0.4612
2026-08-11,INT-Champions League,2627,FC Kairat,Levski Sofia,True,False,True,True,0.3564,0.2827,0.3609,D,H,0.3609
2026-08-11,INT-Champions League,2627,Lyon,Sparta Prague,False,False,True,True,0.1619,0.2248,0.6132,H,H,0.6132
2026-08-11,INT-Champions League,2627,Sturm Graz,Fenerbahçe,False,False,True,True,0.4252,0.2655,0.3093,A,A,0.4252
2026-08-11,INT-Champions League,2627,NEC Nijmegen,Olympiacos,False,False,True,True,0.4258,0.2747,0.2995,A,A,0.4258
2026-08-11,INT-Champions League,2627,Slovan Bratislava,Mjällby,False,False,True,True,0.4462,0.266,0.2878,A,A,0.4462
2026-08-11,INT-Champions League,2627,Red Star,H. Be'er Sheva,False,False,True,True,0.3044,0.2836,0.412,H,H,0.412
2026-08-11,INT-Champions League,2627,Sabah FK,AGF,False,False,True,True,0.3511,0.2674,0.3815,D,H,0.3815
2026-08-15,ESP-La Liga,2627,Alavés,Getafe,False,False,False,False,0.3061,0.3135,0.3804,D,H,0.3804
2026-08-15,ESP-La Liga,2627,Sevilla,Rayo Vallecano,False,False,False,False,0.3614,0.2942,0.3445,D,A,0.3614
2026-08-16,ESP-La Liga,2627,Racing Sant,Villarreal,True,False,True,False,0.3848,0.2589,0.3563,D,A,0.3848
2026-08-16,ESP-La Liga,2627,Espanyol,Levante,False,False,False,False,0.2839,0.3093,0.4068,H,H,0.4068
2026-08-16,ESP-La Liga,2627,Celta Vigo,Osasuna,False,False,False,False,0.241,0.2825,0.4764,H,H,0.4764
2026-08-17,ESP-La Liga,2627,Dep. A Coruña,Elche,False,False,True,False,0.2823,0.2777,0.44,H,H,0.44
2026-08-18,INT-Champions League,2627,Celtic,LASK,False,False,True,True,0.2648,0.3169,0.4183,H,H,0.4183
2026-08-19,ESP-La Liga,2627,Atlético Madrid,Málaga,False,False,False,True,0.1604,0.1702,0.6694,H,H,0.6694
2026-08-20,ESP-La Liga,2627,Rayo Vallecano,Alavés,False,False,False,False,0.2181,0.2574,0.5245,H,H,0.5245
2026-08-21,FRA-Ligue 1,2627,Marseille,Strasbourg,False,False,False,False,0.2794,0.2414,0.4792,H,H,0.4792
2026-08-21,ESP-La Liga,2627,Real Betis,Real Sociedad,False,False,False,False,0.2188,0.2683,0.5129,H,H,0.5129
2026-08-21,ENG-Premier League,2627,Arsenal,Coventry City,False,True,False,True,0.1252,0.1649,0.7099,H,H,0.7099
2026-08-22,ITA-Serie A,2627,Parma,Cagliari,False,False,False,False,0.2877,0.3368,0.3755,D,H,0.3755
2026-08-22,ESP-La Liga,2627,Athletic Club,Sevilla,False,False,False,False,0.2295,0.2592,0.5113,H,H,0.5113
2026-08-22,ENG-Premier League,2627,Ipswich Town,Sunderland,False,False,False,False,0.4168,0.2947,0.2885,A,A,0.4168
2026-08-22,FRA-Ligue 1,2627,Lens,Auxerre,False,False,False,False,0.1858,0.2448,0.5694,H,H,0.5694
2026-08-22,FRA-Ligue 1,2627,Nice,Lorient,False,False,False,False,0.2985,0.3037,0.3978,H,H,0.3978
2026-08-22,FRA-Ligue 1,2627,Toulouse,Lyon,False,False,False,True,0.334,0.3011,0.3649,D,H,0.3649
2026-08-22,FRA-Ligue 1,2627,Troyes,Paris FC,False,False,False,False,0.4252,0.304,0.2707,A,A,0.4252
2026-08-22,ENG-Premier League,2627,Nottingham,Leeds United,False,False,False,False,0.2501,0.2506,0.4993,H,H,0.4993
2026-08-22,ITA-Serie A,2627,Udinese,Como,False,False,False,False,0.4776,0.2535,0.2689,A,A,0.4776
2026-08-22,ESP-La Liga,2627,Espanyol,Real Madrid,False,False,False,False,0.6307,0.2074,0.162,A,A,0.6307
2026-08-22,ITA-Serie A,2627,Inter,Monza,False,False,False,False,0.076,0.1191,0.8049,H,H,0.8049
2026-08-22,ENG-Premier League,2627,Hull City,Manchester Utd,True,False,True,False,0.4363,0.2309,0.3328,A,A,0.4363
2026-08-22,ENG-Premier League,2627,Everton,Crystal Palace,False,False,False,False,0.2851,0.2785,0.4364,H,H,0.4364
2026-08-22,ENG-Premier League,2627,Brentford,Tottenham,False,False,False,False,0.2711,0.2452,0.4837,H,H,0.4837
2026-08-22,FRA-Ligue 1,2627,Le Mans,Brest,False,False,True,True,0.3784,0.2892,0.3324,D,A,0.3784
2026-08-22,ITA-Serie A,2627,Genoa,Napoli,False,False,False,False,0.5656,0.2382,0.1962,A,A,0.5656
2026-08-22,ESP-La Liga,2627,Valencia,Celta Vigo,False,False,False,False,0.2977,0.2734,0.429,H,H,0.429
2026-08-23,ESP-La Liga,2627,Atlético Madrid,Villarreal,False,False,False,False,0.2331,0.1977,0.5692,H,H,0.5692
2026-08-23,ITA-Serie A,2627,Atalanta,Sassuolo,False,False,False,False,0.1687,0.2446,0.5867,H,H,0.5867
2026-08-23,ENG-Premier League,2627,Newcastle,Liverpool,False,False,False,False,0.3905,0.2433,0.3662,D,A,0.3905
2026-08-23,ENG-Premier League,2627,Brighton,Aston Villa,False,False,False,False,0.3707,0.2598,0.3696,D,A,0.3707
2026-08-23,ESP-La Liga,2627,Elche,Barcelona,False,False,False,False,0.6671,0.1804,0.1526,A,A,0.6671
2026-08-23,ITA-Serie A,2627,Venezia,Lecce,False,False,False,False,0.2975,0.3482,0.3542,D,H,0.3542
2026-08-23,ESP-La Liga,2627,Getafe,Racing Sant,False,True,False,True,0.3007,0.311,0.3883,D,H,0.3883
2026-08-23,FRA-Ligue 1,2627,Le Havre,Monaco,False,False,False,False,0.4886,0.2784,0.233,A,A,0.4886
2026-08-23,FRA-Ligue 1,2627,PSG,Rennes,False,False,False,False,0.1146,0.1535,0.7319,H,H,0.7319
2026-08-23,ITA-Serie A,2627,Torino,Milan,False,False,False,False,0.5006,0.2538,0.2456,A,A,0.5006
2026-08-23,ITA-Serie A,2627,Frosinone,Juventus,False,False,False,False,0.5714,0.2391,0.1895,A,A,0.5714
2026-08-23,FRA-Ligue 1,2627,Angers,Lille,False,False,False,False,0.5109,0.2679,0.2213,A,A,0.5109
2026-08-23,ENG-Premier League,2627,Manchester City,Bournemouth,False,False,False,False,0.1504,0.1757,0.6739,H,H,0.6739
2026-08-24,ENG-Premier League,2627,Fulham,Chelsea,False,False,False,False,0.2764,0.2722,0.4515,H,H,0.4515
2026-08-24,ESP-La Liga,2627,Osasuna,Levante,False,False,False,False,0.3013,0.2839,0.4148,H,H,0.4148
2026-08-24,ESP-La Liga,2627,Málaga,Dep. A Coruña,False,False,True,True,0.2663,0.3335,0.4001,D,H,0.4001
2026-08-24,ITA-Serie A,2627,Bologna,Lazio,False,False,False,False,0.2989,0.2889,0.4121,H,H,0.4121
2026-08-24,ITA-Serie A,2627,Roma,Fiorentina,False,False,False,False,0.1638,0.2134,0.6228,H,H,0.6228
2026-08-25,ESP-La Liga,2627,Valencia,Real Betis,False,False,False,False,0.3262,0.2794,0.3943,D,H,0.3943
2026-08-25,INT-Champions League,2627,LASK,Celtic,False,False,True,True,0.3973,0.2855,0.3172,A,A,0.3973
2026-08-26,ESP-La Liga,2627,Real Madrid,Real Sociedad,False,False,False,False,0.0928,0.144,0.7632,H,H,0.7632
2026-08-27,ESP-La Liga,2627,Barcelona,Athletic Club,False,False,False,False,0.1097,0.1553,0.735,H,H,0.735
2026-08-28,ENG-Premier League,2627,Crystal Palace,Manchester City,False,False,False,False,0.553,0.2331,0.2139,A,A,0.553
2026-08-28,GER-Bundesliga,2627,Bayern Munich,Stuttgart,False,False,False,False,0.1224,0.1526,0.725,H,H,0.725
2026-08-28,ITA-Serie A,2627,Milan,Venezia,False,False,False,False,0.1218,0.1781,0.7001,H,H,0.7001
2026-08-28,FRA-Ligue 1,2627,Lille,PSG,False,False,False,False,0.538,0.235,0.227,A,A,0.538
2026-08-28,ESP-La Liga,2627,Racing Sant,Elche,True,False,True,False,0.2206,0.261,0.5184,H,H,0.5184
2026-08-28,ESP-La Liga,2627,Alavés,Villarreal,False,False,False,False,0.4788,0.2577,0.2635,A,A,0.4788
2026-08-29,ITA-Serie A,2627,Sassuolo,Torino,False,False,False,False,0.2936,0.3291,0.3773,D,H,0.3773
2026-08-29,GER-Bundesliga,2627,Elversberg,Leverkusen,False,False,True,False,0.5218,0.2392,0.239,A,A,0.5218
2026-08-29,GER-Bundesliga,2627,Köln,Hoffenheim,False,False,False,False,0.4524,0.2845,0.2631,A,A,0.4524
2026-08-29,GER-Bundesliga,2627,Dortmund,Hamburger SV,False,False,False,False,0.1113,0.195,0.6938,H,H,0.6938
2026-08-29,ESP-La Liga,2627,Levante,Real Betis,False,False,False,False,0.442,0.2768,0.2812,A,A,0.442
2026-08-29,ESP-La Liga,2627,Real Sociedad,Espanyol,False,False,False,False,0.2874,0.2703,0.4423,H,H,0.4423
2026-08-29,GER-Bundesliga,2627,Union Berlin,Frankfurt,False,False,False,False,0.3019,0.3213,0.3768,D,H,0.3768
2026-08-29,ENG-Premier League,2627,Liverpool,Nottingham,False,False,False,False,0.223,0.1755,0.6016,H,H,0.6016
2026-08-29,ENG-Premier League,2627,Bournemouth,Everton,False,False,False,False,0.2379,0.2562,0.5059,H,H,0.5059
2026-08-29,GER-Bundesliga,2627,Mainz 05,Paderborn 07,False,False,False,True,0.2413,0.2934,0.4654,H,H,0.4654
2026-08-29,ENG-Premier League,2627,Tottenham,Newcastle,False,False,False,False,0.3225,0.2582,0.4193,H,H,0.4193
2026-08-29,ESP-La Liga,2627,Sevilla,Atlético Madrid,False,False,False,False,0.5256,0.2468,0.2276,A,A,0.5256
2026-08-29,ITA-Serie A,2627,Monza,Udinese,False,False,False,False,0.404,0.29,0.306,A,A,0.404
2026-08-29,FRA-Ligue 1,2627,Brest,Toulouse,False,False,True,False,0.3281,0.2908,0.3811,D,H,0.3811
2026-08-29,ITA-Serie A,2627,Juventus,Parma,False,False,False,False,0.1108,0.1895,0.6997,H,H,0.6997
2026-08-29,GER-Bundesliga,2627,RB Leipzig,Gladbach,False,False,False,False,0.1935,0.2434,0.5631,H,H,0.5631
2026-08-29,ENG-Premier League,2627,Coventry City,Hull City,True,True,True,True,0.2895,0.2651,0.4454,H,H,0.4454
2026-08-29,ITA-Serie A,2627,Fiorentina,Frosinone,False,False,False,False,0.2218,0.2976,0.4806,H,H,0.4806
2026-08-29,FRA-Ligue 1,2627,Strasbourg,Lens,False,False,False,False,0.3435,0.2722,0.3843,D,H,0.3843
2026-08-29,FRA-Ligue 1,2627,Lorient,Troyes,False,False,False,False,0.2312,0.3256,0.4432,H,H,0.4432
2026-08-29,FRA-Ligue 1,2627,Lyon,Le Havre,False,False,True,False,0.1867,0.2282,0.5851,H,H,0.5851
2026-08-29,FRA-Ligue 1,2627,Auxerre,Angers,False,False,False,False,0.2453,0.2764,0.4783,H,H,0.4783
2026-08-30,ESP-La Liga,2627,Celta Vigo,Athletic Club,False,False,False,False,0.2869,0.2767,0.4364,H,H,0.4364
2026-08-30,GER-Bundesliga,2627,Augsburg,Schalke 04,False,False,False,False,0.2466,0.2889,0.4645,H,H,0.4645
2026-08-30,ENG-Premier League,2627,Leeds United,Brentford,False,False,False,False,0.2904,0.2799,0.4296,H,H,0.4296
2026-08-30,ITA-Serie A,2627,Cagliari,Inter,False,False,False,False,0.6499,0.2075,0.1426,A,A,0.6499
2026-08-30,ENG-Premier League,2627,Manchester Utd,Ipswich Town,False,False,False,False,0.0938,0.1796,0.7266,H,H,0.7266
2026-08-30,FRA-Ligue 1,2627,Rennes,Le Mans,False,False,False,True,0.164,0.2258,0.6102,H,H,0.6102
2026-08-30,ENG-Premier League,2627,Sunderland,Fulham,False,False,False,False,0.3267,0.2719,0.4014,D,H,0.4014
2026-08-30,ITA-Serie A,2627,Lazio,Genoa,False,False,False,False,0.2036,0.2575,0.5389,H,H,0.5389
2026-08-30,GER-Bundesliga,2627,Freiburg,Werder Bremen,False,False,False,False,0.2127,0.2704,0.5169,H,H,0.5169
2026-08-30,ESP-La Liga,2627,Real Madrid,Málaga,False,False,False,True,0.0735,0.1223,0.8043,H,H,0.8043
2026-08-30,ITA-Serie A,2627,Napoli,Como,False,False,False,False,0.2802,0.2305,0.4893,H,H,0.4893
2026-08-30,ESP-La Liga,2627,Dep. A Coruña,Valencia,False,False,True,False,0.4295,0.2485,0.322,A,A,0.4295
2026-08-30,ENG-Premier League,2627,Chelsea,Brighton,False,False,False,False,0.2818,0.2461,0.4722,H,H,0.4722
2026-08-30,FRA-Ligue 1,2627,Paris FC,Nice,False,False,False,False,0.2711,0.2874,0.4415,H,H,0.4415
2026-08-30,FRA-Ligue 1,2627,Monaco,Marseille,False,False,False,False,0.3009,0.2694,0.4297,H,H,0.4297
2026-08-31,ESP-La Liga,2627,Osasuna,Getafe,False,False,False,False,0.3338,0.3029,0.3633,D,H,0.3633
2026-08-31,ITA-Serie A,2627,Lecce,Roma,False,False,False,False,0.5665,0.2483,0.1852,A,A,0.5665
2026-08-31,ESP-La Liga,2627,Barcelona,Rayo Vallecano,False,False,False,False,0.1421,0.1536,0.7044,H,H,0.7044
2026-08-31,ITA-Serie A,2627,Atalanta,Bologna,False,False,False,False,0.237,0.2378,0.5252,H,H,0.5252
2026-08-31,ENG-Premier League,2627,Aston Villa,Arsenal,False,False,False,False,0.4528,0.208,0.3393,A,A,0.4528
2026-09-03,ESP-La Liga,2627,Real Sociedad,Celta Vigo,False,False,False,False,0.3336,0.2654,0.401,D,H,0.401
2026-09-03,FRA-Ligue 1,2627,Toulouse,Lille,False,False,False,False,0.3869,0.2857,0.3274,D,A,0.3869
2026-09-04,GER-Bundesliga,2627,Stuttgart,Köln,False,False,False,False,0.1249,0.223,0.6521,H,H,0.6521
2026-09-04,ESP-La Liga,2627,Real Betis,Real Madrid,False,False,False,False,0.5811,0.2273,0.1917,A,A,0.5811
2026-09-04,ITA-Serie A,2627,Genoa,Como,False,False,False,False,0.5112,0.251,0.2379,A,A,0.5112
2026-09-04,FRA-Ligue 1,2627,PSG,Monaco,False,False,False,False,0.1059,0.1507,0.7434,H,H,0.7434
2026-09-04,ENG-Premier League,2627,Ipswich Town,Liverpool,False,False,False,False,0.6314,0.2115,0.1571,A,A,0.6314
2026-09-05,ENG-Premier League,2627,Nottingham,Tottenham,False,False,False,False,0.2747,0.2586,0.4667,H,H,0.4667
2026-09-05,ITA-Serie A,2627,Fiorentina,Torino,False,False,False,False,0.2658,0.285,0.4492,H,H,0.4492
2026-09-05,GER-Bundesliga,2627,Paderborn 07,Freiburg,False,False,True,False,0.3764,0.2738,0.3498,D,A,0.3764
2026-09-05,ESP-La Liga,2627,Rayo Vallecano,Racing Sant,False,True,False,True,0.2732,0.2733,0.4535,H,H,0.4535
2026-09-05,ITA-Serie A,2627,Inter,Napoli,False,False,False,False,0.1947,0.1912,0.614,H,H,0.614
2026-09-05,ENG-Premier League,2627,Newcastle,Bournemouth,False,False,False,False,0.3132,0.2299,0.4568,H,H,0.4568
2026-09-05,ENG-Premier League,2627,Manchester City,Coventry City,False,True,False,True,0.1726,0.2013,0.626,H,H,0.626
2026-09-05,GER-Bundesliga,2627,Werder Bremen,RB Leipzig,False,False,False,False,0.4875,0.2653,0.2472,A,A,0.4875
2026-09-05,GER-Bundesliga,2627,Gladbach,Elversberg,False,False,False,True,0.2434,0.2918,0.4648,H,H,0.4648
2026-09-05,FRA-Ligue 1,2627,Nice,Le Mans,False,False,False,True,0.2398,0.304,0.4562,H,H,0.4562
2026-09-05,ENG-Premier League,2627,Hull City,Aston Villa,True,False,True,False,0.4352,0.2344,0.3304,A,A,0.4352
2026-09-05,ESP-La Liga,2627,Athletic Club,Atlético Madrid,False,False,False,False,0.4267,0.2604,0.313,A,A,0.4267
2026-09-05,ENG-Premier League,2627,Brighton,Leeds United,False,False,False,False,0.2397,0.2497,0.5106,H,H,0.5106
2026-09-05,ENG-Premier League,2627,Brentford,Sunderland,False,False,False,False,0.269,0.2559,0.4752,H,H,0.4752
2026-09-05,ESP-La Liga,2627,Villarreal,Dep. A Coruña,False,False,False,True,0.1484,0.2221,0.6295,H,H,0.6295
2026-09-05,ENG-Premier League,2627,Fulham,Crystal Palace,False,False,False,False,0.264,0.2776,0.4584,H,H,0.4584
2026-09-05,FRA-Ligue 1,2627,Lens,Lorient,False,False,False,False,0.175,0.2548,0.5702,H,H,0.5702
2026-09-05,FRA-Ligue 1,2627,Le Havre,Brest,False,False,False,True,0.3021,0.2987,0.3991,H,H,0.3991
2026-09-05,FRA-Ligue 1,2627,Lyon,Auxerre,False,False,True,False,0.2248,0.2341,0.541,H,H,0.541
2026-09-05,GER-Bundesliga,2627,Hoffenheim,Dortmund,False,False,False,False,0.4854,0.2596,0.255,A,A,0.4854
2026-09-05,GER-Bundesliga,2627,Leverkusen,Union Berlin,False,False,False,False,0.1714,0.2314,0.5972,H,H,0.5972
2026-09-05,ITA-Serie A,2627,Roma,Atalanta,False,False,False,False,0.2518,0.265,0.4832,H,H,0.4832
2026-09-05,GER-Bundesliga,2627,Schalke 04,Bayern Munich,False,False,False,False,0.7649,0.1408,0.0943,A,A,0.7649
2026-09-06,ESP-La Liga,2627,Málaga,Levante,False,False,True,False,0.3154,0.2788,0.4058,H,H,0.4058
2026-09-06,FRA-Ligue 1,2627,Marseille,Paris FC,False,False,False,False,0.2164,0.2403,0.5432,H,H,0.5432
2026-09-06,ENG-Premier League,2627,Everton,Manchester Utd,False,False,False,False,0.4541,0.2613,0.2846,A,A,0.4541
2026-09-06,ESP-La Liga,2627,Alavés,Osasuna,False,False,False,False,0.296,0.3031,0.4009,H,H,0.4009
2026-09-06,ITA-Serie A,2627,Bologna,Sassuolo,False,False,False,False,0.1973,0.2668,0.5359,H,H,0.5359
2026-09-06,GER-Bundesliga,2627,Frankfurt,Augsburg,False,False,False,False,0.2722,0.2808,0.447,H,H,0.447
2026-09-06,ENG-Premier League,2627,Arsenal,Chelsea,False,False,False,False,0.1493,0.1815,0.6692,H,H,0.6692
2026-09-06,ITA-Serie A,2627,Parma,Monza,False,False,False,False,0.2627,0.302,0.4353,H,H,0.4353
2026-09-06,FRA-Ligue 1,2627,Troyes,Strasbourg,False,False,False,False,0.514,0.244,0.242,A,A,0.514
2026-09-06,ITA-Serie A,2627,Juventus,Milan,False,False,False,False,0.278,0.2604,0.4615,H,H,0.4615
2026-09-06,ITA-Serie A,2627,Frosinone,Venezia,False,False,False,False,0.3267,0.3192,0.3541,D,H,0.3541
2026-09-06,ESP-La Liga,2627,Valencia,Barcelona,False,False,False,False,0.5035,0.2315,0.265,A,A,0.5035
2026-09-06,GER-Bundesliga,2627,Hamburger SV,Mainz 05,False,False,False,False,0.33,0.2918,0.3782,D,H,0.3782
2026-09-06,FRA-Ligue 1,2627,Angers,Rennes,False,False,False,False,0.4771,0.2775,0.2454,A,A,0.4771
2026-09-06,ESP-La Liga,2627,Espanyol,Sevilla,False,False,False,False,0.2706,0.292,0.4374,H,H,0.4374
2026-09-07,ITA-Serie A,2627,Cagliari,Lecce,False,False,False,False,0.2824,0.306,0.4116,H,H,0.4116
2026-09-07,ITA-Serie A,2627,Udinese,Lazio,False,False,False,False,0.375,0.2973,0.3278,D,A,0.375
2026-09-07,ESP-La Liga,2627,Getafe,Celta Vigo,False,False,False,False,0.3437,0.2889,0.3674,D,H,0.3674
2026-09-07,ESP-La Liga,2627,Elche,Real Sociedad,False,False,False,False,0.3219,0.304,0.374,D,H,0.374
2026-09-11,FRA-Ligue 1,2627,Rennes,Marseille,False,False,False,False,0.3408,0.2648,0.3944,D,H,0.3944
2026-09-11,ITA-Serie A,2627,Venezia,Fiorentina,False,False,False,False,0.4178,0.2985,0.2837,A,A,0.4178
2026-09-11,GER-Bundesliga,2627,Union Berlin,Schalke 04,False,False,False,False,0.2248,0.2822,0.493,H,H,0.493
2026-09-12,GER-Bundesliga,2627,Hoffenheim,Stuttgart,False,False,False,False,0.3857,0.2781,0.3362,D,A,0.3857
2026-09-12,GER-Bundesliga,2627,Augsburg,Leverkusen,False,False,False,False,0.5189,0.2508,0.2304,A,A,0.5189
2026-09-12,ENG-Premier League,2627,Sunderland,Arsenal,False,False,False,False,0.5395,0.2284,0.232,A,A,0.5395
2026-09-12,FRA-Ligue 1,2627,Strasbourg,Monaco,False,False,False,False,0.2751,0.2792,0.4457,H,H,0.4457
2026-09-12,ITA-Serie A,2627,Sassuolo,Juventus,False,False,False,False,0.5129,0.2598,0.2273,A,A,0.5129
2026-09-12,GER-Bundesliga,2627,Köln,Werder Bremen,False,False,False,False,0.3207,0.313,0.3663,D,H,0.3663
2026-09-12,FRA-Ligue 1,2627,Auxerre,Nice,False,False,False,False,0.2854,0.2861,0.4284,H,H,0.4284
2026-09-12,FRA-Ligue 1,2627,Le Havre,Angers,False,False,False,False,0.2836,0.3185,0.3979,D,H,0.3979
2026-09-12,ENG-Premier League,2627,Bournemouth,Brentford,False,False,False,False,0.2632,0.2654,0.4714,H,H,0.4714
2026-09-12,FRA-Ligue 1,2627,Paris FC,Lyon,False,False,False,True,0.3535,0.2904,0.3561,D,H,0.3561
2026-09-12,GER-Bundesliga,2627,Freiburg,Gladbach,False,False,False,False,0.2412,0.2572,0.5016,H,H,0.5016
2026-09-12,ITA-Serie A,2627,Genoa,Frosinone,False,False,False,False,0.2602,0.3149,0.4249,H,H,0.4249
2026-09-12,ENG-Premier League,2627,Aston Villa,Nottingham,False,False,False,False,0.2038,0.2255,0.5707,H,H,0.5707
2026-09-12,GER-Bundesliga,2627,Mainz 05,Frankfurt,False,False,False,False,0.2739,0.3024,0.4237,H,H,0.4237
2026-09-12,ITA-Serie A,2627,Atalanta,Cagliari,False,False,False,False,0.1583,0.2043,0.6375,H,H,0.6375
2026-09-12,ENG-Premier League,2627,Tottenham,Everton,False,False,False,False,0.2671,0.2642,0.4687,H,H,0.4687
2026-09-12,ENG-Premier League,2627,Chelsea,Hull City,False,True,False,True,0.2761,0.2427,0.4812,H,H,0.4812
2026-09-12,ENG-Premier League,2627,Liverpool,Fulham,False,False,False,False,0.1939,0.1643,0.6418,H,H,0.6418
2026-09-12,GER-Bundesliga,2627,Dortmund,Paderborn 07,False,False,False,True,0.1339,0.195,0.6712,H,H,0.6712
2026-09-12,ENG-Premier League,2627,Crystal Palace,Ipswich Town,False,False,False,False,0.1436,0.223,0.6334,H,H,0.6334
2026-09-12,FRA-Ligue 1,2627,Lorient,Toulouse,False,False,False,False,0.3096,0.2899,0.4005,H,H,0.4005
2026-09-13,FRA-Ligue 1,2627,Brest,PSG,False,False,True,False,0.6439,0.1912,0.1649,A,A,0.6439
2026-09-13,ESP-La Liga,2627,Sevilla,Valencia,False,False,False,False,0.3829,0.2976,0.3195,D,A,0.3829
2026-09-13,ITA-Serie A,2627,Lecce,Monza,False,False,False,False,0.2611,0.2969,0.442,H,H,0.442
2026-09-13,ESP-La Liga,2627,Real Sociedad,Atlético Madrid,False,False,False,False,0.4574,0.2525,0.2901,A,A,0.4574
2026-09-13,ITA-Serie A,2627,Como,Parma,False,False,False,False,0.1399,0.2196,0.6406,H,H,0.6406
2026-09-13,FRA-Ligue 1,2627,Lille,Troyes,False,False,False,False,0.1289,0.2082,0.6629,H,H,0.6629
2026-09-13,ENG-Premier League,2627,Coventry City,Brighton,True,False,True,False,0.273,0.2622,0.4648,H,H,0.4648
2026-09-13,ITA-Serie A,2627,Napoli,Bologna,False,False,False,False,0.1911,0.2345,0.5744,H,H,0.5744
2026-09-13,ENG-Premier League,2627,Manchester Utd,Manchester City,False,False,False,False,0.3469,0.2253,0.4278,H,H,0.4278
2026-09-13,ESP-La Liga,2627,Villarreal,Real Betis,False,False,False,False,0.2752,0.2672,0.4576,H,H,0.4576
2026-09-13,ITA-Serie A,2627,Lazio,Milan,False,False,False,False,0.3591,0.2727,0.3682,D,H,0.3682
2026-09-13,ESP-La Liga,2627,Osasuna,Espanyol,False,False,False,False,0.2861,0.2906,0.4233,H,H,0.4233
2026-09-13,ESP-La Liga,2627,Racing Sant,Alavés,True,False,True,False,0.2142,0.2649,0.5209,H,H,0.5209
2026-09-13,ESP-La Liga,2627,Real Madrid,Rayo Vallecano,False,False,False,False,0.1085,0.1527,0.7388,H,H,0.7388
2026-09-13,ESP-La Liga,2627,Athletic Club,Elche,False,False,False,False,0.2329,0.2284,0.5387,H,H,0.5387
2026-09-13,ESP-La Liga,2627,Levante,Barcelona,False,False,False,False,0.6008,0.2045,0.1947,A,A,0.6008
2026-09-13,ESP-La Liga,2627,Getafe,Dep. A Coruña,False,False,False,True,0.2384,0.2934,0.4682,H,H,0.4682
2026-09-13,GER-Bundesliga,2627,RB Leipzig,Hamburger SV,False,False,False,False,0.1804,0.2262,0.5934,H,H,0.5934
2026-09-13,FRA-Ligue 1,2627,Le Mans,Lens,False,False,True,False,0.5135,0.2503,0.2362,A,A,0.5135
2026-09-13,GER-Bundesliga,2627,Elversberg,Bayern Munich,False,False,True,False,0.6807,0.1854,0.1339,A,A,0.6807
2026-09-13,ESP-La Liga,2627,Celta Vigo,Málaga,False,False,False,True,0.2176,0.2826,0.4997,H,H,0.4997
2026-09-13,ITA-Serie A,2627,Torino,Roma,False,False,False,False,0.5223,0.2569,0.2209,A,A,0.5223
2026-09-14,ITA-Serie A,2627,Inter,Udinese,False,False,False,False,0.0956,0.1499,0.7546,H,H,0.7546
2026-09-14,ENG-Premier League,2627,Leeds United,Newcastle,False,False,False,False,0.388,0.2622,0.3498,D,A,0.388
2026-09-16,ESP-La Liga,2627,Dep. A Coruña,Sevilla,False,False,True,False,0.288,0.2885,0.4235,H,H,0.4235
2026-09-16,ESP-La Liga,2627,Atlético Madrid,Osasuna,False,False,False,False,0.1449,0.1939,0.6612,H,H,0.6612
2026-09-16,ESP-La Liga,2627,Rayo Vallecano,Espanyol,False,False,False,False,0.2157,0.2698,0.5145,H,H,0.5145
2026-09-16,ESP-La Liga,2627,Málaga,Villarreal,False,False,True,False,0.4354,0.2714,0.2932,A,A,0.4354
2026-09-16,ESP-La Liga,2627,Real Betis,Getafe,False,False,False,False,0.1951,0.2552,0.5497,H,H,0.5497
2026-09-16,ESP-La Liga,2627,Alavés,Valencia,False,False,False,False,0.3286,0.3065,0.3649,D,H,0.3649
2026-09-16,ESP-La Liga,2627,Levante,Athletic Club,False,False,False,False,0.3619,0.3054,0.3327,D,A,0.3619
2026-09-16,ESP-La Liga,2627,Barcelona,Racing Sant,False,True,False,True,0.1158,0.1622,0.7219,H,H,0.7219
2026-09-16,ESP-La Liga,2627,Elche,Real Madrid,False,False,False,False,0.5995,0.2097,0.1908,A,A,0.5995
2026-09-18,ITA-Serie A,2627,Monza,Sassuolo,False,False,False,False,0.35,0.2997,0.3503,D,H,0.3503
2026-09-18,ENG-Premier League,2627,Brentford,Chelsea,False,False,False,False,0.2751,0.2715,0.4534,H,H,0.4534
2026-09-18,GER-Bundesliga,2627,Bayern Munich,Union Berlin,False,False,False,False,0.1061,0.1515,0.7424,H,H,0.7424
2026-09-19,FRA-Ligue 1,2627,Monaco,Lens,False,False,False,False,0.3817,0.2728,0.3455,D,A,0.3817
2026-09-19,ENG-Premier League,2627,Everton,Ipswich Town,False,False,False,False,0.1513,0.2297,0.619,H,H,0.619
2026-09-19,GER-Bundesliga,2627,Hamburger SV,Köln,False,False,False,False,0.2403,0.2939,0.4658,H,H,0.4658
2026-09-19,FRA-Ligue 1,2627,Auxerre,Brest,False,False,False,True,0.2817,0.2883,0.4301,H,H,0.4301
2026-09-19,ITA-Serie A,2627,Bologna,Torino,False,False,False,False,0.2344,0.2849,0.4807,H,H,0.4807
2026-09-19,GER-Bundesliga,2627,Stuttgart,Dortmund,False,False,False,False,0.3785,0.2622,0.3593,D,A,0.3785
2026-09-19,ITA-Serie A,2627,Venezia,Lazio,False,False,False,False,0.4461,0.2938,0.2601,A,A,0.4461
2026-09-19,GER-Bundesliga,2627,Gladbach,Mainz 05,False,False,False,False,0.3035,0.2945,0.402,H,H,0.402
2026-09-19,FRA-Ligue 1,2627,Le Mans,Lorient,False,False,True,False,0.357,0.2733,0.3697,D,H,0.3697
2026-09-19,FRA-Ligue 1,2627,Lyon,Rennes,False,False,True,False,0.2651,0.2743,0.4606,H,H,0.4606
2026-09-19,FRA-Ligue 1,2627,Nice,Lille,False,False,False,False,0.3909,0.2851,0.324,D,A,0.3909
2026-09-19,ENG-Premier League,2627,Brighton,Arsenal,False,False,False,False,0.6013,0.2062,0.1925,A,A,0.6013
2026-09-19,ITA-Serie A,2627,Udinese,Cagliari,False,False,False,False,0.2885,0.3036,0.4079,H,H,0.4079
2026-09-19,GER-Bundesliga,2627,Frankfurt,Freiburg,False,False,False,False,0.347,0.2714,0.3816,D,H,0.3816
2026-09-19,ENG-Premier League,2627,Newcastle,Hull City,False,True,False,True,0.3609,0.2318,0.4073,D,H,0.4073
2026-09-19,ENG-Premier League,2627,Tottenham,Aston Villa,False,False,False,False,0.4019,0.2626,0.3355,D,A,0.4019
2026-09-19,ENG-Premier League,2627,Nottingham,Coventry City,False,True,False,True,0.2884,0.2715,0.4401,H,H,0.4401
2026-09-19,FRA-Ligue 1,2627,Angers,Troyes,False,False,False,False,0.2705,0.3331,0.3963,D,H,0.3963
2026-09-19,ENG-Premier League,2627,Leeds United,Crystal Palace,False,False,False,False,0.358,0.2769,0.3651,D,H,0.3651
2026-09-19,ENG-Premier League,2627,Manchester City,Sunderland,False,False,False,False,0.1568,0.1575,0.6857,H,H,0.6857
2026-09-19,FRA-Ligue 1,2627,Paris FC,Strasbourg,False,False,False,False,0.3502,0.2849,0.3649,D,H,0.3649
2026-09-19,ITA-Serie A,2627,Roma,Inter,False,False,False,False,0.368,0.247,0.385,D,H,0.385
2026-09-19,FRA-Ligue 1,2627,Toulouse,Le Havre,False,False,False,False,0.2779,0.305,0.4171,H,H,0.4171
2026-09-19,GER-Bundesliga,2627,Werder Bremen,Augsburg,False,False,False,False,0.3261,0.3071,0.3668,D,H,0.3668
2026-09-20,FRA-Ligue 1,2627,Marseille,PSG,False,False,False,False,0.4631,0.243,0.2939,A,A,0.4631
2026-09-20,ESP-La Liga,2627,Dep. A Coruña,Real Betis,False,False,True,False,0.4369,0.2707,0.2924,A,A,0.4369
2026-09-20,ESP-La Liga,2627,Espanyol,Elche,False,False,False,False,0.265,0.3093,0.4258,H,H,0.4258
2026-09-20,ITA-Serie A,2627,Juventus,Atalanta,False,False,False,False,0.2766,0.2699,0.4536,H,H,0.4536
2026-09-20,ESP-La Liga,2627,Valencia,Real Sociedad,False,False,False,False,0.2723,0.2974,0.4303,H,H,0.4303
2026-09-20,ESP-La Liga,2627,Villarreal,Levante,False,False,False,False,0.1787,0.241,0.5803,H,H,0.5803
2026-09-20,ESP-La Liga,2627,Celta Vigo,Racing Sant,False,True,False,True,0.2828,0.2895,0.4277,H,H,0.4277
2026-09-20,ESP-La Liga,2627,Atlético Madrid,Real Madrid,False,False,False,False,0.3819,0.2464,0.3718,D,A,0.3819
2026-09-20,ESP-La Liga,2627,Athletic Club,Alavés,False,False,False,False,0.2095,0.2389,0.5517,H,H,0.5517
2026-09-20,ESP-La Liga,2627,Sevilla,Barcelona,False,False,False,False,0.5794,0.2256,0.195,A,A,0.5794
2026-09-20,ITA-Serie A,2627,Frosinone,Como,False,False,False,False,0.5524,0.242,0.2056,A,A,0.5524
2026-09-20,ENG-Premier League,2627,Bournemouth,Liverpool,False,False,False,False,0.4039,0.2391,0.357,D,A,0.4039
2026-09-20,ITA-Serie A,2627,Milan,Lecce,False,False,False,False,0.1416,0.1729,0.6855,H,H,0.6855
2026-09-20,GER-Bundesliga,2627,Schalke 04,Elversberg,False,False,False,True,0.3288,0.3384,0.3328,D,D,0.3384
2026-09-20,GER-Bundesliga,2627,Paderborn 07,Hoffenheim,False,False,True,False,0.4013,0.2839,0.3148,A,A,0.4013
2026-09-20,GER-Bundesliga,2627,Leverkusen,RB Leipzig,False,False,False,False,0.2707,0.2572,0.4721,H,H,0.4721
2026-09-20,ITA-Serie A,2627,Parma,Genoa,False,False,False,False,0.2831,0.2926,0.4243,H,H,0.4243
2026-09-20,ESP-La Liga,2627,Getafe,Málaga,False,False,False,True,0.2451,0.3166,0.4383,H,H,0.4383
2026-09-20,ITA-Serie A,2627,Fiorentina,Napoli,False,False,False,False,0.4585,0.2743,0.2672,A,A,0.4585
2026-09-20,ESP-La Liga,2627,Osasuna,Rayo Vallecano,False,False,False,False,0.324,0.2981,0.3779,D,H,0.3779
2026-09-20,ENG-Premier League,2627,Fulham,Manchester Utd,False,False,False,False,0.4138,0.2525,0.3337,A,A,0.4138
2026-10-10,ENG-Premier League,2627,Manchester Utd,Tottenham,False,False,False,False,0.2465,0.2292,0.5243,H,H,0.5243
2026-10-10,FRA-Ligue 1,2627,Lens,Lyon,False,False,False,True,0.2322,0.2509,0.5169,H,H,0.5169
2026-10-10,FRA-Ligue 1,2627,Lille,Le Havre,False,False,False,False,0.1459,0.2188,0.6352,H,H,0.6352
2026-10-10,ENG-Premier League,2627,Hull City,Everton,True,False,True,False,0.2499,0.2442,0.5059,H,H,0.5059
2026-10-10,GER-Bundesliga,2627,Augsburg,Bayern Munich,False,False,False,False,0.7262,0.1587,0.115,A,A,0.7262
2026-10-10,ENG-Premier League,2627,Sunderland,Brighton,False,False,False,False,0.3436,0.2768,0.3795,D,H,0.3795
2026-10-10,FRA-Ligue 1,2627,Troyes,Marseille,False,False,False,False,0.5316,0.2654,0.203,A,A,0.5316
2026-10-10,ENG-Premier League,2627,Coventry City,Newcastle,True,False,True,False,0.2897,0.2597,0.4507,H,H,0.4507
2026-10-10,ENG-Premier League,2627,Ipswich Town,Fulham,False,False,False,False,0.4712,0.2668,0.262,A,A,0.4712
2026-10-10,ENG-Premier League,2627,Crystal Palace,Nottingham,False,False,False,False,0.2919,0.2751,0.433,H,H,0.433
2026-10-10,ENG-Premier League,2627,Arsenal,Leeds United,False,False,False,False,0.1464,0.1655,0.6881,H,H,0.6881
2026-10-10,ENG-Premier League,2627,Chelsea,Bournemouth,False,False,False,False,0.292,0.2385,0.4694,H,H,0.4694
2026-10-10,FRA-Ligue 1,2627,Brest,Angers,False,False,True,False,0.2218,0.3157,0.4625,H,H,0.4625
2026-10-10,ENG-Premier League,2627,Liverpool,Manchester City,False,False,False,False,0.3572,0.231,0.4118,D,H,0.4118
2026-10-10,GER-Bundesliga,2627,Freiburg,Schalke 04,False,False,False,False,0.1274,0.2045,0.6681,H,H,0.6681
2026-10-10,FRA-Ligue 1,2627,Lorient,Paris FC,False,False,False,False,0.2731,0.327,0.4,D,H,0.4
2026-10-10,FRA-Ligue 1,2627,PSG,Le Mans,False,False,False,True,0.0915,0.1329,0.7756,H,H,0.7756
2026-10-10,GER-Bundesliga,2627,Paderborn 07,Stuttgart,False,False,True,False,0.4413,0.2615,0.2972,A,A,0.4413
2026-10-10,GER-Bundesliga,2627,Dortmund,Werder Bremen,False,False,False,False,0.1158,0.1757,0.7085,H,H,0.7085
2026-10-10,GER-Bundesliga,2627,Hoffenheim,Hamburger SV,False,False,False,False,0.2339,0.2851,0.481,H,H,0.481
2026-10-10,GER-Bundesliga,2627,Union Berlin,Elversberg,False,False,False,True,0.2304,0.3087,0.461,H,H,0.461
2026-10-10,GER-Bundesliga,2627,Köln,Gladbach,False,False,False,False,0.3923,0.3095,0.2982,A,A,0.3923
2026-10-10,ENG-Premier League,2627,Aston Villa,Brentford,False,False,False,False,0.2314,0.2137,0.5549,H,H,0.5549
2026-10-10,GER-Bundesliga,2627,Mainz 05,Leverkusen,False,False,False,False,0.4351,0.2596,0.3053,A,A,0.4351
2026-10-10,FRA-Ligue 1,2627,Rennes,Auxerre,False,False,False,False,0.1822,0.2527,0.5651,H,H,0.5651
2026-10-10,FRA-Ligue 1,2627,Nice,Strasbourg,False,False,False,False,0.4082,0.2891,0.3027,A,A,0.4082
2026-10-10,FRA-Ligue 1,2627,Monaco,Toulouse,False,False,False,False,0.1994,0.2544,0.5462,H,H,0.5462
2026-10-10,GER-Bundesliga,2627,RB Leipzig,Frankfurt,False,False,False,False,0.2279,0.2505,0.5216,H,H,0.5216
2026-10-11,ESP-La Liga,2627,Alavés,Atlético Madrid,False,False,False,False,0.5349,0.2495,0.2157,A,A,0.5349
2026-10-11,ITA-Serie A,2627,Lazio,Monza,False,False,False,False,0.167,0.2347,0.5983,H,H,0.5983
2026-10-11,ITA-Serie A,2627,Cagliari,Juventus,False,False,False,False,0.5397,0.2518,0.2085,A,A,0.5397
2026-10-11,ITA-Serie A,2627,Genoa,Fiorentina,False,False,False,False,0.3151,0.3184,0.3665,D,H,0.3665
2026-10-11,ITA-Serie A,2627,Atalanta,Venezia,False,False,False,False,0.1285,0.1986,0.6728,H,H,0.6728
2026-10-11,ESP-La Liga,2627,Levante,Sevilla,False,False,False,False,0.2706,0.3292,0.4002,D,H,0.4002
2026-10-11,ITA-Serie A,2627,Inter,Parma,False,False,False,False,0.0995,0.1387,0.7618,H,H,0.7618
2026-10-11,ESP-La Liga,2627,Barcelona,Getafe,False,False,False,False,0.1059,0.1428,0.7513,H,H,0.7513
2026-10-11,ESP-La Liga,2627,Elche,Celta Vigo,False,False,False,False,0.3416,0.311,0.3474,D,H,0.3474
2026-10-11,ITA-Serie A,2627,Como,Roma,False,False,False,False,0.3042,0.2743,0.4215,H,H,0.4215
2026-10-11,ESP-La Liga,2627,Málaga,Espanyol,False,False,True,False,0.2772,0.3087,0.4141,H,H,0.4141
2026-10-11,ESP-La Liga,2627,Real Sociedad,Dep. A Coruña,False,False,False,True,0.2308,0.3143,0.4549,H,H,0.4549
2026-10-11,ESP-La Liga,2627,Real Betis,Osasuna,False,False,False,False,0.2056,0.2579,0.5365,H,H,0.5365
2026-10-11,ITA-Serie A,2627,Napoli,Frosinone,False,False,False,False,0.1176,0.1668,0.7155,H,H,0.7155
2026-10-11,ESP-La Liga,2627,Real Madrid,Villarreal,False,False,False,False,0.1596,0.1706,0.6698,H,H,0.6698
2026-10-11,ESP-La Liga,2627,Rayo Vallecano,Athletic Club,False,False,False,False,0.2816,0.2925,0.426,H,H,0.426
2026-10-11,ESP-La Liga,2627,Racing Sant,Valencia,True,False,True,False,0.2792,0.2819,0.4389,H,H,0.4389
2026-10-11,ITA-Serie A,2627,Sassuolo,Milan,False,False,False,False,0.5123,0.2587,0.2289,A,A,0.5123
2026-10-11,ITA-Serie A,2627,Lecce,Bologna,False,False,False,False,0.4867,0.2762,0.2371,A,A,0.4867
2026-10-11,ITA-Serie A,2627,Torino,Udinese,False,False,False,False,0.2664,0.3194,0.4142,H,H,0.4142
2026-10-17,FRA-Ligue 1,2627,Le Havre,Auxerre,False,False,False,False,0.3056,0.3134,0.3811,D,H,0.3811
2026-10-17,FRA-Ligue 1,2627,Lorient,Monaco,False,False,False,False,0.3974,0.2988,0.3038,A,A,0.3974
2026-10-17,ENG-Premier League,2627,Newcastle,Aston Villa,False,False,False,False,0.3505,0.2583,0.3912,D,H,0.3912
2026-10-17,ENG-Premier League,2627,Brighton,Crystal Palace,False,False,False,False,0.2616,0.2634,0.475,H,H,0.475
2026-10-17,ENG-Premier League,2627,Leeds United,Manchester Utd,False,False,False,False,0.4044,0.265,0.3307,D,A,0.4044
2026-10-17,FRA-Ligue 1,2627,Paris FC,Rennes,False,False,False,False,0.3398,0.2974,0.3628,D,H,0.3628
2026-10-17,ENG-Premier League,2627,Brentford,Liverpool,False,False,False,False,0.4335,0.2449,0.3216,A,A,0.4335
2026-10-17,FRA-Ligue 1,2627,Angers,Marseille,False,False,False,False,0.5217,0.2675,0.2108,A,A,0.5217
2026-10-17,ENG-Premier League,2627,Bournemouth,Sunderland,False,False,False,False,0.2334,0.2577,0.509,H,H,0.509
2026-10-17,ITA-Serie A,2627,Roma,Genoa,False,False,False,False,0.119,0.1875,0.6935,H,H,0.6935
2026-10-17,ENG-Premier League,2627,Manchester City,Ipswich Town,False,False,False,False,0.0932,0.1431,0.7636,H,H,0.7636
2026-10-17,ENG-Premier League,2627,Fulham,Hull City,False,True,False,True,0.2967,0.271,0.4323,H,H,0.4323
2026-10-17,FRA-Ligue 1,2627,Le Mans,Toulouse,False,False,True,False,0.3721,0.2774,0.3504,D,A,0.3721
2026-10-17,ENG-Premier League,2627,Nottingham,Arsenal,False,False,False,False,0.4789,0.246,0.2751,A,A,0.4789
2026-10-17,FRA-Ligue 1,2627,Strasbourg,PSG,False,False,False,False,0.5334,0.2347,0.2319,A,A,0.5334
2026-10-17,FRA-Ligue 1,2627,Troyes,Lens,False,False,False,False,0.5318,0.2597,0.2085,A,A,0.5318
2026-10-17,ENG-Premier League,2627,Everton,Chelsea,False,False,False,False,0.2989,0.2709,0.4303,H,H,0.4303
2026-10-17,FRA-Ligue 1,2627,Lille,Brest,False,False,False,True,0.1835,0.2468,0.5697,H,H,0.5697
2026-10-17,FRA-Ligue 1,2627,Lyon,Nice,False,False,True,False,0.1935,0.2565,0.55,H,H,0.55
2026-10-17,GER-Bundesliga,2627,Leverkusen,Freiburg,False,False,False,False,0.2067,0.2476,0.5456,H,H,0.5456
2026-10-17,ITA-Serie A,2627,Venezia,Napoli,False,False,False,False,0.5603,0.2397,0.2,A,A,0.5603
2026-10-17,ITA-Serie A,2627,Juventus,Lazio,False,False,False,False,0.2204,0.2383,0.5412,H,H,0.5412
2026-10-17,ITA-Serie A,2627,Parma,Torino,False,False,False,False,0.2957,0.3097,0.3946,H,H,0.3946
2026-10-17,ITA-Serie A,2627,Frosinone,Sassuolo,False,False,False,False,0.3144,0.308,0.3776,D,H,0.3776
2026-10-17,GER-Bundesliga,2627,Schalke 04,Mainz 05,False,False,False,False,0.4508,0.2718,0.2774,A,A,0.4508
2026-10-17,ITA-Serie A,2627,Milan,Atalanta,False,False,False,False,0.2915,0.2523,0.4562,H,H,0.4562
2026-10-17,GER-Bundesliga,2627,Bayern Munich,RB Leipzig,False,False,False,False,0.1707,0.1837,0.6456,H,H,0.6456
2026-10-17,ENG-Premier League,2627,Tottenham,Coventry City,False,True,False,True,0.3219,0.2637,0.4144,H,H,0.4144
2026-10-17,ITA-Serie A,2627,Bologna,Inter,False,False,False,False,0.5131,0.2513,0.2357,A,A,0.5131
2026-10-17,GER-Bundesliga,2627,Gladbach,Hoffenheim,False,False,False,False,0.3196,0.3009,0.3795,D,H,0.3795
2026-10-17,GER-Bundesliga,2627,Union Berlin,Dortmund,False,False,False,False,0.5258,0.2505,0.2237,A,A,0.5258
2026-10-17,ITA-Serie A,2627,Udinese,Lecce,False,False,False,False,0.2423,0.2988,0.459,H,H,0.459
2026-10-17,GER-Bundesliga,2627,Frankfurt,Köln,False,False,False,False,0.2264,0.2924,0.4813,H,H,0.4813
2026-10-17,GER-Bundesliga,2627,Hamburger SV,Stuttgart,False,False,False,False,0.4482,0.2653,0.2865,A,A,0.4482
2026-10-17,ITA-Serie A,2627,Monza,Cagliari,False,False,False,False,0.3126,0.3071,0.3803,D,H,0.3803
2026-10-17,GER-Bundesliga,2627,Elversberg,Augsburg,False,False,True,False,0.3405,0.2755,0.384,D,H,0.384
2026-10-17,ITA-Serie A,2627,Fiorentina,Como,False,False,False,False,0.3479,0.2978,0.3543,D,H,0.3543
2026-10-17,GER-Bundesliga,2627,Werder Bremen,Paderborn 07,False,False,False,True,0.2521,0.3149,0.4331,H,H,0.4331
2026-10-18,ESP-La Liga,2627,Getafe,Rayo Vallecano,False,False,False,False,0.3212,0.3019,0.3769,D,H,0.3769
2026-10-18,ESP-La Liga,2627,Real Betis,Barcelona,False,False,False,False,0.5028,0.2451,0.2521,A,A,0.5028
2026-10-18,ESP-La Liga,2627,Osasuna,Racing Sant,False,True,False,True,0.3182,0.3013,0.3805,D,H,0.3805
2026-10-18,ESP-La Liga,2627,Real Madrid,Sevilla,False,False,False,False,0.0943,0.1405,0.7652,H,H,0.7652
2026-10-18,ESP-La Liga,2627,Villarreal,Elche,False,False,False,False,0.1708,0.2462,0.583,H,H,0.583
2026-10-18,ESP-La Liga,2627,Valencia,Athletic Club,False,False,False,False,0.3115,0.2849,0.4036,H,H,0.4036
2026-10-18,ESP-La Liga,2627,Celta Vigo,Alavés,False,False,False,False,0.2323,0.2684,0.4993,H,H,0.4993
2026-10-18,ESP-La Liga,2627,Espanyol,Atlético Madrid,False,False,False,False,0.5186,0.2523,0.2291,A,A,0.5186
2026-10-18,ESP-La Liga,2627,Málaga,Real Sociedad,False,False,True,False,0.3458,0.2989,0.3552,D,H,0.3552
2026-10-18,ESP-La Liga,2627,Dep. A Coruña,Levante,False,False,True,False,0.3025,0.2872,0.4104,H,H,0.4104
2026-10-24,ENG-Premier League,2627,Ipswich Town,Nottingham,False,False,False,False,0.5017,0.2575,0.2408,A,A,0.5017
2026-10-24,GER-Bundesliga,2627,RB Leipzig,Elversberg,False,False,False,True,0.1479,0.214,0.6381,H,H,0.6381
2026-10-24,GER-Bundesliga,2627,Köln,Schalke 04,False,False,False,False,0.267,0.3124,0.4206,H,H,0.4206
2026-10-24,FRA-Ligue 1,2627,Rennes,Strasbourg,False,False,False,False,0.2816,0.2756,0.4428,H,H,0.4428
2026-10-24,ENG-Premier League,2627,Aston Villa,Manchester City,False,False,False,False,0.3595,0.2343,0.4062,D,H,0.4062
2026-10-24,GER-Bundesliga,2627,Hoffenheim,Leverkusen,False,False,False,False,0.3688,0.2795,0.3518,D,A,0.3688
2026-10-24,GER-Bundesliga,2627,Dortmund,Frankfurt,False,False,False,False,0.1646,0.2074,0.628,H,H,0.628
2026-10-24,FRA-Ligue 1,2627,Lens,Paris FC,False,False,False,False,0.1828,0.2597,0.5574,H,H,0.5574
2026-10-24,GER-Bundesliga,2627,Freiburg,Bayern Munich,False,False,False,False,0.5363,0.2348,0.229,A,A,0.5363
2026-10-24,ENG-Premier League,2627,Manchester Utd,Bournemouth,False,False,False,False,0.2438,0.2228,0.5333,H,H,0.5333
2026-10-24,GER-Bundesliga,2627,Paderborn 07,Hamburger SV,False,False,True,False,0.2951,0.297,0.4079,H,H,0.4079
2026-10-24,ENG-Premier League,2627,Chelsea,Tottenham,False,False,False,False,0.2557,0.2456,0.4987,H,H,0.4987
2026-10-24,GER-Bundesliga,2627,Mainz 05,Werder Bremen,False,False,False,False,0.2581,0.2985,0.4434,H,H,0.4434
2026-10-24,GER-Bundesliga,2627,Stuttgart,Gladbach,False,False,False,False,0.1936,0.2569,0.5495,H,H,0.5495
2026-10-24,ENG-Premier League,2627,Hull City,Brentford,True,False,True,False,0.2812,0.2587,0.4602,H,H,0.4602
2026-10-24,GER-Bundesliga,2627,Augsburg,Union Berlin,False,False,False,False,0.278,0.3067,0.4153,H,H,0.4153
2026-10-24,ENG-Premier League,2627,Crystal Palace,Newcastle,False,False,False,False,0.2998,0.2718,0.4284,H,H,0.4284
2026-10-24,ENG-Premier League,2627,Liverpool,Brighton,False,False,False,False,0.1866,0.1956,0.6178,H,H,0.6178
2026-10-24,FRA-Ligue 1,2627,Auxerre,Le Mans,False,False,False,True,0.2487,0.3119,0.4394,H,H,0.4394
2026-10-24,FRA-Ligue 1,2627,Monaco,Lille,False,False,False,False,0.2977,0.2796,0.4227,H,H,0.4227
2026-10-24,ENG-Premier League,2627,Arsenal,Everton,False,False,False,False,0.153,0.1746,0.6724,H,H,0.6724
2026-10-24,FRA-Ligue 1,2627,Angers,Lorient,False,False,False,False,0.3432,0.2975,0.3592,D,H,0.3592
2026-10-24,ENG-Premier League,2627,Coventry City,Fulham,True,False,True,False,0.2723,0.2563,0.4714,H,H,0.4714
2026-10-24,FRA-Ligue 1,2627,Marseille,Le Havre,False,False,False,False,0.146,0.2243,0.6296,H,H,0.6296
2026-10-24,FRA-Ligue 1,2627,Brest,Nice,False,False,True,False,0.2591,0.2989,0.442,H,H,0.442
2026-10-24,FRA-Ligue 1,2627,Toulouse,Troyes,False,False,False,False,0.2474,0.305,0.4476,H,H,0.4476
2026-10-24,ENG-Premier League,2627,Sunderland,Leeds United,False,False,False,False,0.3201,0.2785,0.4014,H,H,0.4014
2026-10-25,ITA-Serie A,2627,Cagliari,Bologna,False,False,False,False,0.3886,0.2905,0.3208,D,A,0.3886
2026-10-25,FRA-Ligue 1,2627,PSG,Lyon,False,False,False,True,0.118,0.1558,0.7261,H,H,0.7261
2026-10-25,ESP-La Liga,2627,Barcelona,Real Madrid,False,False,False,False,0.2866,0.2244,0.4891,H,H,0.4891
2026-10-25,ITA-Serie A,2627,Atalanta,Frosinone,False,False,False,False,0.121,0.2017,0.6773,H,H,0.6773
2026-10-25,ITA-Serie A,2627,Como,Sassuolo,False,False,False,False,0.1731,0.2536,0.5733,H,H,0.5733
2026-10-25,ITA-Serie A,2627,Genoa,Venezia,False,False,False,False,0.264,0.3055,0.4305,H,H,0.4305
2026-10-25,ESP-La Liga,2627,Atlético Madrid,Dep. A Coruña,False,False,False,True,0.1393,0.1701,0.6906,H,H,0.6906
2026-10-25,ITA-Serie A,2627,Udinese,Milan,False,False,False,False,0.4975,0.2641,0.2385,A,A,0.4975
2026-10-25,ESP-La Liga,2627,Sevilla,Osasuna,False,False,False,False,0.2956,0.3085,0.3959,H,H,0.3959
2026-10-25,ESP-La Liga,2627,Rayo Vallecano,Elche,False,False,False,False,0.2113,0.2655,0.5231,H,H,0.5231
2026-10-25,ESP-La Liga,2627,Celta Vigo,Real Betis,False,False,False,False,0.3304,0.2868,0.3828,D,H,0.3828
2026-10-25,ESP-La Liga,2627,Alavés,Málaga,False,False,False,True,0.2716,0.3167,0.4117,H,H,0.4117
2026-10-25,ESP-La Liga,2627,Athletic Club,Getafe,False,False,False,False,0.2544,0.2751,0.4706,H,H,0.4706
2026-10-25,ITA-Serie A,2627,Lazio,Parma,False,False,False,False,0.206,0.2595,0.5346,H,H,0.5346
2026-10-25,ITA-Serie A,2627,Napoli,Roma,False,False,False,False,0.2966,0.2714,0.432,H,H,0.432
2026-10-25,ESP-La Liga,2627,Racing Sant,Espanyol,True,False,True,False,0.2177,0.268,0.5143,H,H,0.5143
2026-10-25,ITA-Serie A,2627,Inter,Fiorentina,False,False,False,False,0.1198,0.167,0.7132,H,H,0.7132
2026-10-25,ESP-La Liga,2627,Real Sociedad,Levante,False,False,False,False,0.2465,0.2846,0.4689,H,H,0.4689
2026-10-25,ITA-Serie A,2627,Lecce,Juventus,False,False,False,False,0.5651,0.2458,0.1891,A,A,0.5651
2026-10-25,ITA-Serie A,2627,Torino,Monza,False,False,False,False,0.2494,0.3115,0.4391,H,H,0.4391
2026-10-25,ESP-La Liga,2627,Valencia,Villarreal,False,False,False,False,0.3448,0.2854,0.3699,D,H,0.3699
2026-10-28,ITA-Serie A,2627,Sassuolo,Lazio,False,False,False,False,0.3544,0.3063,0.3393,D,A,0.3544
2026-10-28,ITA-Serie A,2627,Venezia,Inter,False,False,False,False,0.5838,0.2353,0.1808,A,A,0.5838
2026-10-28,ITA-Serie A,2627,Torino,Como,False,False,False,False,0.4137,0.282,0.3043,A,A,0.4137
2026-10-28,ITA-Serie A,2627,Parma,Udinese,False,False,False,False,0.2998,0.3111,0.3891,D,H,0.3891
2026-10-28,ITA-Serie A,2627,Monza,Napoli,False,False,False,False,0.5345,0.2544,0.2111,A,A,0.5345
2026-10-28,ITA-Serie A,2627,Milan,Bologna,False,False,False,False,0.2088,0.2313,0.5599,H,H,0.5599
2026-10-28,ITA-Serie A,2627,Genoa,Juventus,False,False,False,False,0.5292,0.2494,0.2214,A,A,0.5292
2026-10-28,ITA-Serie A,2627,Fiorentina,Atalanta,False,False,False,False,0.3593,0.2927,0.348,D,A,0.3593
2026-10-28,ITA-Serie A,2627,Roma,Cagliari,False,False,False,False,0.1099,0.1912,0.6988,H,H,0.6988
2026-10-28,ITA-Serie A,2627,Frosinone,Lecce,False,False,False,False,0.2777,0.3367,0.3855,D,H,0.3855
2026-10-31,ENG-Premier League,2627,Liverpool,Arsenal,False,False,False,False,0.3951,0.2477,0.3572,D,A,0.3951
2026-10-31,FRA-Ligue 1,2627,Marseille,Toulouse,False,False,False,False,0.1851,0.2374,0.5775,H,H,0.5775
2026-10-31,FRA-Ligue 1,2627,Lille,Lens,False,False,False,False,0.2947,0.2783,0.4269,H,H,0.4269
2026-10-31,FRA-Ligue 1,2627,Lorient,Brest,False,False,False,True,0.2752,0.3144,0.4104,H,H,0.4104
2026-10-31,GER-Bundesliga,2627,Augsburg,Freiburg,False,False,False,False,0.3499,0.2966,0.3535,D,H,0.3535
2026-10-31,ENG-Premier League,2627,Bournemouth,Leeds United,False,False,False,False,0.2342,0.2501,0.5157,H,H,0.5157
2026-10-31,GER-Bundesliga,2627,Elversberg,Mainz 05,False,False,True,False,0.3961,0.2722,0.3317,D,A,0.3961
2026-10-31,FRA-Ligue 1,2627,Le Havre,PSG,False,False,False,False,0.6405,0.2,0.1595,A,A,0.6405
2026-10-31,ENG-Premier League,2627,Coventry City,Sunderland,True,False,True,False,0.2146,0.2471,0.5383,H,H,0.5383
2026-10-31,GER-Bundesliga,2627,Frankfurt,Hamburger SV,False,False,False,False,0.2334,0.293,0.4736,H,H,0.4736
2026-10-31,ENG-Premier League,2627,Newcastle,Everton,False,False,False,False,0.2539,0.23,0.5161,H,H,0.5161
2026-10-31,ENG-Premier League,2627,Manchester City,Brighton,False,False,False,False,0.1706,0.1913,0.6382,H,H,0.6382
2026-10-31,FRA-Ligue 1,2627,Lyon,Angers,False,False,True,False,0.1418,0.2183,0.6399,H,H,0.6399
2026-10-31,GER-Bundesliga,2627,Bayern Munich,Dortmund,False,False,False,False,0.1932,0.192,0.6148,H,H,0.6148
2026-10-31,FRA-Ligue 1,2627,Nice,Rennes,False,False,False,False,0.4159,0.2795,0.3046,A,A,0.4159
2026-10-31,FRA-Ligue 1,2627,Troyes,Le Mans,False,False,False,True,0.294,0.3288,0.3772,D,H,0.3772
2026-10-31,ENG-Premier League,2627,Aston Villa,Fulham,False,False,False,False,0.223,0.2175,0.5594,H,H,0.5594
2026-10-31,ENG-Premier League,2627,Hull City,Ipswich Town,True,False,True,False,0.1398,0.2225,0.6378,H,H,0.6378
2026-10-31,ENG-Premier League,2627,Tottenham,Crystal Palace,False,False,False,False,0.301,0.2732,0.4259,H,H,0.4259
2026-10-31,FRA-Ligue 1,2627,Paris FC,Monaco,False,False,False,False,0.342,0.2966,0.3614,D,H,0.3614
2026-10-31,FRA-Ligue 1,2627,Strasbourg,Auxerre,False,False,False,False,0.1882,0.2533,0.5585,H,H,0.5585
2026-10-31,GER-Bundesliga,2627,Schalke 04,RB Leipzig,False,False,False,False,0.5515,0.2545,0.194,A,A,0.5515
2026-10-31,ENG-Premier League,2627,Brentford,Nottingham,False,False,False,False,0.287,0.278,0.435,H,H,0.435
2026-10-31,ENG-Premier League,2627,Chelsea,Manchester Utd,False,False,False,False,0.3504,0.2626,0.3869,D,H,0.3869
2026-10-31,GER-Bundesliga,2627,Werder Bremen,Hoffenheim,False,False,False,False,0.3404,0.2996,0.36,D,H,0.36
2026-10-31,GER-Bundesliga,2627,Gladbach,Paderborn 07,False,False,False,True,0.2446,0.3103,0.4451,H,H,0.4451
2026-10-31,GER-Bundesliga,2627,Leverkusen,Stuttgart,False,False,False,False,0.2462,0.254,0.4998,H,H,0.4998
2026-10-31,GER-Bundesliga,2627,Union Berlin,Köln,False,False,False,False,0.2548,0.3113,0.4339,H,H,0.4339
2026-11-01,ITA-Serie A,2627,Milan,Inter,False,False,False,False,0.423,0.2532,0.3238,A,A,0.423
2026-11-01,ITA-Serie A,2627,Lazio,Cagliari,False,False,False,False,0.2019,0.2584,0.5398,H,H,0.5398
2026-11-01,ESP-La Liga,2627,Getafe,Sevilla,False,False,False,False,0.2588,0.3003,0.4409,H,H,0.4409
2026-11-01,ESP-La Liga,2627,Elche,Valencia,False,False,False,False,0.346,0.2991,0.3549,D,H,0.3549
2026-11-01,ITA-Serie A,2627,Sassuolo,Fiorentina,False,False,False,False,0.3116,0.3065,0.3819,D,H,0.3819
2026-11-01,ESP-La Liga,2627,Barcelona,Alavés,False,False,False,False,0.0923,0.1367,0.7709,H,H,0.7709
2026-11-01,ITA-Serie A,2627,Udinese,Roma,False,False,False,False,0.5284,0.2486,0.223,A,A,0.5284
2026-11-01,ESP-La Liga,2627,Dep. A Coruña,Osasuna,False,False,True,False,0.3543,0.292,0.3537,D,A,0.3543
2026-11-01,ESP-La Liga,2627,Villarreal,Espanyol,False,False,False,False,0.1757,0.2492,0.5751,H,H,0.5751
2026-11-01,ESP-La Liga,2627,Athletic Club,Real Sociedad,False,False,False,False,0.2628,0.28,0.4571,H,H,0.4571
2026-11-01,ITA-Serie A,2627,Lecce,Genoa,False,False,False,False,0.3061,0.3112,0.3827,D,H,0.3827
2026-11-01,ESP-La Liga,2627,Levante,Atlético Madrid,False,False,False,False,0.5223,0.251,0.2267,A,A,0.5223
2026-11-01,ESP-La Liga,2627,Real Betis,Málaga,False,False,False,True,0.1624,0.2294,0.6082,H,H,0.6082
2026-11-01,ITA-Serie A,2627,Bologna,Monza,False,False,False,False,0.1826,0.2485,0.5689,H,H,0.5689
2026-11-01,ESP-La Liga,2627,Rayo Vallecano,Celta Vigo,False,False,False,False,0.2847,0.2895,0.4258,H,H,0.4258
2026-11-01,ITA-Serie A,2627,Frosinone,Torino,False,False,False,False,0.3315,0.3156,0.353,D,H,0.353
2026-11-01,ITA-Serie A,2627,Juventus,Napoli,False,False,False,False,0.2929,0.2673,0.4398,H,H,0.4398
2026-11-01,ITA-Serie A,2627,Atalanta,Parma,False,False,False,False,0.132,0.2127,0.6553,H,H,0.6553
2026-11-01,ESP-La Liga,2627,Racing Sant,Real Madrid,True,False,True,False,0.5198,0.2405,0.2397,A,A,0.5198
2026-11-01,ITA-Serie A,2627,Como,Venezia,False,False,False,False,0.1353,0.2194,0.6453,H,H,0.6453
2026-11-07,ENG-Premier League,2627,Sunderland,Chelsea,False,False,False,False,0.3719,0.2649,0.3632,D,A,0.3719
2026-11-07,GER-Bundesliga,2627,RB Leipzig,Augsburg,False,False,False,False,0.1764,0.2456,0.578,H,H,0.578
2026-11-07,FRA-Ligue 1,2627,Rennes,Lille,False,False,False,False,0.3012,0.2812,0.4177,H,H,0.4177
2026-11-07,GER-Bundesliga,2627,Hamburger SV,Gladbach,False,False,False,False,0.3038,0.305,0.3912,H,H,0.3912
2026-11-07,GER-Bundesliga,2627,Mainz 05,Bayern Munich,False,False,False,False,0.5804,0.2193,0.2003,A,A,0.5804
2026-11-07,GER-Bundesliga,2627,Dortmund,Elversberg,False,False,False,True,0.1378,0.1866,0.6756,H,H,0.6756
2026-11-07,FRA-Ligue 1,2627,Toulouse,Strasbourg,False,False,False,False,0.3452,0.2962,0.3587,D,H,0.3587
2026-11-07,FRA-Ligue 1,2627,Lens,Marseille,False,False,False,False,0.2534,0.2665,0.4801,H,H,0.4801
2026-11-07,ENG-Premier League,2627,Nottingham,Manchester City,False,False,False,False,0.4614,0.2468,0.2918,A,A,0.4614
2026-11-07,GER-Bundesliga,2627,Freiburg,Union Berlin,False,False,False,False,0.2111,0.2657,0.5232,H,H,0.5232
2026-11-07,GER-Bundesliga,2627,Köln,Leverkusen,False,False,False,False,0.5145,0.2599,0.2255,A,A,0.5145
2026-11-07,GER-Bundesliga,2627,Hoffenheim,Schalke 04,False,False,False,False,0.1716,0.2336,0.5948,H,H,0.5948
2026-11-07,GER-Bundesliga,2627,Stuttgart,Werder Bremen,False,False,False,False,0.1674,0.2425,0.5901,H,H,0.5901
2026-11-07,GER-Bundesliga,2627,Paderborn 07,Frankfurt,False,False,True,False,0.4182,0.2775,0.3044,A,A,0.4182
2026-11-07,FRA-Ligue 1,2627,Le Mans,Monaco,False,False,True,False,0.4493,0.2676,0.2831,A,A,0.4493
2026-11-07,FRA-Ligue 1,2627,Brest,Lyon,False,False,True,True,0.3614,0.2959,0.3427,D,A,0.3614
2026-11-07,FRA-Ligue 1,2627,Auxerre,Paris FC,False,False,False,False,0.2849,0.3092,0.4059,H,H,0.4059
2026-11-07,ENG-Premier League,2627,Crystal Palace,Liverpool,False,False,False,False,0.4448,0.2467,0.3085,A,A,0.4448
2026-11-07,FRA-Ligue 1,2627,PSG,Troyes,False,False,False,False,0.0894,0.1424,0.7682,H,H,0.7682
2026-11-07,ENG-Premier League,2627,Fulham,Newcastle,False,False,False,False,0.3002,0.2722,0.4276,H,H,0.4276
2026-11-07,FRA-Ligue 1,2627,Angers,Nice,False,False,False,False,0.3109,0.313,0.3761,D,H,0.3761
2026-11-07,ENG-Premier League,2627,Everton,Coventry City,False,True,False,True,0.2974,0.2704,0.4322,H,H,0.4322
2026-11-07,ENG-Premier League,2627,Ipswich Town,Bournemouth,False,False,False,False,0.4727,0.2673,0.2601,A,A,0.4727
2026-11-07,ENG-Premier League,2627,Leeds United,Tottenham,False,False,False,False,0.3039,0.2708,0.4253,H,H,0.4253
2026-11-07,ENG-Premier League,2627,Arsenal,Hull City,False,True,False,True,0.1793,0.1784,0.6422,H,H,0.6422
2026-11-07,ENG-Premier League,2627,Manchester Utd,Aston Villa,False,False,False,False,0.3101,0.2442,0.4457,H,H,0.4457
2026-11-07,ENG-Premier League,2627,Brighton,Brentford,False,False,False,False,0.279,0.2803,0.4406,H,H,0.4406
2026-11-07,FRA-Ligue 1,2627,Le Havre,Lorient,False,False,False,False,0.3209,0.3049,0.3742,D,H,0.3742
2026-11-08,ITA-Serie A,2627,Torino,Lecce,False,False,False,False,0.2358,0.2907,0.4734,H,H,0.4734
2026-11-08,ITA-Serie A,2627,Fiorentina,Juventus,False,False,False,False,0.4176,0.2746,0.3078,A,A,0.4176
2026-11-08,ITA-Serie A,2627,Genoa,Milan,False,False,False,False,0.5436,0.2463,0.2101,A,A,0.5436
2026-11-08,ITA-Serie A,2627,Roma,Sassuolo,False,False,False,False,0.1282,0.1969,0.6748,H,H,0.6748
2026-11-08,ITA-Serie A,2627,Monza,Atalanta,False,False,False,False,0.5149,0.262,0.2231,A,A,0.5149
2026-11-08,ITA-Serie A,2627,Napoli,Lazio,False,False,False,False,0.215,0.2318,0.5532,H,H,0.5532
2026-11-08,ITA-Serie A,2627,Cagliari,Frosinone,False,False,False,False,0.2614,0.327,0.4116,H,H,0.4116
2026-11-08,ITA-Serie A,2627,Inter,Como,False,False,False,False,0.1743,0.1926,0.6331,H,H,0.6331
2026-11-08,ITA-Serie A,2627,Parma,Bologna,False,False,False,False,0.382,0.2908,0.3272,D,A,0.382
2026-11-08,ITA-Serie A,2627,Venezia,Udinese,False,False,False,False,0.3141,0.3038,0.382,D,H,0.382
2026-11-08,ESP-La Liga,2627,Sevilla,Alavés,False,False,False,False,0.2874,0.3048,0.4079,H,H,0.4079
2026-11-08,ESP-La Liga,2627,Valencia,Real Madrid,False,False,False,False,0.537,0.2367,0.2263,A,A,0.537
2026-11-08,ESP-La Liga,2627,Real Sociedad,Rayo Vallecano,False,False,False,False,0.3142,0.2994,0.3864,D,H,0.3864
2026-11-08,ESP-La Liga,2627,Atlético Madrid,Barcelona,False,False,False,False,0.4004,0.247,0.3527,D,A,0.4004
2026-11-08,ESP-La Liga,2627,Osasuna,Athletic Club,False,False,False,False,0.3132,0.3037,0.3831,D,H,0.3831
2026-11-08,ESP-La Liga,2627,Villarreal,Getafe,False,False,False,False,0.1991,0.2561,0.5448,H,H,0.5448
2026-11-08,ESP-La Liga,2627,Espanyol,Dep. A Coruña,False,False,False,True,0.2442,0.3191,0.4367,H,H,0.4367
2026-11-08,ESP-La Liga,2627,Málaga,Racing Sant,False,True,True,True,0.4084,0.2809,0.3107,A,A,0.4084
2026-11-08,ESP-La Liga,2627,Elche,Real Betis,False,False,False,False,0.4773,0.2683,0.2544,A,A,0.4773
2026-11-08,ESP-La Liga,2627,Celta Vigo,Levante,False,False,False,False,0.2308,0.2776,0.4916,H,H,0.4916
2026-11-21,FRA-Ligue 1,2627,Monaco,Auxerre,False,False,False,False,0.1612,0.2287,0.6101,H,H,0.6101
2026-11-21,ENG-Premier League,2627,Liverpool,Manchester Utd,False,False,False,False,0.2757,0.2127,0.5115,H,H,0.5115
2026-11-21,GER-Bundesliga,2627,Union Berlin,RB Leipzig,False,False,False,False,0.492,0.2622,0.2459,A,A,0.492
2026-11-21,GER-Bundesliga,2627,Schalke 04,Stuttgart,False,False,False,False,0.5234,0.2536,0.223,A,A,0.5234
2026-11-21,ENG-Premier League,2627,Manchester City,Fulham,False,False,False,False,0.1582,0.172,0.6698,H,H,0.6698
2026-11-21,FRA-Ligue 1,2627,Nice,PSG,False,False,False,False,0.6111,0.2057,0.1832,A,A,0.6111
2026-11-21,GER-Bundesliga,2627,Frankfurt,Hoffenheim,False,False,False,False,0.312,0.307,0.381,D,H,0.381
2026-11-21,FRA-Ligue 1,2627,Strasbourg,Brest,False,False,False,True,0.2102,0.257,0.5328,H,H,0.5328
2026-11-21,GER-Bundesliga,2627,Gladbach,Dortmund,False,False,False,False,0.516,0.248,0.2359,A,A,0.516
2026-11-21,GER-Bundesliga,2627,Leverkusen,Paderborn 07,False,False,False,True,0.148,0.2124,0.6396,H,H,0.6396
2026-11-21,GER-Bundesliga,2627,Elversberg,Freiburg,False,False,True,False,0.3966,0.2749,0.3285,D,A,0.3966
2026-11-21,GER-Bundesliga,2627,Werder Bremen,Hamburger SV,False,False,False,False,0.2735,0.3233,0.4032,D,H,0.4032
2026-11-21,FRA-Ligue 1,2627,Marseille,Le Mans,False,False,False,True,0.14,0.208,0.6519,H,H,0.6519
2026-11-21,GER-Bundesliga,2627,Augsburg,Mainz 05,False,False,False,False,0.3089,0.3167,0.3744,D,H,0.3744
2026-11-21,FRA-Ligue 1,2627,Lens,Toulouse,False,False,False,False,0.1824,0.2539,0.5637,H,H,0.5637
2026-11-21,FRA-Ligue 1,2627,Lorient,Rennes,False,False,False,False,0.3594,0.3001,0.3405,D,A,0.3594
2026-11-21,ENG-Premier League,2627,Bournemouth,Nottingham,False,False,False,False,0.2585,0.2538,0.4877,H,H,0.4877
2026-11-21,ENG-Premier League,2627,Tottenham,Ipswich Town,False,False,False,False,0.1531,0.2055,0.6414,H,H,0.6414
2026-11-21,ENG-Premier League,2627,Hull City,Brighton,True,False,True,False,0.2869,0.2527,0.4604,H,H,0.4604
2026-11-21,FRA-Ligue 1,2627,Troyes,Le Havre,False,False,False,False,0.3191,0.3165,0.3644,D,H,0.3644
2026-11-21,FRA-Ligue 1,2627,Paris FC,Angers,False,False,False,False,0.2242,0.3121,0.4637,H,H,0.4637
2026-11-21,ENG-Premier League,2627,Coventry City,Crystal Palace,True,False,True,False,0.258,0.2508,0.4912,H,H,0.4912
2026-11-21,ENG-Premier League,2627,Newcastle,Arsenal,False,False,False,False,0.4348,0.2432,0.322,A,A,0.4348
2026-11-21,ENG-Premier League,2627,Aston Villa,Sunderland,False,False,False,False,0.1724,0.19,0.6376,H,H,0.6376
2026-11-21,ENG-Premier League,2627,Brentford,Everton,False,False,False,False,0.2713,0.2759,0.4528,H,H,0.4528
2026-11-21,ENG-Premier League,2627,Chelsea,Leeds United,False,False,False,False,0.2489,0.2264,0.5247,H,H,0.5247
2026-11-21,GER-Bundesliga,2627,Bayern Munich,Köln,False,False,False,False,0.0855,0.1286,0.786,H,H,0.786
2026-11-21,FRA-Ligue 1,2627,Lille,Lyon,False,False,False,True,0.2495,0.2557,0.4948,H,H,0.4948
2026-11-22,ESP-La Liga,2627,Athletic Club,Espanyol,False,False,False,False,0.2213,0.2627,0.5161,H,H,0.5161
2026-11-22,ESP-La Liga,2627,Alavés,Dep. A Coruña,False,False,False,True,0.2678,0.3253,0.4069,H,H,0.4069
2026-11-22,ESP-La Liga,2627,Barcelona,Villarreal,False,False,False,False,0.1525,0.1659,0.6816,H,H,0.6816
2026-11-22,ESP-La Liga,2627,Rayo Vallecano,Valencia,False,False,False,False,0.2918,0.288,0.4203,H,H,0.4203
2026-11-22,ITA-Serie A,2627,Milan,Frosinone,False,False,False,False,0.1147,0.1651,0.7202,H,H,0.7202
2026-11-22,ESP-La Liga,2627,Sevilla,Real Betis,False,False,False,False,0.4363,0.2728,0.2908,A,A,0.4363
2026-11-22,ITA-Serie A,2627,Monza,Fiorentina,False,False,False,False,0.423,0.2845,0.2925,A,A,0.423
2026-11-22,ESP-La Liga,2627,Getafe,Atlético Madrid,False,False,False,False,0.5167,0.2444,0.2388,A,A,0.5167
2026-11-22,ESP-La Liga,2627,Levante,Elche,False,False,False,False,0.2776,0.3226,0.3998,D,H,0.3998
2026-11-22,ESP-La Liga,2627,Racing Sant,Real Sociedad,True,False,True,False,0.2648,0.2979,0.4373,H,H,0.4373
2026-11-22,ITA-Serie A,2627,Como,Cagliari,False,False,False,False,0.1483,0.2268,0.6249,H,H,0.6249
2026-11-22,ITA-Serie A,2627,Bologna,Udinese,False,False,False,False,0.2236,0.2735,0.5029,H,H,0.5029
2026-11-22,ITA-Serie A,2627,Lazio,Lecce,False,False,False,False,0.1649,0.2374,0.5977,H,H,0.5977
2026-11-22,ITA-Serie A,2627,Napoli,Torino,False,False,False,False,0.1335,0.1839,0.6826,H,H,0.6826
2026-11-22,ITA-Serie A,2627,Atalanta,Inter,False,False,False,False,0.4677,0.2439,0.2885,A,A,0.4677
2026-11-22,ESP-La Liga,2627,Real Madrid,Celta Vigo,False,False,False,False,0.1156,0.1511,0.7332,H,H,0.7332
2026-11-22,ITA-Serie A,2627,Sassuolo,Genoa,False,False,False,False,0.2802,0.3214,0.3984,D,H,0.3984
2026-11-22,ESP-La Liga,2627,Osasuna,Málaga,False,False,False,True,0.242,0.3221,0.4359,H,H,0.4359
2026-11-22,ITA-Serie A,2627,Juventus,Venezia,False,False,False,False,0.1157,0.1737,0.7107,H,H,0.7107
2026-11-22,ITA-Serie A,2627,Parma,Roma,False,False,False,False,0.5424,0.2474,0.2102,A,A,0.5424
2026-11-28,FRA-Ligue 1,2627,Nice,Troyes,False,False,False,False,0.2402,0.3126,0.4472,H,H,0.4472
2026-11-28,ENG-Premier League,2627,Manchester Utd,Brentford,False,False,False,False,0.2332,0.2234,0.5433,H,H,0.5433
2026-11-28,ENG-Premier League,2627,Leeds United,Coventry City,False,True,False,True,0.32,0.2712,0.4089,H,H,0.4089
2026-11-28,GER-Bundesliga,2627,Freiburg,RB Leipzig,False,False,False,False,0.3303,0.2742,0.3955,D,H,0.3955
2026-11-28,ENG-Premier League,2627,Arsenal,Manchester City,False,False,False,False,0.2547,0.2265,0.5188,H,H,0.5188
2026-11-28,GER-Bundesliga,2627,Hamburger SV,Bayern Munich,False,False,False,False,0.6104,0.2067,0.1829,A,A,0.6104
2026-11-28,FRA-Ligue 1,2627,Lyon,Monaco,False,False,True,False,0.2816,0.2758,0.4426,H,H,0.4426
2026-11-28,ENG-Premier League,2627,Fulham,Bournemouth,False,False,False,False,0.3116,0.2782,0.4102,H,H,0.4102
2026-11-28,FRA-Ligue 1,2627,Toulouse,Rennes,False,False,False,False,0.3554,0.2957,0.3489,D,A,0.3554
2026-11-28,FRA-Ligue 1,2627,PSG,Lorient,False,False,False,False,0.0958,0.1427,0.7615,H,H,0.7615
2026-11-28,ENG-Premier League,2627,Brighton,Newcastle,False,False,False,False,0.2865,0.2705,0.443,H,H,0.443
2026-11-28,ENG-Premier League,2627,Everton,Liverpool,False,False,False,False,0.4498,0.2478,0.3024,A,A,0.4498
2026-11-28,ENG-Premier League,2627,Ipswich Town,Aston Villa,False,False,False,False,0.5674,0.2268,0.2059,A,A,0.5674
2026-11-28,ENG-Premier League,2627,Crystal Palace,Hull City,False,True,False,True,0.2971,0.2702,0.4327,H,H,0.4327
2026-11-28,FRA-Ligue 1,2627,Brest,Paris FC,False,False,True,False,0.2777,0.3097,0.4126,H,H,0.4126
2026-11-28,GER-Bundesliga,2627,Mainz 05,Union Berlin,False,False,False,False,0.2561,0.2948,0.4491,H,H,0.4491
2026-11-28,ENG-Premier League,2627,Sunderland,Tottenham,False,False,False,False,0.3095,0.2772,0.4133,H,H,0.4133
2026-11-28,ENG-Premier League,2627,Nottingham,Chelsea,False,False,False,False,0.2913,0.2717,0.437,H,H,0.437
2026-11-28,FRA-Ligue 1,2627,Angers,Lens,False,False,False,False,0.5146,0.2678,0.2176,A,A,0.5146
2026-11-28,GER-Bundesliga,2627,Köln,Elversberg,False,False,False,True,0.2664,0.3191,0.4145,H,H,0.4145
2026-11-28,GER-Bundesliga,2627,Dortmund,Leverkusen,False,False,False,False,0.2765,0.2404,0.4831,H,H,0.4831
2026-11-28,FRA-Ligue 1,2627,Le Havre,Strasbourg,False,False,False,False,0.4406,0.2766,0.2828,A,A,0.4406
2026-11-28,GER-Bundesliga,2627,Stuttgart,Frankfurt,False,False,False,False,0.2312,0.2727,0.4961,H,H,0.4961
2026-11-28,FRA-Ligue 1,2627,Auxerre,Marseille,False,False,False,False,0.4364,0.2898,0.2738,A,A,0.4364
2026-11-28,GER-Bundesliga,2627,Paderborn 07,Schalke 04,False,False,True,False,0.2626,0.3009,0.4364,H,H,0.4364
2026-11-28,FRA-Ligue 1,2627,Le Mans,Lille,False,False,True,False,0.4553,0.2663,0.2784,A,A,0.4553
2026-11-28,GER-Bundesliga,2627,Hoffenheim,Augsburg,False,False,False,False,0.225,0.2641,0.5109,H,H,0.5109
2026-11-28,GER-Bundesliga,2627,Werder Bremen,Gladbach,False,False,False,False,0.2965,0.3069,0.3965,H,H,0.3965
2026-11-29,ITA-Serie A,2627,Torino,Lazio,False,False,False,False,0.3334,0.3029,0.3637,D,H,0.3637
2026-11-29,ESP-La Liga,2627,Celta Vigo,Villarreal,False,False,False,False,0.3391,0.2835,0.3774,D,H,0.3774
2026-11-29,ITA-Serie A,2627,Como,Juventus,False,False,False,False,0.2992,0.2773,0.4235,H,H,0.4235
2026-11-29,ITA-Serie A,2627,Inter,Genoa,False,False,False,False,0.1049,0.1508,0.7442,H,H,0.7442
2026-11-29,ESP-La Liga,2627,Levante,Racing Sant,False,True,False,True,0.3589,0.2988,0.3422,D,A,0.3589
2026-11-29,ITA-Serie A,2627,Frosinone,Parma,False,False,False,False,0.3102,0.3141,0.3758,D,H,0.3758
2026-11-29,ITA-Serie A,2627,Roma,Monza,False,False,False,False,0.1182,0.1864,0.6955,H,H,0.6955
2026-11-29,ITA-Serie A,2627,Cagliari,Milan,False,False,False,False,0.5538,0.2455,0.2007,A,A,0.5538
2026-11-29,ITA-Serie A,2627,Lecce,Atalanta,False,False,False,False,0.5454,0.2573,0.1972,A,A,0.5454
2026-11-29,ITA-Serie A,2627,Sassuolo,Napoli,False,False,False,False,0.5319,0.2434,0.2247,A,A,0.5319
2026-11-29,ESP-La Liga,2627,Málaga,Athletic Club,False,False,True,False,0.3771,0.2879,0.335,D,A,0.3771
2026-11-29,ESP-La Liga,2627,Real Sociedad,Sevilla,False,False,False,False,0.233,0.2789,0.488,H,H,0.488
2026-11-29,ESP-La Liga,2627,Real Madrid,Alavés,False,False,False,False,0.0955,0.1402,0.7642,H,H,0.7642
2026-11-29,ESP-La Liga,2627,Valencia,Osasuna,False,False,False,False,0.2581,0.2851,0.4568,H,H,0.4568
2026-11-29,ESP-La Liga,2627,Dep. A Coruña,Barcelona,False,False,True,False,0.5911,0.2142,0.1946,A,A,0.5911
2026-11-29,ITA-Serie A,2627,Udinese,Fiorentina,False,False,False,False,0.3107,0.3069,0.3824,D,H,0.3824
2026-11-29,ESP-La Liga,2627,Espanyol,Getafe,False,False,False,False,0.2947,0.308,0.3973,H,H,0.3973
2026-11-29,ITA-Serie A,2627,Venezia,Bologna,False,False,False,False,0.4315,0.2917,0.2767,A,A,0.4315
2026-11-29,ESP-La Liga,2627,Elche,Atlético Madrid,False,False,False,False,0.539,0.2449,0.2161,A,A,0.539
2026-11-29,ESP-La Liga,2627,Real Betis,Rayo Vallecano,False,False,False,False,0.2349,0.2545,0.5105,H,H,0.5105
2026-12-02,ENG-Premier League,2627,Coventry City,Ipswich Town,True,False,True,False,0.1364,0.2261,0.6375,H,H,0.6375
2026-12-02,ENG-Premier League,2627,Chelsea,Crystal Palace,False,False,False,False,0.2675,0.2401,0.4924,H,H,0.4924
2026-12-02,ENG-Premier League,2627,Brentford,Arsenal,False,False,False,False,0.4714,0.2484,0.2801,A,A,0.4714
2026-12-02,ENG-Premier League,2627,Aston Villa,Everton,False,False,False,False,0.2123,0.2165,0.5712,H,H,0.5712
2026-12-02,ENG-Premier League,2627,Tottenham,Fulham,False,False,False,False,0.2887,0.2557,0.4556,H,H,0.4556
2026-12-02,ENG-Premier League,2627,Bournemouth,Brighton,False,False,False,False,0.2746,0.2732,0.4522,H,H,0.4522
2026-12-02,ENG-Premier League,2627,Hull City,Nottingham,True,False,True,False,0.275,0.2726,0.4524,H,H,0.4524
2026-12-02,ENG-Premier League,2627,Liverpool,Sunderland,False,False,False,False,0.1329,0.1734,0.6937,H,H,0.6937
2026-12-02,ENG-Premier League,2627,Manchester City,Leeds United,False,False,False,False,0.1458,0.1851,0.6692,H,H,0.6692
2026-12-02,ENG-Premier League,2627,Newcastle,Manchester Utd,False,False,False,False,0.3425,0.2633,0.3943,D,H,0.3943
2026-12-05,FRA-Ligue 1,2627,Rennes,Brest,False,False,False,True,0.207,0.2536,0.5394,H,H,0.5394
2026-12-05,ENG-Premier League,2627,Aston Villa,Crystal Palace,False,False,False,False,0.2303,0.2175,0.5522,H,H,0.5522
2026-12-05,FRA-Ligue 1,2627,Marseille,Nice,False,False,False,False,0.1718,0.2446,0.5836,H,H,0.5836
2026-12-05,FRA-Ligue 1,2627,Lille,Auxerre,False,False,False,False,0.1735,0.2479,0.5786,H,H,0.5786
2026-12-05,GER-Bundesliga,2627,Frankfurt,Werder Bremen,False,False,False,False,0.2432,0.2894,0.4674,H,H,0.4674
2026-12-05,FRA-Ligue 1,2627,Strasbourg,Lorient,False,False,False,False,0.2028,0.2607,0.5365,H,H,0.5365
2026-12-05,FRA-Ligue 1,2627,Lens,Le Havre,False,False,False,False,0.145,0.2234,0.6315,H,H,0.6315
2026-12-05,GER-Bundesliga,2627,Bayern Munich,Paderborn 07,False,False,False,True,0.0959,0.1452,0.7589,H,H,0.7589
2026-12-05,ENG-Premier League,2627,Bournemouth,Hull City,False,True,False,True,0.2773,0.2592,0.4635,H,H,0.4635
2026-12-05,ENG-Premier League,2627,Everton,Fulham,False,False,False,False,0.2878,0.2812,0.4311,H,H,0.4311
2026-12-05,GER-Bundesliga,2627,Elversberg,Stuttgart,False,False,True,False,0.4436,0.2724,0.284,A,A,0.4436
2026-12-05,FRA-Ligue 1,2627,Monaco,Angers,False,False,False,False,0.1271,0.1997,0.6732,H,H,0.6732
2026-12-05,FRA-Ligue 1,2627,Paris FC,Le Mans,False,False,False,True,0.2296,0.3085,0.4619,H,H,0.4619
2026-12-05,ENG-Premier League,2627,Brentford,Manchester City,False,False,False,False,0.4501,0.2511,0.2988,A,A,0.4501
2026-12-05,ENG-Premier League,2627,Newcastle,Sunderland,False,False,False,False,0.204,0.2337,0.5623,H,H,0.5623
2026-12-05,GER-Bundesliga,2627,Schalke 04,Dortmund,False,False,False,False,0.6092,0.2225,0.1683,A,A,0.6092
2026-12-05,ENG-Premier League,2627,Leeds United,Ipswich Town,False,False,False,False,0.1726,0.2435,0.5839,H,H,0.5839
2026-12-05,FRA-Ligue 1,2627,Troyes,Lyon,False,False,False,True,0.4578,0.285,0.2572,A,A,0.4578
2026-12-05,GER-Bundesliga,2627,Leverkusen,Gladbach,False,False,False,False,0.1595,0.2319,0.6086,H,H,0.6086
2026-12-05,GER-Bundesliga,2627,Augsburg,Köln,False,False,False,False,0.2503,0.3114,0.4384,H,H,0.4384
2026-12-05,GER-Bundesliga,2627,RB Leipzig,Mainz 05,False,False,False,False,0.1954,0.25,0.5546,H,H,0.5546
2026-12-05,ENG-Premier League,2627,Chelsea,Liverpool,False,False,False,False,0.3842,0.2487,0.3671,D,A,0.3842
2026-12-05,ENG-Premier League,2627,Tottenham,Arsenal,False,False,False,False,0.4592,0.2548,0.286,A,A,0.4592
2026-12-05,GER-Bundesliga,2627,Freiburg,Hoffenheim,False,False,False,False,0.277,0.2799,0.4432,H,H,0.4432
2026-12-05,ENG-Premier League,2627,Manchester Utd,Coventry City,False,True,False,True,0.2282,0.2208,0.551,H,H,0.551
2026-12-05,GER-Bundesliga,2627,Union Berlin,Hamburger SV,False,False,False,False,0.2618,0.315,0.4232,H,H,0.4232
2026-12-05,FRA-Ligue 1,2627,Toulouse,PSG,False,False,False,False,0.6219,0.1982,0.1799,A,A,0.6219
2026-12-05,ENG-Premier League,2627,Nottingham,Brighton,False,False,False,False,0.2919,0.282,0.4261,H,H,0.4261
2026-12-06,ITA-Serie A,2627,Genoa,Torino,False,False,False,False,0.2891,0.3063,0.4046,H,H,0.4046
2026-12-06,ITA-Serie A,2627,Monza,Como,False,False,False,False,0.4592,0.2747,0.2661,A,A,0.4592
2026-12-06,ITA-Serie A,2627,Napoli,Lecce,False,False,False,False,0.1098,0.1676,0.7226,H,H,0.7226
2026-12-06,ITA-Serie A,2627,Bologna,Roma,False,False,False,False,0.3836,0.2756,0.3408,D,A,0.3836
2026-12-06,ESP-La Liga,2627,Villarreal,Real Sociedad,False,False,False,False,0.2284,0.267,0.5046,H,H,0.5046
2026-12-06,ITA-Serie A,2627,Milan,Parma,False,False,False,False,0.1268,0.1848,0.6884,H,H,0.6884
2026-12-06,ITA-Serie A,2627,Venezia,Sassuolo,False,False,False,False,0.2983,0.3112,0.3905,D,H,0.3905
2026-12-06,ITA-Serie A,2627,Fiorentina,Cagliari,False,False,False,False,0.2303,0.2856,0.4841,H,H,0.4841
2026-12-06,ITA-Serie A,2627,Frosinone,Inter,False,False,False,False,0.627,0.2172,0.1558,A,A,0.627
2026-12-06,ITA-Serie A,2627,Juventus,Udinese,False,False,False,False,0.1484,0.2035,0.6481,H,H,0.6481
2026-12-06,ESP-La Liga,2627,Getafe,Valencia,False,False,False,False,0.3178,0.3049,0.3773,D,H,0.3773
2026-12-06,ESP-La Liga,2627,Barcelona,Celta Vigo,False,False,False,False,0.117,0.1585,0.7245,H,H,0.7245
2026-12-06,ESP-La Liga,2627,Atlético Madrid,Real Betis,False,False,False,False,0.2157,0.2138,0.5705,H,H,0.5705
2026-12-06,ESP-La Liga,2627,Athletic Club,Real Madrid,False,False,False,False,0.5038,0.2364,0.2598,A,A,0.5038
2026-12-06,ESP-La Liga,2627,Alavés,Espanyol,False,False,False,False,0.2822,0.3047,0.4131,H,H,0.4131
2026-12-06,ESP-La Liga,2627,Sevilla,Málaga,False,False,False,True,0.2456,0.3172,0.4372,H,H,0.4372
2026-12-06,ESP-La Liga,2627,Rayo Vallecano,Levante,False,False,False,False,0.2191,0.2686,0.5124,H,H,0.5124
2026-12-06,ESP-La Liga,2627,Osasuna,Elche,False,False,False,False,0.2463,0.2874,0.4663,H,H,0.4663
2026-12-06,ITA-Serie A,2627,Lazio,Atalanta,False,False,False,False,0.3373,0.2799,0.3827,D,H,0.3827
2026-12-06,ESP-La Liga,2627,Racing Sant,Dep. A Coruña,True,False,True,True,0.2085,0.2628,0.5287,H,H,0.5287
2026-12-12,ENG-Premier League,2627,Liverpool,Leeds United,False,False,False,False,0.1774,0.1996,0.623,H,H,0.623
2026-12-12,ENG-Premier League,2627,Manchester City,Chelsea,False,False,False,False,0.2015,0.1975,0.601,H,H,0.601
2026-12-12,ENG-Premier League,2627,Fulham,Brentford,False,False,False,False,0.2919,0.2802,0.4279,H,H,0.4279
2026-12-12,GER-Bundesliga,2627,Mainz 05,Freiburg,False,False,False,False,0.3255,0.2997,0.3749,D,H,0.3749
2026-12-12,FRA-Ligue 1,2627,Lorient,Lille,False,False,False,False,0.4284,0.2853,0.2863,A,A,0.4284
2026-12-12,GER-Bundesliga,2627,Paderborn 07,Elversberg,False,False,True,True,0.2891,0.3196,0.3913,D,H,0.3913
2026-12-12,GER-Bundesliga,2627,Köln,RB Leipzig,False,False,False,False,0.5148,0.2586,0.2266,A,A,0.5148
2026-12-12,FRA-Ligue 1,2627,Rennes,Monaco,False,False,False,False,0.2894,0.2795,0.4311,H,H,0.4311
2026-12-12,GER-Bundesliga,2627,Hamburger SV,Schalke 04,False,False,False,False,0.2629,0.3062,0.4308,H,H,0.4308
2026-12-12,ENG-Premier League,2627,Hull City,Tottenham,True,False,True,False,0.2576,0.249,0.4934,H,H,0.4934
2026-12-12,ENG-Premier League,2627,Ipswich Town,Newcastle,False,False,False,False,0.5294,0.2463,0.2243,A,A,0.5294
2026-12-12,GER-Bundesliga,2627,Hoffenheim,Bayern Munich,False,False,False,False,0.5429,0.2262,0.2309,A,A,0.5429
2026-12-12,GER-Bundesliga,2627,Stuttgart,Union Berlin,False,False,False,False,0.1671,0.2455,0.5874,H,H,0.5874
2026-12-12,ENG-Premier League,2627,Coventry City,Aston Villa,True,False,True,False,0.3508,0.2621,0.3871,D,H,0.3871
2026-12-12,GER-Bundesliga,2627,Gladbach,Frankfurt,False,False,False,False,0.2997,0.3091,0.3913,H,H,0.3913
2026-12-12,ENG-Premier League,2627,Brighton,Everton,False,False,False,False,0.2571,0.269,0.4739,H,H,0.4739
2026-12-12,FRA-Ligue 1,2627,Le Havre,Le Mans,False,False,False,True,0.2653,0.3238,0.4109,H,H,0.4109
2026-12-12,FRA-Ligue 1,2627,Angers,Strasbourg,False,False,False,False,0.4561,0.2714,0.2726,A,A,0.4561
2026-12-12,GER-Bundesliga,2627,Werder Bremen,Leverkusen,False,False,False,False,0.4662,0.263,0.2708,A,A,0.4662
2026-12-12,FRA-Ligue 1,2627,Nice,Lens,False,False,False,False,0.4386,0.2753,0.2861,A,A,0.4386
2026-12-12,FRA-Ligue 1,2627,Brest,Troyes,False,False,True,False,0.2187,0.3052,0.4761,H,H,0.4761
2026-12-12,ENG-Premier League,2627,Crystal Palace,Manchester Utd,False,False,False,False,0.3607,0.2718,0.3674,D,H,0.3674
2026-12-12,FRA-Ligue 1,2627,PSG,Paris FC,False,False,False,False,0.0982,0.144,0.7578,H,H,0.7578
2026-12-12,ENG-Premier League,2627,Arsenal,Bournemouth,False,False,False,False,0.1563,0.1777,0.666,H,H,0.666
2026-12-12,GER-Bundesliga,2627,Dortmund,Augsburg,False,False,False,False,0.1209,0.1874,0.6917,H,H,0.6917
2026-12-12,ENG-Premier League,2627,Sunderland,Nottingham,False,False,False,False,0.3343,0.2778,0.3879,D,H,0.3879
2026-12-12,FRA-Ligue 1,2627,Auxerre,Toulouse,False,False,False,False,0.303,0.3052,0.3918,H,H,0.3918
2026-12-13,ITA-Serie A,2627,Cagliari,Venezia,False,False,False,False,0.275,0.3086,0.4164,H,H,0.4164
2026-12-13,ESP-La Liga,2627,Villarreal,Rayo Vallecano,False,False,False,False,0.2291,0.2537,0.5173,H,H,0.5173
2026-12-13,ITA-Serie A,2627,Inter,Torino,False,False,False,False,0.1104,0.1588,0.7308,H,H,0.7308
2026-12-13,ESP-La Liga,2627,Real Madrid,Osasuna,False,False,False,False,0.11,0.1538,0.7362,H,H,0.7362
2026-12-13,ESP-La Liga,2627,Elche,Sevilla,False,False,False,False,0.2861,0.3062,0.4077,H,H,0.4077
2026-12-13,ESP-La Liga,2627,Real Betis,Racing Sant,False,True,False,True,0.2294,0.247,0.5237,H,H,0.5237
2026-12-13,FRA-Ligue 1,2627,Lyon,Marseille,False,False,True,False,0.3024,0.2705,0.4271,H,H,0.4271
2026-12-13,ESP-La Liga,2627,Levante,Alavés,False,False,False,False,0.2914,0.3051,0.4036,H,H,0.4036
2026-12-13,ITA-Serie A,2627,Parma,Fiorentina,False,False,False,False,0.3283,0.3046,0.367,D,H,0.367
2026-12-13,ITA-Serie A,2627,Udinese,Frosinone,False,False,False,False,0.2405,0.3161,0.4434,H,H,0.4434
2026-12-13,ESP-La Liga,2627,Real Sociedad,Getafe,False,False,False,False,0.2654,0.288,0.4466,H,H,0.4466
2026-12-13,ESP-La Liga,2627,Málaga,Barcelona,False,False,True,False,0.5886,0.2143,0.1971,A,A,0.5886
2026-12-13,ESP-La Liga,2627,Espanyol,Celta Vigo,False,False,False,False,0.3324,0.3016,0.3661,D,H,0.3661
2026-12-13,ITA-Serie A,2627,Como,Bologna,False,False,False,False,0.2482,0.2707,0.4811,H,H,0.4811
2026-12-13,ITA-Serie A,2627,Napoli,Milan,False,False,False,False,0.276,0.2548,0.4692,H,H,0.4692
2026-12-13,ITA-Serie A,2627,Atalanta,Genoa,False,False,False,False,0.1414,0.2242,0.6344,H,H,0.6344
2026-12-13,ITA-Serie A,2627,Lecce,Sassuolo,False,False,False,False,0.3163,0.3081,0.3756,D,H,0.3756
2026-12-13,ITA-Serie A,2627,Juventus,Monza,False,False,False,False,0.1198,0.1872,0.6931,H,H,0.6931
2026-12-13,ESP-La Liga,2627,Atlético Madrid,Valencia,False,False,False,False,0.1667,0.2002,0.6332,H,H,0.6332
2026-12-13,ESP-La Liga,2627,Dep. A Coruña,Athletic Club,False,False,True,False,0.4217,0.274,0.3043,A,A,0.4217
2026-12-13,ITA-Serie A,2627,Lazio,Roma,False,False,False,False,0.3523,0.2809,0.3668,D,H,0.3668
2026-12-19,GER-Bundesliga,2627,Mainz 05,Köln,False,False,False,False,0.2474,0.3034,0.4491,H,H,0.4491
2026-12-19,ENG-Premier League,2627,Manchester City,Hull City,False,True,False,True,0.1918,0.1958,0.6124,H,H,0.6124
2026-12-19,ENG-Premier League,2627,Chelsea,Aston Villa,False,False,False,False,0.351,0.2595,0.3895,D,H,0.3895
2026-12-19,ENG-Premier League,2627,Liverpool,Tottenham,False,False,False,False,0.2042,0.2,0.5959,H,H,0.5959
2026-12-19,GER-Bundesliga,2627,Schalke 04,Gladbach,False,False,False,False,0.439,0.271,0.2901,A,A,0.439
2026-12-19,ENG-Premier League,2627,Brighton,Ipswich Town,False,False,False,False,0.1536,0.2338,0.6126,H,H,0.6126
2026-12-19,ENG-Premier League,2627,Leeds United,Fulham,False,False,False,False,0.2887,0.2829,0.4284,H,H,0.4284
2026-12-19,ENG-Premier League,2627,Brentford,Newcastle,False,False,False,False,0.2959,0.2737,0.4304,H,H,0.4304
2026-12-19,ENG-Premier League,2627,Nottingham,Everton,False,False,False,False,0.2759,0.2823,0.4418,H,H,0.4418
2026-12-19,GER-Bundesliga,2627,RB Leipzig,Dortmund,False,False,False,False,0.3335,0.2708,0.3957,D,H,0.3957
2026-12-19,ENG-Premier League,2627,Bournemouth,Coventry City,False,True,False,True,0.2773,0.2592,0.4635,H,H,0.4635
2026-12-19,GER-Bundesliga,2627,Union Berlin,Hoffenheim,False,False,False,False,0.343,0.3013,0.3557,D,H,0.3557
2026-12-19,GER-Bundesliga,2627,Bayern Munich,Werder Bremen,False,False,False,False,0.0951,0.144,0.7608,H,H,0.7608
2026-12-19,GER-Bundesliga,2627,Augsburg,Paderborn 07,False,False,False,True,0.2523,0.3113,0.4364,H,H,0.4364
2026-12-19,GER-Bundesliga,2627,Elversberg,Hamburger SV,False,False,True,False,0.2958,0.2972,0.407,H,H,0.407
2026-12-19,GER-Bundesliga,2627,Leverkusen,Frankfurt,False,False,False,False,0.1947,0.258,0.5473,H,H,0.5473
2026-12-19,GER-Bundesliga,2627,Freiburg,Stuttgart,False,False,False,False,0.3048,0.2815,0.4137,H,H,0.4137
2026-12-19,ENG-Premier League,2627,Sunderland,Crystal Palace,False,False,False,False,0.3303,0.2771,0.3926,D,H,0.3926
2026-12-19,ENG-Premier League,2627,Arsenal,Manchester Utd,False,False,False,False,0.2022,0.1957,0.6021,H,H,0.6021
2026-12-20,ITA-Serie A,2627,Frosinone,Lazio,False,False,False,False,0.5087,0.272,0.2193,A,A,0.5087
2026-12-20,ITA-Serie A,2627,Atalanta,Napoli,False,False,False,False,0.2947,0.2707,0.4346,H,H,0.4346
2026-12-20,ITA-Serie A,2627,Torino,Cagliari,False,False,False,False,0.2562,0.3029,0.4409,H,H,0.4409
2026-12-20,ITA-Serie A,2627,Sassuolo,Parma,False,False,False,False,0.2755,0.3092,0.4153,H,H,0.4153
2026-12-20,ITA-Serie A,2627,Lecce,Inter,False,False,False,False,0.6187,0.2289,0.1525,A,A,0.6187
2026-12-20,ESP-La Liga,2627,Athletic Club,Real Betis,False,False,False,False,0.3498,0.2848,0.3654,D,H,0.3654
2026-12-20,ITA-Serie A,2627,Milan,Como,False,False,False,False,0.2826,0.2467,0.4707,H,H,0.4707
2026-12-20,ITA-Serie A,2627,Genoa,Udinese,False,False,False,False,0.304,0.3055,0.3904,H,H,0.3904
2026-12-20,ITA-Serie A,2627,Roma,Juventus,False,False,False,False,0.2793,0.2704,0.4503,H,H,0.4503
2026-12-20,ITA-Serie A,2627,Fiorentina,Bologna,False,False,False,False,0.3151,0.3039,0.381,D,H,0.381
2026-12-20,ESP-La Liga,2627,Osasuna,Villarreal,False,False,False,False,0.3852,0.2856,0.3292,D,A,0.3852
2026-12-20,ESP-La Liga,2627,Rayo Vallecano,Málaga,False,False,False,True,0.2147,0.2774,0.5079,H,H,0.5079
2026-12-20,ITA-Serie A,2627,Venezia,Monza,False,False,False,False,0.2655,0.3118,0.4227,H,H,0.4227
2026-12-20,ESP-La Liga,2627,Alavés,Elche,False,False,False,False,0.2792,0.3078,0.4131,H,H,0.4131
2026-12-20,ESP-La Liga,2627,Valencia,Espanyol,False,False,False,False,0.2377,0.2807,0.4816,H,H,0.4816
2026-12-20,ESP-La Liga,2627,Celta Vigo,Atlético Madrid,False,False,False,False,0.4826,0.2529,0.2645,A,A,0.4826
2026-12-20,ESP-La Liga,2627,Sevilla,Racing Sant,False,True,False,True,0.3325,0.3026,0.3648,D,H,0.3648
2026-12-20,ESP-La Liga,2627,Barcelona,Real Sociedad,False,False,False,False,0.1123,0.1548,0.7329,H,H,0.7329
2026-12-20,ESP-La Liga,2627,Getafe,Levante,False,False,False,False,0.2579,0.2958,0.4463,H,H,0.4463
2026-12-20,ESP-La Liga,2627,Dep. A Coruña,Real Madrid,False,False,True,False,0.5944,0.2138,0.1918,A,A,0.5944
2026-12-26,ENG-Premier League,2627,Crystal Palace,Arsenal,False,False,False,False,0.4832,0.2443,0.2725,A,A,0.4832
2026-12-26,ENG-Premier League,2627,Hull City,Liverpool,True,False,True,False,0.4125,0.2425,0.345,D,A,0.4125
2026-12-26,ENG-Premier League,2627,Ipswich Town,Brentford,False,False,False,False,0.472,0.2665,0.2615,A,A,0.472
2026-12-26,ENG-Premier League,2627,Everton,Sunderland,False,False,False,False,0.2461,0.266,0.4879,H,H,0.4879
2026-12-26,ENG-Premier League,2627,Fulham,Brighton,False,False,False,False,0.2959,0.2814,0.4227,H,H,0.4227
2026-12-26,ENG-Premier League,2627,Tottenham,Bournemouth,False,False,False,False,0.3177,0.2591,0.4232,H,H,0.4232
2026-12-26,ENG-Premier League,2627,Manchester Utd,Nottingham,False,False,False,False,0.2453,0.2333,0.5214,H,H,0.5214
2026-12-26,ENG-Premier League,2627,Newcastle,Manchester City,False,False,False,False,0.4077,0.2492,0.3432,D,A,0.4077
2026-12-26,ENG-Premier League,2627,Aston Villa,Leeds United,False,False,False,False,0.211,0.2184,0.5706,H,H,0.5706
2026-12-26,ENG-Premier League,2627,Coventry City,Chelsea,True,False,True,False,0.2869,0.2627,0.4504,H,H,0.4504
2026-12-30,ENG-Premier League,2627,Crystal Palace,Bournemouth,False,False,False,False,0.3125,0.2786,0.409,H,H,0.409
2026-12-30,ENG-Premier League,2627,Tottenham,Brighton,False,False,False,False,0.3093,0.2569,0.4338,H,H,0.4338
2026-12-30,ENG-Premier League,2627,Aston Villa,Liverpool,False,False,False,False,0.3205,0.2298,0.4498,H,H,0.4498
2026-12-30,ENG-Premier League,2627,Everton,Manchester City,False,False,False,False,0.4687,0.2519,0.2794,A,A,0.4687
2026-12-30,ENG-Premier League,2627,Fulham,Arsenal,False,False,False,False,0.4714,0.2534,0.2752,A,A,0.4714
2026-12-30,ENG-Premier League,2627,Hull City,Leeds United,True,False,True,False,0.2291,0.2384,0.5325,H,H,0.5325
2026-12-30,ENG-Premier League,2627,Ipswich Town,Chelsea,False,False,False,False,0.5197,0.2503,0.2299,A,A,0.5197
2026-12-30,ENG-Premier League,2627,Newcastle,Nottingham,False,False,False,False,0.2768,0.2445,0.4787,H,H,0.4787
2026-12-30,ENG-Premier League,2627,Coventry City,Brentford,True,False,True,False,0.2742,0.2598,0.4661,H,H,0.4661
2026-12-30,ENG-Premier League,2627,Manchester Utd,Sunderland,False,False,False,False,0.1675,0.2061,0.6265,H,H,0.6265
2027-01-02,FRA-Ligue 1,2627,Toulouse,Angers,False,False,False,False,0.2535,0.3271,0.4194,H,H,0.4194
2027-01-02,FRA-Ligue 1,2627,Le Mans,Lyon,False,False,True,True,0.4326,0.2819,0.2855,A,A,0.4326
2027-01-02,ENG-Premier League,2627,Manchester City,Tottenham,False,False,False,False,0.1897,0.1858,0.6245,H,H,0.6245
2027-01-02,FRA-Ligue 1,2627,Troyes,Rennes,False,False,False,False,0.5044,0.265,0.2306,A,A,0.5044
2027-01-02,FRA-Ligue 1,2627,Lille,Strasbourg,False,False,False,False,0.2453,0.2647,0.49,H,H,0.49
2027-01-02,FRA-Ligue 1,2627,Lorient,Auxerre,False,False,False,False,0.2733,0.332,0.3947,D,H,0.3947
2027-01-02,FRA-Ligue 1,2627,Brest,Marseille,False,False,True,False,0.3707,0.2958,0.3336,D,A,0.3707
2027-01-02,FRA-Ligue 1,2627,Monaco,Nice,False,False,False,False,0.1684,0.2486,0.583,H,H,0.583
2027-01-02,FRA-Ligue 1,2627,Paris FC,Le Havre,False,False,False,False,0.2257,0.3196,0.4547,H,H,0.4547
2027-01-02,ENG-Premier League,2627,Arsenal,Ipswich Town,False,False,False,False,0.0931,0.1525,0.7545,H,H,0.7545
2027-01-02,ENG-Premier League,2627,Leeds United,Everton,False,False,False,False,0.2784,0.2868,0.4348,H,H,0.4348
2027-01-02,ENG-Premier League,2627,Bournemouth,Aston Villa,False,False,False,False,0.329,0.2652,0.4059,D,H,0.4059
2027-01-02,ENG-Premier League,2627,Brighton,Manchester Utd,False,False,False,False,0.3329,0.2782,0.3889,D,H,0.3889
2027-01-02,ENG-Premier League,2627,Nottingham,Fulham,False,False,False,False,0.2699,0.2859,0.4441,H,H,0.4441
2027-01-02,ENG-Premier League,2627,Sunderland,Hull City,False,True,False,True,0.3401,0.2751,0.3848,D,H,0.3848
2027-01-02,ENG-Premier League,2627,Brentford,Crystal Palace,False,False,False,False,0.2722,0.2784,0.4494,H,H,0.4494
2027-01-02,ENG-Premier League,2627,Liverpool,Coventry City,False,True,False,True,0.1937,0.1931,0.6132,H,H,0.6132
2027-01-02,ENG-Premier League,2627,Chelsea,Newcastle,False,False,False,False,0.2913,0.268,0.4406,H,H,0.4406
2027-01-03,ITA-Serie A,2627,Bologna,Juventus,False,False,False,False,0.3806,0.2707,0.3488,D,A,0.3806
2027-01-03,ITA-Serie A,2627,Cagliari,Genoa,False,False,False,False,0.2943,0.3292,0.3765,D,H,0.3765
2027-01-03,ITA-Serie A,2627,Parma,Napoli,False,False,False,False,0.5551,0.2413,0.2036,A,A,0.5551
2027-01-03,ITA-Serie A,2627,Torino,Venezia,False,False,False,False,0.2404,0.3241,0.4355,H,H,0.4355
2027-01-03,ESP-La Liga,2627,Celta Vigo,Dep. A Coruña,False,False,False,True,0.2063,0.2695,0.5242,H,H,0.5242
2027-01-03,ESP-La Liga,2627,Real Betis,Alavés,False,False,False,False,0.1764,0.2452,0.5785,H,H,0.5785
2027-01-03,ITA-Serie A,2627,Inter,Sassuolo,False,False,False,False,0.1015,0.1446,0.7539,H,H,0.7539
2027-01-03,ITA-Serie A,2627,Fiorentina,Lazio,False,False,False,False,0.3158,0.308,0.3761,D,H,0.3761
2027-01-03,ITA-Serie A,2627,Roma,Frosinone,False,False,False,False,0.1101,0.1724,0.7175,H,H,0.7175
2027-01-03,ITA-Serie A,2627,Udinese,Atalanta,False,False,False,False,0.5013,0.2638,0.2348,A,A,0.5013
2027-01-03,ESP-La Liga,2627,Málaga,Elche,False,False,True,False,0.2766,0.3033,0.4201,H,H,0.4201
2027-01-03,ESP-La Liga,2627,Racing Sant,Athletic Club,True,False,True,False,0.2813,0.2942,0.4245,H,H,0.4245
2027-01-03,ITA-Serie A,2627,Como,Lecce,False,False,False,False,0.1261,0.204,0.6699,H,H,0.6699
2027-01-03,ESP-La Liga,2627,Levante,Valencia,False,False,False,False,0.3428,0.3026,0.3545,D,H,0.3545
2027-01-03,ESP-La Liga,2627,Rayo Vallecano,Atlético Madrid,False,False,False,False,0.4552,0.2555,0.2893,A,A,0.4552
2027-01-03,ESP-La Liga,2627,Real Madrid,Getafe,False,False,False,False,0.1069,0.1497,0.7433,H,H,0.7433
2027-01-03,FRA-Ligue 1,2627,Lens,PSG,False,False,False,False,0.5239,0.2299,0.2462,A,A,0.5239
2027-01-03,ESP-La Liga,2627,Real Sociedad,Osasuna,False,False,False,False,0.2762,0.312,0.4118,H,H,0.4118
2027-01-03,ESP-La Liga,2627,Espanyol,Barcelona,False,False,False,False,0.5984,0.2133,0.1883,A,A,0.5984
2027-01-03,ESP-La Liga,2627,Villarreal,Sevilla,False,False,False,False,0.1708,0.2497,0.5795,H,H,0.5795
2027-01-03,ITA-Serie A,2627,Monza,Milan,False,False,False,False,0.5378,0.2541,0.2081,A,A,0.5378
2027-01-06,ENG-Premier League,2627,Brighton,Bournemouth,False,False,False,False,0.2891,0.2809,0.43,H,H,0.43
2027-01-06,ENG-Premier League,2627,Everton,Aston Villa,False,False,False,False,0.3692,0.2689,0.3619,D,A,0.3692
2027-01-06,ITA-Serie A,2627,Frosinone,Bologna,False,False,False,False,0.4842,0.2759,0.24,A,A,0.4842
2027-01-06,ITA-Serie A,2627,Genoa,Monza,False,False,False,False,0.252,0.3134,0.4346,H,H,0.4346
2027-01-06,ITA-Serie A,2627,Venezia,Roma,False,False,False,False,0.5418,0.2509,0.2073,A,A,0.5418
2027-01-06,ENG-Premier League,2627,Crystal Palace,Chelsea,False,False,False,False,0.2899,0.2723,0.4379,H,H,0.4379
2027-01-06,ENG-Premier League,2627,Fulham,Tottenham,False,False,False,False,0.2617,0.268,0.4703,H,H,0.4703
2027-01-06,ITA-Serie A,2627,Lecce,Parma,False,False,False,False,0.2965,0.3216,0.3818,D,H,0.3818
2027-01-06,ENG-Premier League,2627,Ipswich Town,Coventry City,False,True,False,True,0.4838,0.2677,0.2485,A,A,0.4838
2027-01-06,ITA-Serie A,2627,Atalanta,Como,False,False,False,False,0.2687,0.2685,0.4628,H,H,0.4628
2027-01-06,ITA-Serie A,2627,Milan,Fiorentina,False,False,False,False,0.1881,0.2313,0.5806,H,H,0.5806
2027-01-06,ITA-Serie A,2627,Lazio,Inter,False,False,False,False,0.4866,0.2573,0.2561,A,A,0.4866
2027-01-06,ENG-Premier League,2627,Manchester Utd,Newcastle,False,False,False,False,0.2449,0.2245,0.5306,H,H,0.5306
2027-01-06,ENG-Premier League,2627,Nottingham,Hull City,False,True,False,True,0.2865,0.2728,0.4407,H,H,0.4407
2027-01-06,ITA-Serie A,2627,Sassuolo,Udinese,False,False,False,False,0.291,0.3075,0.4014,H,H,0.4014
2027-01-06,ENG-Premier League,2627,Leeds United,Manchester City,False,False,False,False,0.4897,0.252,0.2582,A,A,0.4897
2027-01-06,ENG-Premier League,2627,Sunderland,Liverpool,False,False,False,False,0.5053,0.2498,0.2449,A,A,0.5053
2027-01-06,ENG-Premier League,2627,Arsenal,Brentford,False,False,False,False,0.1481,0.1768,0.6751,H,H,0.6751
2027-01-06,ITA-Serie A,2627,Napoli,Cagliari,False,False,False,False,0.1131,0.1852,0.7017,H,H,0.7017
2027-01-06,ITA-Serie A,2627,Juventus,Torino,False,False,False,False,0.1493,0.2197,0.631,H,H,0.631
2027-01-09,GER-Bundesliga,2627,Hamburger SV,Leverkusen,False,False,False,False,0.5011,0.2602,0.2387,A,A,0.5011
2027-01-09,GER-Bundesliga,2627,Frankfurt,Schalke 04,False,False,False,False,0.195,0.2906,0.5143,H,H,0.5143
2027-01-09,GER-Bundesliga,2627,Gladbach,Bayern Munich,False,False,False,False,0.5953,0.2157,0.189,A,A,0.5953
2027-01-09,GER-Bundesliga,2627,Köln,Freiburg,False,False,False,False,0.4308,0.2836,0.2856,A,A,0.4308
2027-01-09,GER-Bundesliga,2627,Hoffenheim,Elversberg,False,False,False,True,0.2014,0.2684,0.5302,H,H,0.5302
2027-01-09,GER-Bundesliga,2627,Dortmund,Mainz 05,False,False,False,False,0.1424,0.1889,0.6687,H,H,0.6687
2027-01-09,GER-Bundesliga,2627,Stuttgart,Augsburg,False,False,False,False,0.177,0.2496,0.5733,H,H,0.5733
2027-01-09,GER-Bundesliga,2627,Paderborn 07,RB Leipzig,False,False,True,False,0.4541,0.2681,0.2778,A,A,0.4541
2027-01-09,GER-Bundesliga,2627,Werder Bremen,Union Berlin,False,False,False,False,0.2793,0.3279,0.3929,D,H,0.3929
2027-01-10,ESP-La Liga,2627,Real Madrid,Levante,False,False,False,False,0.0951,0.1533,0.7517,H,H,0.7517
2027-01-10,ESP-La Liga,2627,Athletic Club,Villarreal,False,False,False,False,0.3573,0.283,0.3597,D,H,0.3597
2027-01-10,ITA-Serie A,2627,Monza,Frosinone,False,False,False,False,0.2676,0.3133,0.4191,H,H,0.4191
2027-01-10,ESP-La Liga,2627,Atlético Madrid,Racing Sant,False,True,False,True,0.1856,0.2006,0.6138,H,H,0.6138
2027-01-10,ITA-Serie A,2627,Roma,Milan,False,False,False,False,0.2446,0.2427,0.5126,H,H,0.5126
2027-01-10,ITA-Serie A,2627,Udinese,Napoli,False,False,False,False,0.5495,0.2391,0.2113,A,A,0.5495
2027-01-10,ESP-La Liga,2627,Valencia,Málaga,False,False,False,True,0.2182,0.2832,0.4986,H,H,0.4986
2027-01-10,ESP-La Liga,2627,Osasuna,Barcelona,False,False,False,False,0.5723,0.2152,0.2125,A,A,0.5723
2027-01-10,ITA-Serie A,2627,Inter,Juventus,False,False,False,False,0.2018,0.2004,0.5978,H,H,0.5978
2027-01-10,ESP-La Liga,2627,Alavés,Real Sociedad,False,False,False,False,0.3248,0.3093,0.3658,D,H,0.3658
2027-01-10,ITA-Serie A,2627,Cagliari,Sassuolo,False,False,False,False,0.29,0.3136,0.3964,H,H,0.3964
2027-01-10,ITA-Serie A,2627,Torino,Atalanta,False,False,False,False,0.4495,0.2673,0.2831,A,A,0.4495
2027-01-10,ESP-La Liga,2627,Sevilla,Celta Vigo,False,False,False,False,0.3219,0.3032,0.3749,D,H,0.3749
2027-01-10,ESP-La Liga,2627,Elche,Getafe,False,False,False,False,0.293,0.3091,0.3979,H,H,0.3979
2027-01-10,ESP-La Liga,2627,Espanyol,Real Betis,False,False,False,False,0.42,0.2786,0.3014,A,A,0.42
2027-01-10,ITA-Serie A,2627,Parma,Venezia,False,False,False,False,0.2726,0.3061,0.4213,H,H,0.4213
2027-01-10,ITA-Serie A,2627,Fiorentina,Lecce,False,False,False,False,0.2237,0.2853,0.491,H,H,0.491
2027-01-10,ITA-Serie A,2627,Bologna,Genoa,False,False,False,False,0.2135,0.2701,0.5164,H,H,0.5164
2027-01-10,ITA-Serie A,2627,Como,Lazio,False,False,False,False,0.2458,0.273,0.4812,H,H,0.4812
2027-01-10,ESP-La Liga,2627,Dep. A Coruña,Rayo Vallecano,False,False,True,False,0.4212,0.2766,0.3022,A,A,0.4212
2027-01-13,GER-Bundesliga,2627,Union Berlin,Paderborn 07,False,False,False,True,0.2425,0.3182,0.4393,H,H,0.4393
2027-01-13,GER-Bundesliga,2627,Mainz 05,Hoffenheim,False,False,False,False,0.3029,0.3042,0.393,H,H,0.393
2027-01-13,GER-Bundesliga,2627,RB Leipzig,Stuttgart,False,False,False,False,0.2767,0.2662,0.4571,H,H,0.4571
2027-01-13,GER-Bundesliga,2627,Augsburg,Gladbach,False,False,False,False,0.2874,0.3063,0.4063,H,H,0.4063
2027-01-13,GER-Bundesliga,2627,Bayern Munich,Leverkusen,False,False,False,False,0.1699,0.1876,0.6425,H,H,0.6425
2027-01-13,GER-Bundesliga,2627,Freiburg,Hamburger SV,False,False,False,False,0.2012,0.2662,0.5325,H,H,0.5325
2027-01-13,GER-Bundesliga,2627,Schalke 04,Werder Bremen,False,False,False,False,0.3292,0.3045,0.3663,D,H,0.3663
2027-01-13,GER-Bundesliga,2627,Elversberg,Frankfurt,False,False,True,False,0.4167,0.2767,0.3066,A,A,0.4167
2027-01-13,GER-Bundesliga,2627,Köln,Dortmund,False,False,False,False,0.5393,0.2495,0.2112,A,A,0.5393
2027-01-16,ENG-Premier League,2627,Liverpool,Crystal Palace,False,False,False,False,0.2042,0.2053,0.5905,H,H,0.5905
2027-01-16,FRA-Ligue 1,2627,Paris FC,Toulouse,False,False,False,False,0.2738,0.2976,0.4286,H,H,0.4286
2027-01-16,ENG-Premier League,2627,Newcastle,Fulham,False,False,False,False,0.2559,0.2409,0.5032,H,H,0.5032
2027-01-16,ENG-Premier League,2627,Chelsea,Sunderland,False,False,False,False,0.2143,0.2297,0.556,H,H,0.556
2027-01-16,GER-Bundesliga,2627,Hamburger SV,Augsburg,False,False,False,False,0.2889,0.3138,0.3973,H,H,0.3973
2027-01-16,ENG-Premier League,2627,Coventry City,Everton,True,False,True,False,0.2507,0.2451,0.5042,H,H,0.5042
2027-01-16,GER-Bundesliga,2627,Frankfurt,Bayern Munich,False,False,False,False,0.5589,0.23,0.2111,A,A,0.5589
2027-01-16,ENG-Premier League,2627,Tottenham,Leeds United,False,False,False,False,0.276,0.2531,0.4709,H,H,0.4709
2027-01-16,ENG-Premier League,2627,Manchester City,Nottingham,False,False,False,False,0.1868,0.1878,0.6253,H,H,0.6253
2027-01-16,GER-Bundesliga,2627,Hoffenheim,RB Leipzig,False,False,False,False,0.3328,0.2862,0.381,D,H,0.381
2027-01-16,FRA-Ligue 1,2627,Strasbourg,Le Mans,False,False,False,True,0.1836,0.2444,0.572,H,H,0.572
2027-01-16,FRA-Ligue 1,2627,Rennes,Lens,False,False,False,False,0.3189,0.2731,0.4079,H,H,0.4079
2027-01-16,GER-Bundesliga,2627,Gladbach,Union Berlin,False,False,False,False,0.2744,0.309,0.4166,H,H,0.4166
2027-01-16,ENG-Premier League,2627,Hull City,Arsenal,True,False,True,False,0.4571,0.2418,0.301,A,A,0.4571
2027-01-16,ENG-Premier League,2627,Brentford,Brighton,False,False,False,False,0.2865,0.2873,0.4263,H,H,0.4263
2027-01-16,FRA-Ligue 1,2627,Lyon,Lorient,False,False,True,False,0.1864,0.2573,0.5563,H,H,0.5563
2027-01-16,GER-Bundesliga,2627,Paderborn 07,Köln,False,False,True,False,0.2781,0.2971,0.4249,H,H,0.4249
2027-01-16,FRA-Ligue 1,2627,Nice,Le Havre,False,False,False,False,0.2524,0.3292,0.4185,H,H,0.4185
2027-01-16,GER-Bundesliga,2627,Stuttgart,Mainz 05,False,False,False,False,0.2053,0.2583,0.5365,H,H,0.5365
2027-01-16,FRA-Ligue 1,2627,Angers,PSG,False,False,False,False,0.6313,0.2092,0.1595,A,A,0.6313
2027-01-16,GER-Bundesliga,2627,Dortmund,Freiburg,False,False,False,False,0.1779,0.2159,0.6063,H,H,0.6063
2027-01-16,GER-Bundesliga,2627,Werder Bremen,Elversberg,False,False,False,True,0.2503,0.3266,0.4231,H,H,0.4231
2027-01-16,FRA-Ligue 1,2627,Monaco,Brest,False,False,False,True,0.1778,0.2431,0.5791,H,H,0.5791
2027-01-16,GER-Bundesliga,2627,Leverkusen,Schalke 04,False,False,False,False,0.1188,0.2142,0.667,H,H,0.667
2027-01-16,ENG-Premier League,2627,Aston Villa,Manchester Utd,False,False,False,False,0.3089,0.2382,0.453,H,H,0.453
2027-01-16,FRA-Ligue 1,2627,Auxerre,Troyes,False,False,False,False,0.2475,0.3227,0.4298,H,H,0.4298
2027-01-16,FRA-Ligue 1,2627,Marseille,Lille,False,False,False,False,0.2793,0.2697,0.451,H,H,0.451
2027-01-16,ENG-Premier League,2627,Bournemouth,Ipswich Town,False,False,False,False,0.146,0.2205,0.6335,H,H,0.6335
2027-01-17,ESP-La Liga,2627,Levante,Espanyol,False,False,False,False,0.2788,0.3099,0.4113,H,H,0.4113
2027-01-17,ITA-Serie A,2627,Parma,Inter,False,False,False,False,0.5928,0.2313,0.1759,A,A,0.5928
2027-01-17,ESP-La Liga,2627,Rayo Vallecano,Sevilla,False,False,False,False,0.2187,0.2702,0.5111,H,H,0.5111
2027-01-17,ESP-La Liga,2627,Real Betis,Dep. A Coruña,False,False,False,True,0.1631,0.2225,0.6144,H,H,0.6144
2027-01-17,ESP-La Liga,2627,Atlético Madrid,Real Sociedad,False,False,False,False,0.1603,0.191,0.6487,H,H,0.6487
2027-01-17,ITA-Serie A,2627,Juventus,Genoa,False,False,False,False,0.1229,0.1877,0.6894,H,H,0.6894
2027-01-17,ESP-La Liga,2627,Málaga,Real Madrid,False,False,True,False,0.5915,0.2138,0.1946,A,A,0.5915
2027-01-17,ESP-La Liga,2627,Getafe,Athletic Club,False,False,False,False,0.3338,0.2985,0.3677,D,H,0.3677
2027-01-17,ITA-Serie A,2627,Napoli,Fiorentina,False,False,False,False,0.1937,0.2281,0.5782,H,H,0.5782
2027-01-17,ITA-Serie A,2627,Lazio,Bologna,False,False,False,False,0.2824,0.2717,0.4458,H,H,0.4458
2027-01-17,ITA-Serie A,2627,Sassuolo,Monza,False,False,False,False,0.2571,0.3095,0.4334,H,H,0.4334
2027-01-17,ITA-Serie A,2627,Venezia,Frosinone,False,False,False,False,0.258,0.3253,0.4167,H,H,0.4167
2027-01-17,ITA-Serie A,2627,Lecce,Udinese,False,False,False,False,0.3363,0.302,0.3617,D,H,0.3617
2027-01-17,ITA-Serie A,2627,Cagliari,Como,False,False,False,False,0.4905,0.2642,0.2453,A,A,0.4905
2027-01-17,ESP-La Liga,2627,Racing Sant,Osasuna,True,False,True,False,0.2534,0.2812,0.4655,H,H,0.4655
2027-01-17,ESP-La Liga,2627,Celta Vigo,Valencia,False,False,False,False,0.2981,0.2889,0.413,H,H,0.413
2027-01-17,ITA-Serie A,2627,Atalanta,Roma,False,False,False,False,0.3025,0.2768,0.4206,H,H,0.4206
2027-01-17,ESP-La Liga,2627,Villarreal,Alavés,False,False,False,False,0.1763,0.2448,0.579,H,H,0.579
2027-01-17,ITA-Serie A,2627,Milan,Torino,False,False,False,False,0.153,0.209,0.6381,H,H,0.6381
2027-01-17,ESP-La Liga,2627,Barcelona,Elche,False,False,False,False,0.0919,0.1362,0.772,H,H,0.772
2027-01-23,ENG-Premier League,2627,Everton,Brentford,False,False,False,False,0.2926,0.2791,0.4282,H,H,0.4282
2027-01-23,ENG-Premier League,2627,Sunderland,Coventry City,False,True,False,True,0.3503,0.2713,0.3783,D,H,0.3783
2027-01-23,ENG-Premier League,2627,Brighton,Manchester City,False,False,False,False,0.4605,0.2465,0.293,A,A,0.4605
2027-01-23,GER-Bundesliga,2627,Leverkusen,Elversberg,False,False,False,True,0.1479,0.2153,0.6368,H,H,0.6368
2027-01-23,GER-Bundesliga,2627,Gladbach,RB Leipzig,False,False,False,False,0.4416,0.2696,0.2888,A,A,0.4416
2027-01-23,GER-Bundesliga,2627,Schalke 04,Augsburg,False,False,False,False,0.4295,0.2713,0.2992,A,A,0.4295
2027-01-23,ENG-Premier League,2627,Crystal Palace,Tottenham,False,False,False,False,0.2766,0.2743,0.449,H,H,0.449
2027-01-23,ENG-Premier League,2627,Ipswich Town,Hull City,False,True,False,True,0.4956,0.2637,0.2408,A,A,0.4956
2027-01-23,ENG-Premier League,2627,Fulham,Aston Villa,False,False,False,False,0.3614,0.2696,0.369,D,H,0.369
2027-01-23,GER-Bundesliga,2627,Paderborn 07,Mainz 05,False,False,True,False,0.3928,0.2736,0.3336,D,A,0.3928
2027-01-23,GER-Bundesliga,2627,Hamburger SV,Dortmund,False,False,False,False,0.5286,0.246,0.2255,A,A,0.5286
2027-01-23,GER-Bundesliga,2627,Hoffenheim,Köln,False,False,False,False,0.1966,0.2646,0.5388,H,H,0.5388
2027-01-23,ENG-Premier League,2627,Leeds United,Chelsea,False,False,False,False,0.3454,0.2625,0.3921,D,H,0.3921
2027-01-23,GER-Bundesliga,2627,Frankfurt,Union Berlin,False,False,False,False,0.2379,0.2796,0.4824,H,H,0.4824
2027-01-23,FRA-Ligue 1,2627,Toulouse,Nice,False,False,False,False,0.2679,0.3001,0.432,H,H,0.432
2027-01-23,GER-Bundesliga,2627,Stuttgart,Bayern Munich,False,False,False,False,0.5082,0.2431,0.2487,A,A,0.5082
2027-01-23,ENG-Premier League,2627,Manchester Utd,Liverpool,False,False,False,False,0.3402,0.2286,0.4312,H,H,0.4312
2027-01-23,FRA-Ligue 1,2627,Le Mans,Angers,False,False,True,False,0.2818,0.2963,0.422,H,H,0.422
2027-01-23,ENG-Premier League,2627,Arsenal,Newcastle,False,False,False,False,0.1895,0.1829,0.6276,H,H,0.6276
2027-01-23,FRA-Ligue 1,2627,Troyes,Monaco,False,False,False,False,0.5261,0.2682,0.2058,A,A,0.5261
2027-01-23,ENG-Premier League,2627,Nottingham,Bournemouth,False,False,False,False,0.3102,0.2781,0.4118,H,H,0.4118
2027-01-23,FRA-Ligue 1,2627,Lens,Brest,False,False,False,True,0.173,0.2416,0.5854,H,H,0.5854
2027-01-23,FRA-Ligue 1,2627,Strasbourg,Lyon,False,False,False,True,0.2916,0.2743,0.4341,H,H,0.4341
2027-01-23,FRA-Ligue 1,2627,PSG,Auxerre,False,False,False,False,0.0899,0.1363,0.7738,H,H,0.7738
2027-01-23,FRA-Ligue 1,2627,Lorient,Marseille,False,False,False,False,0.4185,0.2922,0.2893,A,A,0.4185
2027-01-23,FRA-Ligue 1,2627,Lille,Paris FC,False,False,False,False,0.189,0.2598,0.5512,H,H,0.5512
2027-01-23,FRA-Ligue 1,2627,Le Havre,Rennes,False,False,False,False,0.4743,0.2722,0.2535,A,A,0.4743
2027-01-23,GER-Bundesliga,2627,Werder Bremen,Freiburg,False,False,False,False,0.384,0.2855,0.3305,D,A,0.384
2027-01-24,ESP-La Liga,2627,Getafe,Osasuna,False,False,False,False,0.2846,0.3069,0.4085,H,H,0.4085
2027-01-24,ESP-La Liga,2627,Athletic Club,Levante,False,False,False,False,0.2135,0.2484,0.5381,H,H,0.5381
2027-01-24,ITA-Serie A,2627,Inter,Venezia,False,False,False,False,0.1016,0.1491,0.7494,H,H,0.7494
2027-01-24,ITA-Serie A,2627,Frosinone,Milan,False,False,False,False,0.5749,0.2414,0.1838,A,A,0.5749
2027-01-24,ITA-Serie A,2627,Fiorentina,Sassuolo,False,False,False,False,0.2429,0.286,0.4711,H,H,0.4711
2027-01-24,ITA-Serie A,2627,Genoa,Parma,False,False,False,False,0.2794,0.3102,0.4104,H,H,0.4104
2027-01-24,ITA-Serie A,2627,Lecce,Torino,False,False,False,False,0.3404,0.3077,0.3519,D,H,0.3519
2027-01-24,ESP-La Liga,2627,Alavés,Barcelona,False,False,False,False,0.6151,0.2003,0.1845,A,A,0.6151
2027-01-24,ITA-Serie A,2627,Como,Napoli,False,False,False,False,0.324,0.2638,0.4122,H,H,0.4122
2027-01-24,ITA-Serie A,2627,Bologna,Atalanta,False,False,False,False,0.3454,0.2848,0.3699,D,H,0.3699
2027-01-24,ESP-La Liga,2627,Racing Sant,Celta Vigo,True,False,True,False,0.2845,0.2758,0.4396,H,H,0.4396
2027-01-24,ITA-Serie A,2627,Juventus,Cagliari,False,False,False,False,0.118,0.1831,0.6988,H,H,0.6988
2027-01-24,ESP-La Liga,2627,Valencia,Sevilla,False,False,False,False,0.2367,0.2808,0.4825,H,H,0.4825
2027-01-24,ESP-La Liga,2627,Real Sociedad,Málaga,False,False,False,True,0.2381,0.3002,0.4617,H,H,0.4617
2027-01-24,ESP-La Liga,2627,Real Madrid,Real Betis,False,False,False,False,0.147,0.1722,0.6807,H,H,0.6807
2027-01-24,ESP-La Liga,2627,Dep. A Coruña,Atlético Madrid,False,False,True,False,0.5067,0.2439,0.2494,A,A,0.5067
2027-01-24,ITA-Serie A,2627,Monza,Lazio,False,False,False,False,0.4777,0.2701,0.2522,A,A,0.4777
2027-01-24,ESP-La Liga,2627,Elche,Rayo Vallecano,False,False,False,False,0.3486,0.298,0.3534,D,H,0.3534
2027-01-24,ITA-Serie A,2627,Roma,Udinese,False,False,False,False,0.1311,0.1936,0.6753,H,H,0.6753
2027-01-24,ESP-La Liga,2627,Espanyol,Villarreal,False,False,False,False,0.4558,0.2671,0.2771,A,A,0.4558
2027-01-30,ENG-Premier League,2627,Liverpool,Everton,False,False,False,False,0.1808,0.1975,0.6216,H,H,0.6216
2027-01-30,ENG-Premier League,2627,Bournemouth,Fulham,False,False,False,False,0.255,0.2611,0.4839,H,H,0.4839
2027-01-30,GER-Bundesliga,2627,Mainz 05,Hamburger SV,False,False,False,False,0.2495,0.3024,0.4481,H,H,0.4481
2027-01-30,ENG-Premier League,2627,Tottenham,Sunderland,False,False,False,False,0.2323,0.2336,0.5341,H,H,0.5341
2027-01-30,GER-Bundesliga,2627,RB Leipzig,Werder Bremen,False,False,False,False,0.1581,0.2327,0.6092,H,H,0.6092
2027-01-30,ENG-Premier League,2627,Coventry City,Leeds United,True,False,True,False,0.2347,0.2377,0.5276,H,H,0.5276
2027-01-30,ENG-Premier League,2627,Aston Villa,Ipswich Town,False,False,False,False,0.1112,0.1741,0.7147,H,H,0.7147
2027-01-30,ENG-Premier League,2627,Brentford,Manchester Utd,False,False,False,False,0.3478,0.2727,0.3794,D,H,0.3794
2027-01-30,ENG-Premier League,2627,Manchester City,Arsenal,False,False,False,False,0.3595,0.238,0.4026,D,H,0.4026
2027-01-30,GER-Bundesliga,2627,Union Berlin,Leverkusen,False,False,False,False,0.4977,0.2613,0.241,A,A,0.4977
2027-01-30,ENG-Premier League,2627,Hull City,Crystal Palace,True,False,True,False,0.2593,0.254,0.4867,H,H,0.4867
2027-01-30,FRA-Ligue 1,2627,Angers,Le Havre,False,False,False,False,0.2987,0.3197,0.3816,D,H,0.3816
2027-01-30,ENG-Premier League,2627,Chelsea,Nottingham,False,False,False,False,0.2858,0.2446,0.4696,H,H,0.4696
2027-01-30,ENG-Premier League,2627,Newcastle,Brighton,False,False,False,False,0.284,0.242,0.4741,H,H,0.4741
2027-01-30,GER-Bundesliga,2627,Freiburg,Paderborn 07,False,False,False,True,0.1857,0.242,0.5723,H,H,0.5723
2027-01-30,FRA-Ligue 1,2627,Toulouse,Lens,False,False,False,False,0.4421,0.2772,0.2807,A,A,0.4421
2027-01-30,FRA-Ligue 1,2627,Paris FC,Auxerre,False,False,False,False,0.2493,0.2962,0.4545,H,H,0.4545
2027-01-30,FRA-Ligue 1,2627,Rennes,Lorient,False,False,False,False,0.1969,0.2573,0.5458,H,H,0.5458
2027-01-30,GER-Bundesliga,2627,Augsburg,Frankfurt,False,False,False,False,0.3076,0.3071,0.3853,D,H,0.3853
2027-01-30,FRA-Ligue 1,2627,Monaco,PSG,False,False,False,False,0.5124,0.2424,0.2452,A,A,0.5124
2027-01-30,FRA-Ligue 1,2627,Le Mans,Nice,False,False,True,False,0.3312,0.2995,0.3692,D,H,0.3692
2027-01-30,FRA-Ligue 1,2627,Marseille,Troyes,False,False,False,False,0.1211,0.1984,0.6806,H,H,0.6806
2027-01-30,GER-Bundesliga,2627,Bayern Munich,Schalke 04,False,False,False,False,0.0863,0.1416,0.7721,H,H,0.7721
2027-01-30,FRA-Ligue 1,2627,Lyon,Lille,False,False,True,False,0.2945,0.279,0.4265,H,H,0.4265
2027-01-30,GER-Bundesliga,2627,Elversberg,Gladbach,False,False,True,False,0.3822,0.2707,0.3471,D,A,0.3822
2027-01-30,GER-Bundesliga,2627,Köln,Stuttgart,False,False,False,False,0.463,0.267,0.2699,A,A,0.463
2027-01-30,GER-Bundesliga,2627,Dortmund,Hoffenheim,False,False,False,False,0.1984,0.2261,0.5755,H,H,0.5755
2027-01-30,FRA-Ligue 1,2627,Brest,Strasbourg,False,False,True,False,0.3378,0.2971,0.3652,D,H,0.3652
2027-01-31,ESP-La Liga,2627,Villarreal,Racing Sant,False,True,False,True,0.2282,0.2465,0.5253,H,H,0.5253
2027-01-31,ESP-La Liga,2627,Osasuna,Dep. A Coruña,False,False,False,True,0.241,0.3109,0.4481,H,H,0.4481
2027-01-31,ESP-La Liga,2627,Sevilla,Athletic Club,False,False,False,False,0.3583,0.2985,0.3431,D,A,0.3583
2027-01-31,ITA-Serie A,2627,Milan,Juventus,False,False,False,False,0.3029,0.2712,0.4259,H,H,0.4259
2027-01-31,ITA-Serie A,2627,Lazio,Venezia,False,False,False,False,0.1861,0.2417,0.5722,H,H,0.5722
2027-01-31,ESP-La Liga,2627,Málaga,Alavés,False,False,True,False,0.2916,0.2863,0.4221,H,H,0.4221
2027-01-31,ESP-La Liga,2627,Rayo Vallecano,Real Madrid,False,False,False,False,0.5287,0.2386,0.2327,A,A,0.5287
2027-01-31,ITA-Serie A,2627,Udinese,Bologna,False,False,False,False,0.3439,0.2977,0.3584,D,H,0.3584
2027-01-31,ITA-Serie A,2627,Monza,Roma,False,False,False,False,0.5365,0.2526,0.2109,A,A,0.5365
2027-01-31,ESP-La Liga,2627,Real Betis,Elche,False,False,False,False,0.1747,0.2458,0.5794,H,H,0.5794
2027-01-31,ESP-La Liga,2627,Atlético Madrid,Espanyol,False,False,False,False,0.1208,0.1738,0.7054,H,H,0.7054
2027-01-31,ITA-Serie A,2627,Sassuolo,Como,False,False,False,False,0.4381,0.2729,0.289,A,A,0.4381
2027-01-31,ESP-La Liga,2627,Celta Vigo,Getafe,False,False,False,False,0.2594,0.2876,0.453,H,H,0.453
2027-01-31,ESP-La Liga,2627,Barcelona,Valencia,False,False,False,False,0.1159,0.1577,0.7264,H,H,0.7264
2027-01-31,ITA-Serie A,2627,Napoli,Inter,False,False,False,False,0.3963,0.251,0.3527,D,A,0.3963
2027-01-31,ITA-Serie A,2627,Torino,Frosinone,False,False,False,False,0.232,0.3097,0.4583,H,H,0.4583
2027-01-31,ITA-Serie A,2627,Cagliari,Parma,False,False,False,False,0.2899,0.3152,0.3948,D,H,0.3948
2027-01-31,ITA-Serie A,2627,Atalanta,Fiorentina,False,False,False,False,0.1992,0.2536,0.5472,H,H,0.5472
2027-01-31,ITA-Serie A,2627,Genoa,Lecce,False,False,False,False,0.249,0.2982,0.4528,H,H,0.4528
2027-01-31,ESP-La Liga,2627,Levante,Real Sociedad,False,False,False,False,0.3256,0.309,0.3654,D,H,0.3654
2027-02-06,GER-Bundesliga,2627,Bayern Munich,Elversberg,False,False,False,True,0.0959,0.1455,0.7586,H,H,0.7586
2027-02-06,GER-Bundesliga,2627,Paderborn 07,Dortmund,False,False,True,False,0.5308,0.2371,0.2322,A,A,0.5308
2027-02-06,FRA-Ligue 1,2627,Rennes,Lyon,False,False,False,True,0.2866,0.2695,0.4439,H,H,0.4439
2027-02-06,ENG-Premier League,2627,Arsenal,Liverpool,False,False,False,False,0.2413,0.2151,0.5435,H,H,0.5435
2027-02-06,GER-Bundesliga,2627,Schalke 04,Union Berlin,False,False,False,False,0.3677,0.2909,0.3413,D,A,0.3677
2027-02-06,GER-Bundesliga,2627,Frankfurt,Mainz 05,False,False,False,False,0.2788,0.2898,0.4314,H,H,0.4314
2027-02-06,FRA-Ligue 1,2627,Nice,Brest,False,False,False,True,0.2896,0.3199,0.3905,D,H,0.3905
2027-02-06,GER-Bundesliga,2627,Stuttgart,Hoffenheim,False,False,False,False,0.2484,0.2698,0.4818,H,H,0.4818
2027-02-06,GER-Bundesliga,2627,Werder Bremen,Köln,False,False,False,False,0.2571,0.3068,0.4361,H,H,0.4361
2027-02-06,FRA-Ligue 1,2627,Auxerre,Monaco,False,False,False,False,0.427,0.2957,0.2773,A,A,0.427
2027-02-06,FRA-Ligue 1,2627,Lens,Angers,False,False,False,False,0.141,0.2183,0.6408,H,H,0.6408
2027-02-06,GER-Bundesliga,2627,Gladbach,Freiburg,False,False,False,False,0.3386,0.3002,0.3612,D,H,0.3612
2027-02-06,FRA-Ligue 1,2627,Le Havre,Toulouse,False,False,False,False,0.3302,0.3052,0.3645,D,H,0.3645
2027-02-06,FRA-Ligue 1,2627,Lorient,Le Mans,False,False,False,True,0.2328,0.3002,0.467,H,H,0.467
2027-02-06,ENG-Premier League,2627,Crystal Palace,Coventry City,False,True,False,True,0.2971,0.2702,0.4327,H,H,0.4327
2027-02-06,ENG-Premier League,2627,Nottingham,Brentford,False,False,False,False,0.2875,0.28,0.4325,H,H,0.4325
2027-02-06,FRA-Ligue 1,2627,Troyes,Lille,False,False,False,False,0.5285,0.265,0.2066,A,A,0.5285
2027-02-06,ENG-Premier League,2627,Manchester Utd,Chelsea,False,False,False,False,0.2494,0.2256,0.525,H,H,0.525
2027-02-06,ENG-Premier League,2627,Leeds United,Bournemouth,False,False,False,False,0.3187,0.2828,0.3985,D,H,0.3985
2027-02-06,ENG-Premier League,2627,Everton,Newcastle,False,False,False,False,0.3013,0.2718,0.4269,H,H,0.4269
2027-02-06,GER-Bundesliga,2627,Hamburger SV,RB Leipzig,False,False,False,False,0.505,0.255,0.24,A,A,0.505
2027-02-06,GER-Bundesliga,2627,Leverkusen,Augsburg,False,False,False,False,0.1541,0.2293,0.6166,H,H,0.6166
2027-02-06,ENG-Premier League,2627,Fulham,Manchester City,False,False,False,False,0.4721,0.2465,0.2813,A,A,0.4721
2027-02-06,ENG-Premier League,2627,Ipswich Town,Tottenham,False,False,False,False,0.5143,0.2524,0.2334,A,A,0.5143
2027-02-06,ENG-Premier League,2627,Sunderland,Aston Villa,False,False,False,False,0.4451,0.2566,0.2984,A,A,0.4451
2027-02-06,ENG-Premier League,2627,Brighton,Hull City,False,True,False,True,0.2849,0.2697,0.4455,H,H,0.4455
2027-02-06,FRA-Ligue 1,2627,Strasbourg,Paris FC,False,False,False,False,0.2161,0.2683,0.5156,H,H,0.5156
2027-02-07,FRA-Ligue 1,2627,PSG,Marseille,False,False,False,False,0.1289,0.1605,0.7106,H,H,0.7106
2027-02-07,ESP-La Liga,2627,Real Betis,Sevilla,False,False,False,False,0.1786,0.2492,0.5722,H,H,0.5722
2027-02-07,ESP-La Liga,2627,Getafe,Villarreal,False,False,False,False,0.3746,0.2868,0.3385,D,A,0.3746
2027-02-07,ITA-Serie A,2627,Roma,Torino,False,False,False,False,0.1493,0.2077,0.643,H,H,0.643
2027-02-07,ESP-La Liga,2627,Dep. A Coruña,Málaga,False,False,True,True,0.2953,0.3177,0.3869,D,H,0.3869
2027-02-07,ESP-La Liga,2627,Athletic Club,Osasuna,False,False,False,False,0.2492,0.2653,0.4855,H,H,0.4855
2027-02-07,ITA-Serie A,2627,Atalanta,Lazio,False,False,False,False,0.2474,0.2654,0.4872,H,H,0.4872
2027-02-07,ITA-Serie A,2627,Inter,Cagliari,False,False,False,False,0.1016,0.1475,0.7509,H,H,0.7509
2027-02-07,ESP-La Liga,2627,Espanyol,Rayo Vallecano,False,False,False,False,0.333,0.3012,0.3658,D,H,0.3658
2027-02-07,ESP-La Liga,2627,Barcelona,Atlético Madrid,False,False,False,False,0.2077,0.2011,0.5911,H,H,0.5911
2027-02-07,ESP-La Liga,2627,Alavés,Celta Vigo,False,False,False,False,0.3451,0.2985,0.3564,D,H,0.3564
2027-02-07,ITA-Serie A,2627,Bologna,Milan,False,False,False,False,0.3764,0.2709,0.3527,D,A,0.3764
2027-02-07,ITA-Serie A,2627,Parma,Frosinone,False,False,False,False,0.2512,0.319,0.4299,H,H,0.4299
2027-02-07,ESP-La Liga,2627,Elche,Levante,False,False,False,False,0.2916,0.3049,0.4035,H,H,0.4035
2027-02-07,ESP-La Liga,2627,Real Sociedad,Real Madrid,False,False,False,False,0.5329,0.2344,0.2326,A,A,0.5329
2027-02-07,ITA-Serie A,2627,Venezia,Genoa,False,False,False,False,0.2938,0.3118,0.3944,H,H,0.3944
2027-02-07,ESP-La Liga,2627,Valencia,Racing Sant,False,True,False,True,0.2942,0.2876,0.4182,H,H,0.4182
2027-02-07,ITA-Serie A,2627,Lecce,Napoli,False,False,False,False,0.5751,0.2414,0.1835,A,A,0.5751
2027-02-07,ITA-Serie A,2627,Fiorentina,Udinese,False,False,False,False,0.253,0.2861,0.4609,H,H,0.4609
2027-02-07,ITA-Serie A,2627,Como,Monza,False,False,False,False,0.1485,0.2264,0.6251,H,H,0.6251
2027-02-07,ITA-Serie A,2627,Juventus,Sassuolo,False,False,False,False,0.1331,0.1999,0.667,H,H,0.667
2027-02-10,ENG-Premier League,2627,Coventry City,Liverpool,True,False,True,False,0.4005,0.2478,0.3517,D,A,0.4005
2027-02-10,ENG-Premier League,2627,Crystal Palace,Brentford,False,False,False,False,0.2858,0.28,0.4342,H,H,0.4342
2027-02-10,ENG-Premier League,2627,Tottenham,Manchester City,False,False,False,False,0.4431,0.2606,0.2962,A,A,0.4431
2027-02-10,ENG-Premier League,2627,Newcastle,Chelsea,False,False,False,False,0.2816,0.263,0.4554,H,H,0.4554
2027-02-10,ENG-Premier League,2627,Manchester Utd,Brighton,False,False,False,False,0.2267,0.2207,0.5527,H,H,0.5527
2027-02-10,ENG-Premier League,2627,Ipswich Town,Arsenal,False,False,False,False,0.5776,0.23,0.1924,A,A,0.5776
2027-02-10,ENG-Premier League,2627,Hull City,Sunderland,True,False,True,False,0.2098,0.2479,0.5423,H,H,0.5423
2027-02-10,ENG-Premier League,2627,Fulham,Nottingham,False,False,False,False,0.2858,0.2803,0.434,H,H,0.434
2027-02-10,ENG-Premier League,2627,Everton,Leeds United,False,False,False,False,0.2688,0.2625,0.4687,H,H,0.4687
2027-02-10,ENG-Premier League,2627,Aston Villa,Bournemouth,False,False,False,False,0.2312,0.2146,0.5542,H,H,0.5542
2027-02-13,FRA-Ligue 1,2627,Toulouse,Monaco,False,False,False,False,0.3926,0.2983,0.309,A,A,0.3926
2027-02-13,GER-Bundesliga,2627,Augsburg,Werder Bremen,False,False,False,False,0.2783,0.3074,0.4143,H,H,0.4143
2027-02-13,GER-Bundesliga,2627,Mainz 05,Gladbach,False,False,False,False,0.2804,0.3032,0.4163,H,H,0.4163
2027-02-13,GER-Bundesliga,2627,Hoffenheim,Paderborn 07,False,False,False,True,0.2034,0.2634,0.5332,H,H,0.5332
2027-02-13,GER-Bundesliga,2627,Elversberg,Schalke 04,False,False,True,False,0.2654,0.3001,0.4344,H,H,0.4344
2027-02-13,GER-Bundesliga,2627,Dortmund,Stuttgart,False,False,False,False,0.2275,0.2269,0.5456,H,H,0.5456
2027-02-13,GER-Bundesliga,2627,RB Leipzig,Leverkusen,False,False,False,False,0.3068,0.2783,0.4148,H,H,0.4148
2027-02-13,GER-Bundesliga,2627,Freiburg,Frankfurt,False,False,False,False,0.2429,0.2724,0.4847,H,H,0.4847
2027-02-13,GER-Bundesliga,2627,Köln,Hamburger SV,False,False,False,False,0.2995,0.3177,0.3828,D,H,0.3828
2027-02-13,FRA-Ligue 1,2627,Auxerre,Strasbourg,False,False,False,False,0.3548,0.2966,0.3485,D,A,0.3548
2027-02-13,FRA-Ligue 1,2627,Marseille,Angers,False,False,False,False,0.1216,0.1967,0.6817,H,H,0.6817
2027-02-13,FRA-Ligue 1,2627,Lyon,Lens,False,False,True,False,0.3028,0.278,0.4192,H,H,0.4192
2027-02-13,FRA-Ligue 1,2627,Lille,Nice,False,False,False,False,0.1655,0.239,0.5955,H,H,0.5955
2027-02-13,FRA-Ligue 1,2627,Le Mans,PSG,False,False,True,False,0.6133,0.2054,0.1813,A,A,0.6133
2027-02-13,GER-Bundesliga,2627,Union Berlin,Bayern Munich,False,False,False,False,0.6123,0.2149,0.1728,A,A,0.6123
2027-02-13,FRA-Ligue 1,2627,Paris FC,Troyes,False,False,False,False,0.2226,0.2992,0.4782,H,H,0.4782
2027-02-13,FRA-Ligue 1,2627,Lorient,Le Havre,False,False,False,False,0.2606,0.3049,0.4345,H,H,0.4345
2027-02-13,FRA-Ligue 1,2627,Brest,Rennes,False,False,True,False,0.3463,0.2937,0.36,D,H,0.36
2027-02-14,ITA-Serie A,2627,Bologna,Como,False,False,False,False,0.3301,0.2864,0.3835,D,H,0.3835
2027-02-14,ESP-La Liga,2627,Real Madrid,Athletic Club,False,False,False,False,0.1445,0.1659,0.6896,H,H,0.6896
2027-02-14,ESP-La Liga,2627,Racing Sant,Getafe,True,False,True,False,0.2538,0.2822,0.464,H,H,0.464
2027-02-14,ESP-La Liga,2627,Osasuna,Atlético Madrid,False,False,False,False,0.4991,0.2492,0.2517,A,A,0.4991
2027-02-14,ITA-Serie A,2627,Cagliari,Lazio,False,False,False,False,0.4356,0.2959,0.2685,A,A,0.4356
2027-02-14,ESP-La Liga,2627,Villarreal,Barcelona,False,False,False,False,0.5036,0.2436,0.2527,A,A,0.5036
2027-02-14,ITA-Serie A,2627,Roma,Parma,False,False,False,False,0.1171,0.1853,0.6976,H,H,0.6976
2027-02-14,ITA-Serie A,2627,Frosinone,Fiorentina,False,False,False,False,0.4273,0.2983,0.2744,A,A,0.4273
2027-02-14,ESP-La Liga,2627,Real Sociedad,Real Betis,False,False,False,False,0.3584,0.2876,0.354,D,A,0.3584
2027-02-14,ESP-La Liga,2627,Sevilla,Espanyol,False,False,False,False,0.2815,0.3069,0.4116,H,H,0.4116
2027-02-14,ESP-La Liga,2627,Valencia,Alavés,False,False,False,False,0.233,0.2695,0.4976,H,H,0.4976
2027-02-14,ITA-Serie A,2627,Udinese,Venezia,False,False,False,False,0.2511,0.2951,0.4538,H,H,0.4538
2027-02-14,ESP-La Liga,2627,Elche,Dep. A Coruña,False,False,False,True,0.2688,0.3174,0.4138,H,H,0.4138
2027-02-14,ITA-Serie A,2627,Monza,Lecce,False,False,False,False,0.2701,0.3043,0.4256,H,H,0.4256
2027-02-14,ITA-Serie A,2627,Napoli,Juventus,False,False,False,False,0.2861,0.2665,0.4474,H,H,0.4474
2027-02-14,ESP-La Liga,2627,Celta Vigo,Rayo Vallecano,False,False,False,False,0.3031,0.2889,0.4079,H,H,0.4079
2027-02-14,ESP-La Liga,2627,Levante,Málaga,False,False,False,True,0.2705,0.3139,0.4157,H,H,0.4157
2027-02-14,ITA-Serie A,2627,Inter,Milan,False,False,False,False,0.2007,0.1943,0.6051,H,H,0.6051
2027-02-14,ITA-Serie A,2627,Genoa,Atalanta,False,False,False,False,0.5255,0.2539,0.2206,A,A,0.5255
2027-02-14,ITA-Serie A,2627,Torino,Sassuolo,False,False,False,False,0.2773,0.3099,0.4128,H,H,0.4128
2027-02-20,ENG-Premier League,2627,Leeds United,Aston Villa,False,False,False,False,0.4337,0.2559,0.3104,A,A,0.4337
2027-02-20,ENG-Premier League,2627,Chelsea,Ipswich Town,False,False,False,False,0.1233,0.1876,0.6891,H,H,0.6891
2027-02-20,FRA-Ligue 1,2627,Strasbourg,Marseille,False,False,False,False,0.3177,0.2725,0.4098,H,H,0.4098
2027-02-20,GER-Bundesliga,2627,Werder Bremen,Dortmund,False,False,False,False,0.5132,0.2479,0.2389,A,A,0.5132
2027-02-20,ENG-Premier League,2627,Bournemouth,Crystal Palace,False,False,False,False,0.2561,0.255,0.4889,H,H,0.4889
2027-02-20,ENG-Premier League,2627,Liverpool,Hull City,False,True,False,True,0.2054,0.1954,0.5992,H,H,0.5992
2027-02-20,ENG-Premier League,2627,Nottingham,Manchester Utd,False,False,False,False,0.3499,0.2731,0.3769,D,H,0.3769
2027-02-20,ENG-Premier League,2627,Brighton,Tottenham,False,False,False,False,0.2573,0.2604,0.4823,H,H,0.4823
2027-02-20,FRA-Ligue 1,2627,PSG,Brest,False,False,False,True,0.0958,0.1321,0.772,H,H,0.772
2027-02-20,FRA-Ligue 1,2627,Rennes,Toulouse,False,False,False,False,0.2075,0.2601,0.5324,H,H,0.5324
2027-02-20,ENG-Premier League,2627,Brentford,Coventry City,False,True,False,True,0.2939,0.2716,0.4344,H,H,0.4344
2027-02-20,GER-Bundesliga,2627,Schalke 04,Freiburg,False,False,False,False,0.4688,0.269,0.2623,A,A,0.4688
2027-02-20,ENG-Premier League,2627,Manchester City,Newcastle,False,False,False,False,0.2054,0.1993,0.5953,H,H,0.5953
2027-02-20,GER-Bundesliga,2627,Leverkusen,Mainz 05,False,False,False,False,0.1837,0.2478,0.5685,H,H,0.5685
2027-02-20,GER-Bundesliga,2627,Bayern Munich,Augsburg,False,False,False,False,0.0923,0.142,0.7657,H,H,0.7657
2027-02-20,FRA-Ligue 1,2627,Nice,Auxerre,False,False,False,False,0.2723,0.2989,0.4288,H,H,0.4288
2027-02-20,FRA-Ligue 1,2627,Le Havre,Lyon,False,False,False,True,0.4483,0.2828,0.2688,A,A,0.4483
2027-02-20,GER-Bundesliga,2627,Stuttgart,Paderborn 07,False,False,False,True,0.1818,0.2358,0.5824,H,H,0.5824
2027-02-20,GER-Bundesliga,2627,Hamburger SV,Hoffenheim,False,False,False,False,0.3621,0.294,0.344,D,A,0.3621
2027-02-20,ENG-Premier League,2627,Sunderland,Everton,False,False,False,False,0.326,0.2785,0.3955,D,H,0.3955
2027-02-20,GER-Bundesliga,2627,Elversberg,Union Berlin,False,False,True,False,0.3084,0.2848,0.4068,H,H,0.4068
2027-02-20,FRA-Ligue 1,2627,Lens,Troyes,False,False,False,False,0.138,0.2147,0.6472,H,H,0.6472
2027-02-20,FRA-Ligue 1,2627,Lille,Lorient,False,False,False,False,0.1829,0.25,0.567,H,H,0.567
2027-02-20,GER-Bundesliga,2627,Frankfurt,RB Leipzig,False,False,False,False,0.3724,0.2887,0.3389,D,A,0.3724
2027-02-20,FRA-Ligue 1,2627,Angers,Paris FC,False,False,False,False,0.3265,0.306,0.3675,D,H,0.3675
2027-02-20,ENG-Premier League,2627,Arsenal,Fulham,False,False,False,False,0.1533,0.1735,0.6732,H,H,0.6732
2027-02-20,GER-Bundesliga,2627,Gladbach,Köln,False,False,False,False,0.2533,0.3066,0.4401,H,H,0.4401
2027-02-20,FRA-Ligue 1,2627,Monaco,Le Mans,False,False,False,True,0.1429,0.2111,0.646,H,H,0.646
2027-02-21,ESP-La Liga,2627,Málaga,Real Betis,False,False,True,False,0.4393,0.268,0.2927,A,A,0.4393
2027-02-21,ESP-La Liga,2627,Rayo Vallecano,Getafe,False,False,False,False,0.2562,0.2828,0.461,H,H,0.461
2027-02-21,ESP-La Liga,2627,Espanyol,Osasuna,False,False,False,False,0.2933,0.3078,0.3989,H,H,0.3989
2027-02-21,ESP-La Liga,2627,Sevilla,Real Madrid,False,False,False,False,0.5981,0.2166,0.1852,A,A,0.5981
2027-02-21,ESP-La Liga,2627,Atlético Madrid,Elche,False,False,False,False,0.1201,0.1746,0.7053,H,H,0.7053
2027-02-21,ESP-La Liga,2627,Alavés,Racing Sant,False,True,False,True,0.3638,0.3003,0.3359,D,A,0.3638
2027-02-21,ESP-La Liga,2627,Athletic Club,Celta Vigo,False,False,False,False,0.2811,0.2706,0.4482,H,H,0.4482
2027-02-21,ITA-Serie A,2627,Atalanta,Monza,False,False,False,False,0.1422,0.2174,0.6404,H,H,0.6404
2027-02-21,ESP-La Liga,2627,Barcelona,Levante,False,False,False,False,0.0974,0.1434,0.7592,H,H,0.7592
2027-02-21,ESP-La Liga,2627,Villarreal,Valencia,False,False,False,False,0.2186,0.2502,0.5312,H,H,0.5312
2027-02-21,ITA-Serie A,2627,Venezia,Cagliari,False,False,False,False,0.2875,0.3125,0.4,H,H,0.4
2027-02-21,ITA-Serie A,2627,Lecce,Frosinone,False,False,False,False,0.2796,0.3345,0.3859,D,H,0.3859
2027-02-21,ITA-Serie A,2627,Lazio,Napoli,False,False,False,False,0.3529,0.2765,0.3706,D,H,0.3706
2027-02-21,ITA-Serie A,2627,Sassuolo,Roma,False,False,False,False,0.5225,0.2496,0.2279,A,A,0.5225
2027-02-21,ITA-Serie A,2627,Juventus,Bologna,False,False,False,False,0.2129,0.2337,0.5534,H,H,0.5534
2027-02-21,ITA-Serie A,2627,Como,Torino,False,False,False,False,0.1832,0.2623,0.5545,H,H,0.5545
2027-02-21,ESP-La Liga,2627,Dep. A Coruña,Real Sociedad,False,False,True,False,0.3889,0.2859,0.3252,D,A,0.3889
2027-02-21,ITA-Serie A,2627,Fiorentina,Inter,False,False,False,False,0.5238,0.2502,0.226,A,A,0.5238
2027-02-21,ITA-Serie A,2627,Udinese,Parma,False,False,False,False,0.2631,0.301,0.4359,H,H,0.4359
2027-02-21,ITA-Serie A,2627,Milan,Genoa,False,False,False,False,0.1436,0.1998,0.6567,H,H,0.6567
2027-02-27,FRA-Ligue 1,2627,Auxerre,Lille,False,False,False,False,0.4716,0.2754,0.2531,A,A,0.4716
2027-02-27,GER-Bundesliga,2627,Hoffenheim,Gladbach,False,False,False,False,0.2347,0.2702,0.4951,H,H,0.4951
2027-02-27,FRA-Ligue 1,2627,Lorient,Angers,False,False,False,False,0.2643,0.3076,0.4281,H,H,0.4281
2027-02-27,GER-Bundesliga,2627,Mainz 05,Schalke 04,False,False,False,False,0.2013,0.2633,0.5354,H,H,0.5354
2027-02-27,GER-Bundesliga,2627,Paderborn 07,Werder Bremen,False,False,True,False,0.3123,0.2904,0.3973,H,H,0.3973
2027-02-27,GER-Bundesliga,2627,Freiburg,Leverkusen,False,False,False,False,0.3608,0.2758,0.3634,D,H,0.3634
2027-02-27,GER-Bundesliga,2627,Köln,Frankfurt,False,False,False,False,0.3479,0.3004,0.3517,D,H,0.3517
2027-02-27,FRA-Ligue 1,2627,Le Mans,Paris FC,False,False,True,False,0.409,0.2812,0.3098,A,A,0.409
2027-02-27,ENG-Premier League,2627,Coventry City,Bournemouth,True,False,True,False,0.2948,0.2585,0.4467,H,H,0.4467
2027-02-27,GER-Bundesliga,2627,Augsburg,Elversberg,False,False,False,True,0.2506,0.3107,0.4387,H,H,0.4387
2027-02-27,FRA-Ligue 1,2627,Brest,Monaco,False,False,True,False,0.3511,0.2914,0.3574,D,H,0.3574
2027-02-27,FRA-Ligue 1,2627,Troyes,Nice,False,False,False,False,0.3331,0.3018,0.3651,D,H,0.3651
2027-02-27,FRA-Ligue 1,2627,Lyon,Toulouse,False,False,True,False,0.1998,0.2594,0.5408,H,H,0.5408
2027-02-27,FRA-Ligue 1,2627,Strasbourg,Le Havre,False,False,False,False,0.1728,0.2493,0.5779,H,H,0.5779
2027-02-27,GER-Bundesliga,2627,RB Leipzig,Bayern Munich,False,False,False,False,0.4981,0.2455,0.2563,A,A,0.4981
2027-02-27,GER-Bundesliga,2627,Dortmund,Union Berlin,False,False,False,False,0.1178,0.1829,0.6992,H,H,0.6992
2027-02-27,GER-Bundesliga,2627,Stuttgart,Hamburger SV,False,False,False,False,0.1558,0.2351,0.6092,H,H,0.6092
2027-02-27,ENG-Premier League,2627,Hull City,Manchester City,True,False,True,False,0.4401,0.2454,0.3146,A,A,0.4401
2027-02-27,ENG-Premier League,2627,Everton,Nottingham,False,False,False,False,0.2939,0.2781,0.428,H,H,0.428
2027-02-27,ENG-Premier League,2627,Fulham,Leeds United,False,False,False,False,0.2723,0.2627,0.465,H,H,0.465
2027-02-27,ENG-Premier League,2627,Tottenham,Liverpool,False,False,False,False,0.4442,0.2528,0.303,A,A,0.4442
2027-02-27,ENG-Premier League,2627,Newcastle,Brentford,False,False,False,False,0.2822,0.2408,0.477,H,H,0.477
2027-02-27,ENG-Premier League,2627,Crystal Palace,Sunderland,False,False,False,False,0.2289,0.2534,0.5177,H,H,0.5177
2027-02-27,FRA-Ligue 1,2627,Marseille,Rennes,False,False,False,False,0.2597,0.2581,0.4821,H,H,0.4821
2027-02-27,ENG-Premier League,2627,Ipswich Town,Brighton,False,False,False,False,0.4781,0.2629,0.259,A,A,0.4781
2027-02-27,ENG-Premier League,2627,Manchester Utd,Arsenal,False,False,False,False,0.4185,0.2358,0.3457,D,A,0.4185
2027-02-27,ENG-Premier League,2627,Aston Villa,Chelsea,False,False,False,False,0.2514,0.2246,0.524,H,H,0.524
2027-02-28,ITA-Serie A,2627,Monza,Juventus,False,False,False,False,0.536,0.2532,0.2108,A,A,0.536
2027-02-28,ESP-La Liga,2627,Celta Vigo,Espanyol,False,False,False,False,0.2371,0.2806,0.4824,H,H,0.4824
2027-02-28,ITA-Serie A,2627,Parma,Sassuolo,False,False,False,False,0.2942,0.311,0.3948,H,H,0.3948
2027-02-28,ESP-La Liga,2627,Racing Sant,Rayo Vallecano,True,False,True,False,0.302,0.2874,0.4106,H,H,0.4106
2027-02-28,ITA-Serie A,2627,Bologna,Lecce,False,False,False,False,0.1943,0.2641,0.5416,H,H,0.5416
2027-02-28,ESP-La Liga,2627,Real Betis,Villarreal,False,False,False,False,0.2945,0.2762,0.4293,H,H,0.4293
2027-02-28,ITA-Serie A,2627,Cagliari,Udinese,False,False,False,False,0.3138,0.3058,0.3805,D,H,0.3805
2027-02-28,ESP-La Liga,2627,Getafe,Alavés,False,False,False,False,0.2593,0.2923,0.4484,H,H,0.4484
2027-02-28,ITA-Serie A,2627,Inter,Atalanta,False,False,False,False,0.205,0.2019,0.5931,H,H,0.5931
2027-02-28,ITA-Serie A,2627,Roma,Venezia,False,False,False,False,0.1143,0.1815,0.7042,H,H,0.7042
2027-02-28,ESP-La Liga,2627,Málaga,Atlético Madrid,False,False,True,False,0.489,0.2494,0.2616,A,A,0.489
2027-02-28,ESP-La Liga,2627,Real Sociedad,Elche,False,False,False,False,0.2332,0.2764,0.4903,H,H,0.4903
2027-02-28,ESP-La Liga,2627,Real Madrid,Valencia,False,False,False,False,0.1177,0.1602,0.7221,H,H,0.7221
2027-02-28,ITA-Serie A,2627,Como,Milan,False,False,False,False,0.3096,0.2611,0.4293,H,H,0.4293
2027-02-28,ESP-La Liga,2627,Levante,Dep. A Coruña,False,False,False,True,0.27,0.3131,0.4169,H,H,0.4169
2027-02-28,ITA-Serie A,2627,Frosinone,Napoli,False,False,False,False,0.5807,0.2355,0.1839,A,A,0.5807
2027-02-28,FRA-Ligue 1,2627,PSG,Lens,False,False,False,False,0.1522,0.1803,0.6675,H,H,0.6675
2027-02-28,ESP-La Liga,2627,Athletic Club,Barcelona,False,False,False,False,0.5158,0.2287,0.2555,A,A,0.5158
2027-02-28,ITA-Serie A,2627,Genoa,Lazio,False,False,False,False,0.3956,0.3013,0.3032,A,A,0.3956
2027-02-28,ESP-La Liga,2627,Osasuna,Sevilla,False,False,False,False,0.2545,0.2895,0.4561,H,H,0.4561
2027-02-28,ITA-Serie A,2627,Torino,Fiorentina,False,False,False,False,0.3023,0.3083,0.3894,H,H,0.3894
2027-03-03,GER-Bundesliga,2627,Gladbach,Stuttgart,False,False,False,False,0.4038,0.2805,0.3157,A,A,0.4038
2027-03-03,ENG-Premier League,2627,Brentford,Ipswich Town,False,False,False,False,0.1524,0.2422,0.6054,H,H,0.6054
2027-03-03,GER-Bundesliga,2627,Elversberg,RB Leipzig,False,False,True,False,0.4561,0.2648,0.2791,A,A,0.4561
2027-03-03,GER-Bundesliga,2627,Werder Bremen,Mainz 05,False,False,False,False,0.3056,0.3097,0.3846,D,H,0.3846
2027-03-03,ENG-Premier League,2627,Sunderland,Manchester Utd,False,False,False,False,0.4108,0.2695,0.3197,A,A,0.4108
2027-03-03,GER-Bundesliga,2627,Hamburger SV,Paderborn 07,False,False,False,True,0.2534,0.3171,0.4295,H,H,0.4295
2027-03-03,ENG-Premier League,2627,Arsenal,Crystal Palace,False,False,False,False,0.1683,0.1819,0.6498,H,H,0.6498
2027-03-03,ENG-Premier League,2627,Chelsea,Coventry City,False,True,False,True,0.285,0.245,0.47,H,H,0.47
2027-03-03,GER-Bundesliga,2627,Bayern Munich,Freiburg,False,False,False,False,0.1069,0.1609,0.7322,H,H,0.7322
2027-03-03,GER-Bundesliga,2627,Leverkusen,Hoffenheim,False,False,False,False,0.2161,0.2604,0.5234,H,H,0.5234
2027-03-03,GER-Bundesliga,2627,Frankfurt,Dortmund,False,False,False,False,0.4599,0.2606,0.2795,A,A,0.4599
2027-03-03,ENG-Premier League,2627,Manchester City,Everton,False,False,False,False,0.1508,0.1835,0.6658,H,H,0.6658
2027-03-03,ENG-Premier League,2627,Liverpool,Aston Villa,False,False,False,False,0.2733,0.2168,0.5099,H,H,0.5099
2027-03-03,ENG-Premier League,2627,Leeds United,Hull City,False,True,False,True,0.3081,0.2736,0.4183,H,H,0.4183
2027-03-03,ENG-Premier League,2627,Nottingham,Newcastle,False,False,False,False,0.2861,0.2742,0.4398,H,H,0.4398
2027-03-03,ENG-Premier League,2627,Brighton,Fulham,False,False,False,False,0.2664,0.2817,0.4519,H,H,0.4519
2027-03-03,ENG-Premier League,2627,Bournemouth,Tottenham,False,False,False,False,0.2474,0.2526,0.5,H,H,0.5
2027-03-03,GER-Bundesliga,2627,Union Berlin,Augsburg,False,False,False,False,0.2837,0.3056,0.4107,H,H,0.4107
2027-03-03,GER-Bundesliga,2627,Schalke 04,Köln,False,False,False,False,0.305,0.318,0.3769,D,H,0.3769
2027-03-06,GER-Bundesliga,2627,Dortmund,Bayern Munich,False,False,False,False,0.4141,0.2544,0.3315,A,A,0.4141
2027-03-06,GER-Bundesliga,2627,Hoffenheim,Werder Bremen,False,False,False,False,0.2139,0.2729,0.5132,H,H,0.5132
2027-03-06,GER-Bundesliga,2627,Freiburg,Augsburg,False,False,False,False,0.2123,0.267,0.5207,H,H,0.5207
2027-03-06,GER-Bundesliga,2627,Hamburger SV,Frankfurt,False,False,False,False,0.3053,0.3162,0.3784,D,H,0.3784
2027-03-06,GER-Bundesliga,2627,Köln,Union Berlin,False,False,False,False,0.2981,0.3145,0.3873,D,H,0.3873
2027-03-06,GER-Bundesliga,2627,Mainz 05,Elversberg,False,False,False,True,0.22,0.2981,0.4819,H,H,0.4819
2027-03-06,GER-Bundesliga,2627,Stuttgart,Leverkusen,False,False,False,False,0.2936,0.2832,0.4232,H,H,0.4232
2027-03-06,GER-Bundesliga,2627,RB Leipzig,Schalke 04,False,False,False,False,0.1189,0.2078,0.6733,H,H,0.6733
2027-03-06,GER-Bundesliga,2627,Paderborn 07,Gladbach,False,False,True,False,0.3637,0.2779,0.3584,D,A,0.3637
2027-03-06,FRA-Ligue 1,2627,Toulouse,Le Mans,False,False,False,True,0.2265,0.2946,0.4789,H,H,0.4789
2027-03-06,FRA-Ligue 1,2627,Troyes,Lorient,False,False,False,False,0.4288,0.2742,0.297,A,A,0.4288
2027-03-06,FRA-Ligue 1,2627,Lens,Strasbourg,False,False,False,False,0.2237,0.2581,0.5182,H,H,0.5182
2027-03-06,FRA-Ligue 1,2627,Monaco,Lyon,False,False,False,True,0.2602,0.2516,0.4882,H,H,0.4882
2027-03-06,FRA-Ligue 1,2627,Paris FC,Brest,False,False,False,True,0.2698,0.3125,0.4177,H,H,0.4177
2027-03-06,FRA-Ligue 1,2627,Angers,Auxerre,False,False,False,False,0.3253,0.3043,0.3703,D,H,0.3703
2027-03-06,FRA-Ligue 1,2627,Lille,Marseille,False,False,False,False,0.2723,0.2739,0.4538,H,H,0.4538
2027-03-06,FRA-Ligue 1,2627,Rennes,PSG,False,False,False,False,0.5246,0.2383,0.2371,A,A,0.5246
2027-03-06,FRA-Ligue 1,2627,Le Havre,Nice,False,False,False,False,0.2968,0.3181,0.3851,D,H,0.3851
2027-03-07,ESP-La Liga,2627,Elche,Málaga,False,False,False,True,0.271,0.316,0.413,H,H,0.413
2027-03-07,ESP-La Liga,2627,Sevilla,Real Sociedad,False,False,False,False,0.2991,0.3096,0.3913,H,H,0.3913
2027-03-07,ITA-Serie A,2627,Lazio,Frosinone,False,False,False,False,0.167,0.2466,0.5863,H,H,0.5863
2027-03-07,ITA-Serie A,2627,Lecce,Como,False,False,False,False,0.5211,0.2675,0.2114,A,A,0.5211
2027-03-07,ESP-La Liga,2627,Villarreal,Real Madrid,False,False,False,False,0.5039,0.2418,0.2543,A,A,0.5039
2027-03-07,ITA-Serie A,2627,Milan,Cagliari,False,False,False,False,0.1228,0.1787,0.6985,H,H,0.6985
2027-03-07,ITA-Serie A,2627,Juventus,Roma,False,False,False,False,0.2978,0.2746,0.4276,H,H,0.4276
2027-03-07,ESP-La Liga,2627,Espanyol,Racing Sant,False,True,False,True,0.3327,0.302,0.3653,D,H,0.3653
2027-03-07,ITA-Serie A,2627,Atalanta,Torino,False,False,False,False,0.1715,0.2496,0.5789,H,H,0.5789
2027-03-07,ESP-La Liga,2627,Valencia,Levante,False,False,False,False,0.2309,0.2782,0.4909,H,H,0.4909
2027-03-07,ITA-Serie A,2627,Udinese,Inter,False,False,False,False,0.5764,0.2362,0.1874,A,A,0.5764
2027-03-07,ESP-La Liga,2627,Atlético Madrid,Celta Vigo,False,False,False,False,0.1692,0.2007,0.6301,H,H,0.6301
2027-03-07,ESP-La Liga,2627,Dep. A Coruña,Getafe,False,False,True,False,0.3567,0.2808,0.3625,D,H,0.3625
2027-03-07,ITA-Serie A,2627,Fiorentina,Venezia,False,False,False,False,0.2339,0.2859,0.4802,H,H,0.4802
2027-03-07,ITA-Serie A,2627,Sassuolo,Bologna,False,False,False,False,0.3468,0.2989,0.3543,D,H,0.3543
2027-03-07,ESP-La Liga,2627,Rayo Vallecano,Osasuna,False,False,False,False,0.2552,0.2837,0.4611,H,H,0.4611
2027-03-07,ITA-Serie A,2627,Napoli,Parma,False,False,False,False,0.1215,0.1795,0.6991,H,H,0.6991
2027-03-07,ESP-La Liga,2627,Alavés,Athletic Club,False,False,False,False,0.3803,0.2965,0.3232,D,A,0.3803
2027-03-07,ITA-Serie A,2627,Monza,Genoa,False,False,False,False,0.3223,0.3038,0.3739,D,H,0.3739
2027-03-07,ESP-La Liga,2627,Barcelona,Real Betis,False,False,False,False,0.1436,0.1684,0.688,H,H,0.688
2027-03-13,GER-Bundesliga,2627,Union Berlin,Freiburg,False,False,False,False,0.3676,0.2912,0.3412,D,A,0.3676
2027-03-13,FRA-Ligue 1,2627,Le Mans,Rennes,False,False,True,False,0.4421,0.2697,0.2882,A,A,0.4421
2027-03-13,GER-Bundesliga,2627,Bayern Munich,Mainz 05,False,False,False,False,0.0998,0.1482,0.752,H,H,0.752
2027-03-13,ENG-Premier League,2627,Aston Villa,Hull City,False,True,False,True,0.23,0.2099,0.5601,H,H,0.5601
2027-03-13,GER-Bundesliga,2627,Leverkusen,Köln,False,False,False,False,0.1453,0.2196,0.6351,H,H,0.6351
2027-03-13,FRA-Ligue 1,2627,Lyon,Troyes,False,False,True,False,0.1399,0.2161,0.6441,H,H,0.6441
2027-03-13,GER-Bundesliga,2627,Augsburg,RB Leipzig,False,False,False,False,0.4938,0.2585,0.2477,A,A,0.4938
2027-03-13,FRA-Ligue 1,2627,Brest,Lille,False,False,True,False,0.3951,0.282,0.3229,D,A,0.3951
2027-03-13,FRA-Ligue 1,2627,Le Havre,Lens,False,False,False,False,0.5104,0.2648,0.2247,A,A,0.5104
2027-03-13,GER-Bundesliga,2627,Schalke 04,Hoffenheim,False,False,False,False,0.5008,0.2655,0.2337,A,A,0.5008
2027-03-13,GER-Bundesliga,2627,Elversberg,Dortmund,False,False,True,False,0.5343,0.2358,0.2299,A,A,0.5343
2027-03-13,GER-Bundesliga,2627,Gladbach,Hamburger SV,False,False,False,False,0.2523,0.3048,0.4429,H,H,0.4429
2027-03-13,GER-Bundesliga,2627,Werder Bremen,Stuttgart,False,False,False,False,0.4356,0.2711,0.2933,A,A,0.4356
2027-03-13,GER-Bundesliga,2627,Frankfurt,Paderborn 07,False,False,False,True,0.232,0.3063,0.4616,H,H,0.4616
2027-03-13,ENG-Premier League,2627,Coventry City,Manchester City,True,False,True,False,0.4411,0.2423,0.3167,A,A,0.4411
2027-03-13,FRA-Ligue 1,2627,Paris FC,Lorient,False,False,False,False,0.2699,0.2944,0.4357,H,H,0.4357
2027-03-13,ENG-Premier League,2627,Manchester Utd,Everton,False,False,False,False,0.2266,0.2233,0.5501,H,H,0.5501
2027-03-13,ENG-Premier League,2627,Tottenham,Nottingham,False,False,False,False,0.3095,0.2692,0.4213,H,H,0.4213
2027-03-13,FRA-Ligue 1,2627,Nice,Toulouse,False,False,False,False,0.2976,0.3039,0.3986,H,H,0.3986
2027-03-13,ENG-Premier League,2627,Crystal Palace,Fulham,False,False,False,False,0.2867,0.2787,0.4346,H,H,0.4346
2027-03-13,ENG-Premier League,2627,Leeds United,Brighton,False,False,False,False,0.3043,0.2808,0.4149,H,H,0.4149
2027-03-13,FRA-Ligue 1,2627,Strasbourg,Angers,False,False,False,False,0.1481,0.2199,0.632,H,H,0.632
2027-03-13,FRA-Ligue 1,2627,Marseille,Monaco,False,False,False,False,0.2849,0.2786,0.4365,H,H,0.4365
2027-03-13,ENG-Premier League,2627,Chelsea,Arsenal,False,False,False,False,0.4232,0.2522,0.3246,A,A,0.4232
2027-03-13,ENG-Premier League,2627,Bournemouth,Newcastle,False,False,False,False,0.2764,0.252,0.4716,H,H,0.4716
2027-03-13,ENG-Premier League,2627,Sunderland,Brentford,False,False,False,False,0.3387,0.2773,0.384,D,H,0.384
2027-03-13,ENG-Premier League,2627,Liverpool,Ipswich Town,False,False,False,False,0.1008,0.1425,0.7568,H,H,0.7568
2027-03-13,FRA-Ligue 1,2627,Auxerre,PSG,False,False,False,False,0.6303,0.1964,0.1733,A,A,0.6303
2027-03-14,ITA-Serie A,2627,Milan,Sassuolo,False,False,False,False,0.1472,0.2023,0.6505,H,H,0.6505
2027-03-14,ITA-Serie A,2627,Genoa,Roma,False,False,False,False,0.5434,0.2437,0.2129,A,A,0.5434
2027-03-14,ITA-Serie A,2627,Torino,Inter,False,False,False,False,0.5397,0.2521,0.2081,A,A,0.5397
2027-03-14,ITA-Serie A,2627,Lazio,Juventus,False,False,False,False,0.3472,0.2809,0.3719,D,H,0.3719
2027-03-14,ITA-Serie A,2627,Parma,Lecce,False,False,False,False,0.2622,0.3061,0.4318,H,H,0.4318
2027-03-14,ITA-Serie A,2627,Cagliari,Fiorentina,False,False,False,False,0.3309,0.3073,0.3618,D,H,0.3618
2027-03-14,ITA-Serie A,2627,Venezia,Atalanta,False,False,False,False,0.5445,0.2495,0.206,A,A,0.5445
2027-03-14,ITA-Serie A,2627,Bologna,Napoli,False,False,False,False,0.4003,0.2682,0.3315,D,A,0.4003
2027-03-14,ITA-Serie A,2627,Como,Udinese,False,False,False,False,0.1838,0.2509,0.5654,H,H,0.5654
2027-03-14,ITA-Serie A,2627,Frosinone,Monza,False,False,False,False,0.2874,0.3269,0.3857,D,H,0.3857
2027-03-14,ESP-La Liga,2627,Getafe,Real Sociedad,False,False,False,False,0.2901,0.3088,0.4011,H,H,0.4011
2027-03-14,ESP-La Liga,2627,Athletic Club,Valencia,False,False,False,False,0.2786,0.2705,0.4509,H,H,0.4509
2027-03-14,ESP-La Liga,2627,Alavés,Sevilla,False,False,False,False,0.2799,0.3048,0.4152,H,H,0.4152
2027-03-14,ESP-La Liga,2627,Real Betis,Levante,False,False,False,False,0.1851,0.2482,0.5667,H,H,0.5667
2027-03-14,ESP-La Liga,2627,Real Madrid,Espanyol,False,False,False,False,0.0945,0.1405,0.765,H,H,0.765
2027-03-14,ESP-La Liga,2627,Racing Sant,Atlético Madrid,True,False,True,False,0.4458,0.2555,0.2987,A,A,0.4458
2027-03-14,ESP-La Liga,2627,Málaga,Rayo Vallecano,False,False,True,False,0.4135,0.2777,0.3089,A,A,0.4135
2027-03-14,ESP-La Liga,2627,Elche,Villarreal,False,False,False,False,0.4961,0.2585,0.2454,A,A,0.4961
2027-03-14,ESP-La Liga,2627,Osasuna,Celta Vigo,False,False,False,False,0.3242,0.2983,0.3774,D,H,0.3774
2027-03-14,ESP-La Liga,2627,Barcelona,Dep. A Coruña,False,False,False,True,0.0976,0.1379,0.7645,H,H,0.7645
2027-03-20,ENG-Premier League,2627,Brentford,Bournemouth,False,False,False,False,0.2982,0.2815,0.4204,H,H,0.4204
2027-03-20,FRA-Ligue 1,2627,Lorient,Nice,False,False,False,False,0.2695,0.2998,0.4307,H,H,0.4307
2027-03-20,FRA-Ligue 1,2627,Monaco,Le Havre,False,False,False,False,0.1503,0.2291,0.6206,H,H,0.6206
2027-03-20,FRA-Ligue 1,2627,Rennes,Paris FC,False,False,False,False,0.2139,0.2672,0.5189,H,H,0.5189
2027-03-20,FRA-Ligue 1,2627,Toulouse,Brest,False,False,False,True,0.2736,0.3109,0.4155,H,H,0.4155
2027-03-20,GER-Bundesliga,2627,Hoffenheim,Frankfurt,False,False,False,False,0.2619,0.29,0.4481,H,H,0.4481
2027-03-20,GER-Bundesliga,2627,Dortmund,Gladbach,False,False,False,False,0.1305,0.1948,0.6747,H,H,0.6747
2027-03-20,GER-Bundesliga,2627,Freiburg,Elversberg,False,False,False,True,0.1854,0.242,0.5725,H,H,0.5725
2027-03-20,GER-Bundesliga,2627,Hamburger SV,Werder Bremen,False,False,False,False,0.288,0.3091,0.4029,H,H,0.4029
2027-03-20,GER-Bundesliga,2627,Köln,Bayern Munich,False,False,False,False,0.6329,0.203,0.1641,A,A,0.6329
2027-03-20,FRA-Ligue 1,2627,Troyes,Auxerre,False,False,False,False,0.3724,0.2916,0.336,D,A,0.3724
2027-03-20,FRA-Ligue 1,2627,PSG,Strasbourg,False,False,False,False,0.1121,0.155,0.733,H,H,0.733
2027-03-20,GER-Bundesliga,2627,RB Leipzig,Union Berlin,False,False,False,False,0.1666,0.2452,0.5883,H,H,0.5883
2027-03-20,ENG-Premier League,2627,Hull City,Chelsea,True,False,True,False,0.2869,0.2627,0.4504,H,H,0.4504
2027-03-20,GER-Bundesliga,2627,Paderborn 07,Leverkusen,False,False,True,False,0.4722,0.2586,0.2692,A,A,0.4722
2027-03-20,ENG-Premier League,2627,Nottingham,Aston Villa,False,False,False,False,0.3547,0.2678,0.3775,D,H,0.3775
2027-03-20,GER-Bundesliga,2627,Stuttgart,Schalke 04,False,False,False,False,0.1391,0.2149,0.646,H,H,0.646
2027-03-20,ENG-Premier League,2627,Newcastle,Leeds United,False,False,False,False,0.2372,0.2267,0.5361,H,H,0.5361
2027-03-20,ENG-Premier League,2627,Manchester City,Manchester Utd,False,False,False,False,0.2187,0.2027,0.5786,H,H,0.5786
2027-03-20,ENG-Premier League,2627,Ipswich Town,Crystal Palace,False,False,False,False,0.5038,0.256,0.2402,A,A,0.5038
2027-03-20,FRA-Ligue 1,2627,Lens,Lille,False,False,False,False,0.2751,0.2807,0.4441,H,H,0.4441
2027-03-20,ENG-Premier League,2627,Fulham,Liverpool,False,False,False,False,0.4414,0.248,0.3106,A,A,0.4414
2027-03-20,ENG-Premier League,2627,Everton,Tottenham,False,False,False,False,0.2771,0.2746,0.4484,H,H,0.4484
2027-03-20,FRA-Ligue 1,2627,Angers,Le Mans,False,False,False,True,0.2702,0.3237,0.4061,H,H,0.4061
2027-03-20,GER-Bundesliga,2627,Mainz 05,Augsburg,False,False,False,False,0.2631,0.2946,0.4423,H,H,0.4423
2027-03-20,ENG-Premier League,2627,Brighton,Coventry City,False,True,False,True,0.2849,0.2697,0.4455,H,H,0.4455
2027-03-20,ENG-Premier League,2627,Arsenal,Sunderland,False,False,False,False,0.1274,0.1608,0.7118,H,H,0.7118
2027-03-21,ITA-Serie A,2627,Napoli,Venezia,False,False,False,False,0.1185,0.174,0.7075,H,H,0.7075
2027-03-21,ESP-La Liga,2627,Villarreal,Málaga,False,False,False,True,0.168,0.2258,0.6062,H,H,0.6062
2027-03-21,ESP-La Liga,2627,Racing Sant,Real Betis,True,False,True,False,0.3337,0.2819,0.3844,D,H,0.3844
2027-03-21,ESP-La Liga,2627,Celta Vigo,Real Madrid,False,False,False,False,0.536,0.237,0.227,A,A,0.536
2027-03-21,ITA-Serie A,2627,Roma,Lecce,False,False,False,False,0.1087,0.175,0.7163,H,H,0.7163
2027-03-21,ITA-Serie A,2627,Parma,Lazio,False,False,False,False,0.4299,0.2937,0.2764,A,A,0.4299
2027-03-21,ITA-Serie A,2627,Fiorentina,Genoa,False,False,False,False,0.2359,0.2834,0.4807,H,H,0.4807
2027-03-21,ITA-Serie A,2627,Udinese,Torino,False,False,False,False,0.278,0.3042,0.4178,H,H,0.4178
2027-03-21,ITA-Serie A,2627,Inter,Frosinone,False,False,False,False,0.1017,0.1493,0.749,H,H,0.749
2027-03-21,FRA-Ligue 1,2627,Marseille,Lyon,False,False,False,True,0.258,0.2506,0.4914,H,H,0.4914
2027-03-21,ITA-Serie A,2627,Monza,Bologna,False,False,False,False,0.4461,0.2732,0.2806,A,A,0.4461
2027-03-21,ESP-La Liga,2627,Atlético Madrid,Getafe,False,False,False,False,0.1401,0.1859,0.674,H,H,0.674
2027-03-21,ITA-Serie A,2627,Juventus,Como,False,False,False,False,0.2731,0.248,0.4789,H,H,0.4789
2027-03-21,ESP-La Liga,2627,Real Sociedad,Alavés,False,False,False,False,0.2375,0.2733,0.4892,H,H,0.4892
2027-03-21,ESP-La Liga,2627,Sevilla,Elche,False,False,False,False,0.2767,0.3093,0.4139,H,H,0.4139
2027-03-21,ITA-Serie A,2627,Sassuolo,Cagliari,False,False,False,False,0.275,0.3091,0.416,H,H,0.416
2027-03-21,ESP-La Liga,2627,Rayo Vallecano,Barcelona,False,False,False,False,0.5285,0.2371,0.2343,A,A,0.5285
2027-03-21,ESP-La Liga,2627,Levante,Osasuna,False,False,False,False,0.3021,0.3064,0.3915,H,H,0.3915
2027-03-21,ESP-La Liga,2627,Valencia,Dep. A Coruña,False,False,False,True,0.2072,0.2699,0.5228,H,H,0.5228
2027-03-21,ESP-La Liga,2627,Espanyol,Athletic Club,False,False,False,False,0.3565,0.2989,0.3446,D,A,0.3565
2027-03-21,ITA-Serie A,2627,Atalanta,Milan,False,False,False,False,0.2826,0.268,0.4494,H,H,0.4494
2027-04-03,FRA-Ligue 1,2627,Auxerre,Lens,False,False,False,False,0.5002,0.2618,0.2379,A,A,0.5002
2027-04-03,GER-Bundesliga,2627,Bayern Munich,Hamburger SV,False,False,False,False,0.0918,0.1364,0.7718,H,H,0.7718
2027-04-03,FRA-Ligue 1,2627,Brest,Lorient,False,False,True,False,0.2606,0.3108,0.4285,H,H,0.4285
2027-04-03,FRA-Ligue 1,2627,Le Havre,Troyes,False,False,False,False,0.2617,0.3349,0.4034,D,H,0.4034
2027-04-03,GER-Bundesliga,2627,Augsburg,Hoffenheim,False,False,False,False,0.3461,0.3033,0.3506,D,H,0.3506
2027-04-03,FRA-Ligue 1,2627,Angers,Monaco,False,False,False,False,0.5083,0.273,0.2186,A,A,0.5083
2027-04-03,GER-Bundesliga,2627,Schalke 04,Paderborn 07,False,False,False,True,0.3105,0.3331,0.3564,D,H,0.3564
2027-04-03,GER-Bundesliga,2627,Frankfurt,Stuttgart,False,False,False,False,0.3695,0.2944,0.3361,D,A,0.3695
2027-04-03,GER-Bundesliga,2627,Union Berlin,Mainz 05,False,False,False,False,0.3133,0.314,0.3727,D,H,0.3727
2027-04-03,FRA-Ligue 1,2627,Le Mans,Marseille,False,False,True,False,0.4742,0.2624,0.2634,A,A,0.4742
2027-04-03,GER-Bundesliga,2627,Elversberg,Köln,False,False,True,False,0.2776,0.3084,0.414,H,H,0.414
2027-04-03,GER-Bundesliga,2627,Leverkusen,Dortmund,False,False,False,False,0.3032,0.2671,0.4297,H,H,0.4297
2027-04-03,GER-Bundesliga,2627,RB Leipzig,Freiburg,False,False,False,False,0.218,0.2455,0.5366,H,H,0.5366
2027-04-03,FRA-Ligue 1,2627,Strasbourg,Toulouse,False,False,False,False,0.2143,0.2671,0.5186,H,H,0.5186
2027-04-03,GER-Bundesliga,2627,Gladbach,Werder Bremen,False,False,False,False,0.2577,0.3138,0.4285,H,H,0.4285
2027-04-03,FRA-Ligue 1,2627,Lille,Rennes,False,False,False,False,0.2679,0.2769,0.4552,H,H,0.4552
2027-04-03,FRA-Ligue 1,2627,Nice,Lyon,False,False,False,True,0.408,0.2879,0.304,A,A,0.408
2027-04-03,FRA-Ligue 1,2627,Paris FC,PSG,False,False,False,False,0.5949,0.2051,0.2,A,A,0.5949
2027-04-04,ESP-La Liga,2627,Elche,Alavés,False,False,False,False,0.2962,0.3161,0.3877,D,H,0.3877
2027-04-04,ITA-Serie A,2627,Sassuolo,Atalanta,False,False,False,False,0.497,0.2577,0.2453,A,A,0.497
2027-04-04,ITA-Serie A,2627,Torino,Juventus,False,False,False,False,0.4905,0.2561,0.2534,A,A,0.4905
2027-04-04,ITA-Serie A,2627,Frosinone,Udinese,False,False,False,False,0.3441,0.3086,0.3473,D,H,0.3473
2027-04-04,ITA-Serie A,2627,Milan,Monza,False,False,False,False,0.1173,0.1691,0.7136,H,H,0.7136
2027-04-04,ITA-Serie A,2627,Venezia,Parma,False,False,False,False,0.2888,0.3255,0.3857,D,H,0.3857
2027-04-04,ITA-Serie A,2627,Roma,Bologna,False,False,False,False,0.2069,0.2314,0.5617,H,H,0.5617
2027-04-04,ITA-Serie A,2627,Genoa,Inter,False,False,False,False,0.5818,0.2349,0.1833,A,A,0.5818
2027-04-04,ITA-Serie A,2627,Como,Fiorentina,False,False,False,False,0.2279,0.2716,0.5005,H,H,0.5005
2027-04-04,ITA-Serie A,2627,Lecce,Lazio,False,False,False,False,0.5028,0.2742,0.2231,A,A,0.5028
2027-04-04,ESP-La Liga,2627,Real Sociedad,Valencia,False,False,False,False,0.2942,0.2923,0.4135,H,H,0.4135
2027-04-04,ESP-La Liga,2627,Getafe,Espanyol,False,False,False,False,0.2575,0.3126,0.4299,H,H,0.4299
2027-04-04,ESP-La Liga,2627,Levante,Rayo Vallecano,False,False,False,False,0.3507,0.3005,0.3488,D,A,0.3507
2027-04-04,ESP-La Liga,2627,Real Madrid,Atlético Madrid,False,False,False,False,0.2112,0.1968,0.5919,H,H,0.5919
2027-04-04,ESP-La Liga,2627,Barcelona,Sevilla,False,False,False,False,0.0872,0.1286,0.7842,H,H,0.7842
2027-04-04,ESP-La Liga,2627,Real Betis,Celta Vigo,False,False,False,False,0.217,0.2496,0.5333,H,H,0.5333
2027-04-04,ESP-La Liga,2627,Málaga,Osasuna,False,False,True,False,0.3319,0.3031,0.365,D,H,0.365
2027-04-04,ESP-La Liga,2627,Athletic Club,Racing Sant,False,True,False,True,0.2794,0.2743,0.4464,H,H,0.4464
2027-04-04,ITA-Serie A,2627,Cagliari,Napoli,False,False,False,False,0.5576,0.2416,0.2009,A,A,0.5576
2027-04-04,ESP-La Liga,2627,Dep. A Coruña,Villarreal,False,False,True,False,0.4449,0.266,0.2892,A,A,0.4449
2027-04-10,ENG-Premier League,2627,Crystal Palace,Everton,False,False,False,False,0.28,0.2767,0.4433,H,H,0.4433
2027-04-10,FRA-Ligue 1,2627,Monaco,Rennes,False,False,False,False,0.2637,0.2624,0.4739,H,H,0.4739
2027-04-10,FRA-Ligue 1,2627,Lyon,Strasbourg,False,False,True,False,0.2759,0.2754,0.4487,H,H,0.4487
2027-04-10,FRA-Ligue 1,2627,Nice,Paris FC,False,False,False,False,0.2955,0.3147,0.3897,D,H,0.3897
2027-04-10,ENG-Premier League,2627,Chelsea,Fulham,False,False,False,False,0.2721,0.242,0.4859,H,H,0.4859
2027-04-10,FRA-Ligue 1,2627,Troyes,Angers,False,False,False,False,0.2984,0.3415,0.3601,D,H,0.3601
2027-04-10,ENG-Premier League,2627,Liverpool,Newcastle,False,False,False,False,0.2189,0.2011,0.5801,H,H,0.5801
2027-04-10,FRA-Ligue 1,2627,Marseille,Brest,False,False,False,True,0.1779,0.2416,0.5805,H,H,0.5805
2027-04-10,ENG-Premier League,2627,Coventry City,Arsenal,True,False,True,False,0.4715,0.2369,0.2916,A,A,0.4715
2027-04-10,FRA-Ligue 1,2627,Lorient,Lens,False,False,False,False,0.4811,0.2616,0.2573,A,A,0.4811
2027-04-10,ENG-Premier League,2627,Leeds United,Nottingham,False,False,False,False,0.2986,0.2782,0.4232,H,H,0.4232
2027-04-10,ENG-Premier League,2627,Bournemouth,Manchester City,False,False,False,False,0.4354,0.2388,0.3258,A,A,0.4354
2027-04-10,ENG-Premier League,2627,Aston Villa,Brighton,False,False,False,False,0.2318,0.2118,0.5564,H,H,0.5564
2027-04-10,FRA-Ligue 1,2627,Lille,Toulouse,False,False,False,False,0.1907,0.2534,0.5559,H,H,0.5559
2027-04-10,GER-Bundesliga,2627,Hamburger SV,Union Berlin,False,False,False,False,0.2873,0.3132,0.3996,H,H,0.3996
2027-04-10,ENG-Premier League,2627,Manchester Utd,Hull City,False,True,False,True,0.2372,0.2208,0.5419,H,H,0.5419
2027-04-10,GER-Bundesliga,2627,Stuttgart,Elversberg,False,False,False,True,0.1792,0.2375,0.5833,H,H,0.5833
2027-04-10,GER-Bundesliga,2627,Gladbach,Leverkusen,False,False,False,False,0.4675,0.2617,0.2709,A,A,0.4675
2027-04-10,FRA-Ligue 1,2627,Le Mans,Auxerre,False,False,True,False,0.3594,0.2732,0.3674,D,H,0.3674
2027-04-10,ENG-Premier League,2627,Sunderland,Ipswich Town,False,False,False,False,0.1906,0.2517,0.5578,H,H,0.5578
2027-04-10,GER-Bundesliga,2627,Hoffenheim,Freiburg,False,False,False,False,0.2825,0.2845,0.433,H,H,0.433
2027-04-10,GER-Bundesliga,2627,Dortmund,Schalke 04,False,False,False,False,0.1128,0.1714,0.7158,H,H,0.7158
2027-04-10,GER-Bundesliga,2627,Werder Bremen,Frankfurt,False,False,False,False,0.3076,0.3051,0.3873,D,H,0.3873
2027-04-10,GER-Bundesliga,2627,Paderborn 07,Bayern Munich,False,False,True,False,0.6034,0.2135,0.1831,A,A,0.6034
2027-04-10,GER-Bundesliga,2627,Mainz 05,RB Leipzig,False,False,False,False,0.3911,0.2873,0.3215,D,A,0.3911
2027-04-10,GER-Bundesliga,2627,Köln,Augsburg,False,False,False,False,0.3257,0.3038,0.3705,D,H,0.3705
2027-04-10,FRA-Ligue 1,2627,PSG,Le Havre,False,False,False,False,0.0892,0.1304,0.7804,H,H,0.7804
2027-04-10,ENG-Premier League,2627,Tottenham,Brentford,False,False,False,False,0.3065,0.2554,0.4381,H,H,0.4381
2027-04-11,ESP-La Liga,2627,Espanyol,Málaga,False,False,False,True,0.2458,0.3173,0.4369,H,H,0.4369
2027-04-11,ESP-La Liga,2627,Alavés,Real Betis,False,False,False,False,0.4509,0.2804,0.2687,A,A,0.4509
2027-04-11,ESP-La Liga,2627,Celta Vigo,Elche,False,False,False,False,0.2211,0.2726,0.5064,H,H,0.5064
2027-04-11,ESP-La Liga,2627,Valencia,Getafe,False,False,False,False,0.2631,0.2897,0.4472,H,H,0.4472
2027-04-11,ITA-Serie A,2627,Lazio,Torino,False,False,False,False,0.2112,0.2622,0.5266,H,H,0.5266
2027-04-11,ITA-Serie A,2627,Inter,Roma,False,False,False,False,0.2149,0.2044,0.5807,H,H,0.5807
2027-04-11,ESP-La Liga,2627,Sevilla,Dep. A Coruña,False,False,False,True,0.2439,0.319,0.437,H,H,0.437
2027-04-11,ESP-La Liga,2627,Rayo Vallecano,Real Sociedad,False,False,False,False,0.2592,0.2868,0.454,H,H,0.454
2027-04-11,ESP-La Liga,2627,Atlético Madrid,Levante,False,False,False,False,0.1241,0.1782,0.6977,H,H,0.6977
2027-04-11,ESP-La Liga,2627,Racing Sant,Barcelona,True,False,True,False,0.5205,0.2381,0.2414,A,A,0.5205
2027-04-11,ESP-La Liga,2627,Osasuna,Real Madrid,False,False,False,False,0.5629,0.224,0.2131,A,A,0.5629
2027-04-11,ITA-Serie A,2627,Parma,Como,False,False,False,False,0.4875,0.2636,0.2489,A,A,0.4875
2027-04-11,ITA-Serie A,2627,Juventus,Lecce,False,False,False,False,0.1094,0.1748,0.7158,H,H,0.7158
2027-04-11,ITA-Serie A,2627,Udinese,Monza,False,False,False,False,0.2555,0.3088,0.4357,H,H,0.4357
2027-04-11,ITA-Serie A,2627,Cagliari,Atalanta,False,False,False,False,0.5331,0.2545,0.2124,A,A,0.5331
2027-04-11,ITA-Serie A,2627,Frosinone,Genoa,False,False,False,False,0.3168,0.3089,0.3744,D,H,0.3744
2027-04-11,ITA-Serie A,2627,Fiorentina,Milan,False,False,False,False,0.4165,0.2768,0.3066,A,A,0.4165
2027-04-11,ESP-La Liga,2627,Villarreal,Athletic Club,False,False,False,False,0.2389,0.2587,0.5024,H,H,0.5024
2027-04-11,ITA-Serie A,2627,Bologna,Venezia,False,False,False,False,0.2085,0.2693,0.5222,H,H,0.5222
2027-04-11,ITA-Serie A,2627,Napoli,Sassuolo,False,False,False,False,0.1268,0.1853,0.6879,H,H,0.6879
2027-04-17,GER-Bundesliga,2627,Leverkusen,Werder Bremen,False,False,False,False,0.1532,0.2293,0.6175,H,H,0.6175
2027-04-17,ENG-Premier League,2627,Brentford,Leeds United,False,False,False,False,0.2495,0.2583,0.4922,H,H,0.4922
2027-04-17,ENG-Premier League,2627,Arsenal,Aston Villa,False,False,False,False,0.2075,0.1991,0.5934,H,H,0.5934
2027-04-17,ENG-Premier League,2627,Everton,Bournemouth,False,False,False,False,0.3194,0.2775,0.4032,H,H,0.4032
2027-04-17,GER-Bundesliga,2627,Augsburg,Dortmund,False,False,False,False,0.5296,0.2462,0.2242,A,A,0.5296
2027-04-17,GER-Bundesliga,2627,Bayern Munich,Hoffenheim,False,False,False,False,0.1209,0.159,0.7201,H,H,0.7201
2027-04-17,GER-Bundesliga,2627,Elversberg,Paderborn 07,False,False,True,True,0.2909,0.3203,0.3888,D,H,0.3888
2027-04-17,ENG-Premier League,2627,Manchester City,Crystal Palace,False,False,False,False,0.1837,0.1917,0.6246,H,H,0.6246
2027-04-17,GER-Bundesliga,2627,Frankfurt,Gladbach,False,False,False,False,0.2611,0.2924,0.4466,H,H,0.4466
2027-04-17,ENG-Premier League,2627,Fulham,Sunderland,False,False,False,False,0.2452,0.2673,0.4875,H,H,0.4875
2027-04-17,ENG-Premier League,2627,Brighton,Chelsea,False,False,False,False,0.2832,0.2679,0.4489,H,H,0.4489
2027-04-17,GER-Bundesliga,2627,Schalke 04,Hamburger SV,False,False,False,False,0.3305,0.3029,0.3666,D,H,0.3666
2027-04-17,GER-Bundesliga,2627,Union Berlin,Stuttgart,False,False,False,False,0.4433,0.2714,0.2852,A,A,0.4433
2027-04-17,GER-Bundesliga,2627,Freiburg,Mainz 05,False,False,False,False,0.2373,0.2688,0.4939,H,H,0.4939
2027-04-17,ENG-Premier League,2627,Nottingham,Liverpool,False,False,False,False,0.4285,0.2487,0.3228,A,A,0.4285
2027-04-17,GER-Bundesliga,2627,RB Leipzig,Köln,False,False,False,False,0.1465,0.222,0.6315,H,H,0.6315
2027-04-17,FRA-Ligue 1,2627,Toulouse,Paris FC,False,False,False,False,0.275,0.3085,0.4165,H,H,0.4165
2027-04-17,FRA-Ligue 1,2627,Auxerre,Lorient,False,False,False,False,0.295,0.3043,0.4007,H,H,0.4007
2027-04-17,FRA-Ligue 1,2627,Brest,Le Mans,False,False,True,True,0.2396,0.3033,0.4571,H,H,0.4571
2027-04-17,FRA-Ligue 1,2627,Rennes,Troyes,False,False,False,False,0.1426,0.2165,0.6409,H,H,0.6409
2027-04-17,FRA-Ligue 1,2627,PSG,Lille,False,False,False,False,0.1346,0.1668,0.6986,H,H,0.6986
2027-04-17,FRA-Ligue 1,2627,Lens,Nice,False,False,False,False,0.163,0.2403,0.5967,H,H,0.5967
2027-04-17,FRA-Ligue 1,2627,Angers,Lyon,False,False,False,True,0.453,0.2807,0.2662,A,A,0.453
2027-04-17,FRA-Ligue 1,2627,Le Havre,Marseille,False,False,False,False,0.5087,0.2711,0.2203,A,A,0.5087
2027-04-17,ENG-Premier League,2627,Newcastle,Tottenham,False,False,False,False,0.2554,0.2448,0.4998,H,H,0.4998
2027-04-17,ENG-Premier League,2627,Hull City,Coventry City,True,True,True,True,0.2912,0.2636,0.4451,H,H,0.4451
2027-04-17,FRA-Ligue 1,2627,Monaco,Strasbourg,False,False,False,False,0.2526,0.2559,0.4914,H,H,0.4914
2027-04-17,ENG-Premier League,2627,Ipswich Town,Manchester Utd,False,False,False,False,0.5569,0.2335,0.2096,A,A,0.5569
2027-04-18,ESP-La Liga,2627,Real Sociedad,Racing Sant,False,True,False,True,0.3115,0.3016,0.387,D,H,0.387
2027-04-18,ESP-La Liga,2627,Málaga,Valencia,False,False,True,False,0.3776,0.2729,0.3496,D,A,0.3776
2027-04-18,ESP-La Liga,2627,Real Betis,Athletic Club,False,False,False,False,0.24,0.2582,0.5018,H,H,0.5018
2027-04-18,ITA-Serie A,2627,Bologna,Cagliari,False,False,False,False,0.2069,0.2679,0.5252,H,H,0.5252
2027-04-18,ESP-La Liga,2627,Levante,Villarreal,False,False,False,False,0.4798,0.2627,0.2575,A,A,0.4798
2027-04-18,ESP-La Liga,2627,Elche,Osasuna,False,False,False,False,0.3049,0.3054,0.3897,H,H,0.3897
2027-04-18,ESP-La Liga,2627,Barcelona,Espanyol,False,False,False,False,0.0916,0.1372,0.7712,H,H,0.7712
2027-04-18,ESP-La Liga,2627,Alavés,Rayo Vallecano,False,False,False,False,0.3477,0.2977,0.3546,D,H,0.3546
2027-04-18,ESP-La Liga,2627,Dep. A Coruña,Celta Vigo,False,False,True,False,0.3835,0.2726,0.3439,D,A,0.3835
2027-04-18,ESP-La Liga,2627,Atlético Madrid,Sevilla,False,False,False,False,0.1198,0.1739,0.7063,H,H,0.7063
2027-04-18,ITA-Serie A,2627,Venezia,Juventus,False,False,False,False,0.5586,0.2409,0.2005,A,A,0.5586
2027-04-18,ITA-Serie A,2627,Torino,Genoa,False,False,False,False,0.2601,0.3021,0.4377,H,H,0.4377
2027-04-18,ITA-Serie A,2627,Atalanta,Udinese,False,False,False,False,0.1636,0.2297,0.6067,H,H,0.6067
2027-04-18,ITA-Serie A,2627,Sassuolo,Lecce,False,False,False,False,0.2386,0.2908,0.4706,H,H,0.4706
2027-04-18,ITA-Serie A,2627,Como,Frosinone,False,False,False,False,0.1297,0.2137,0.6566,H,H,0.6566
2027-04-18,ITA-Serie A,2627,Roma,Lazio,False,False,False,False,0.2186,0.2396,0.5417,H,H,0.5417
2027-04-18,ITA-Serie A,2627,Milan,Napoli,False,False,False,False,0.3074,0.2656,0.427,H,H,0.427
2027-04-18,ITA-Serie A,2627,Monza,Inter,False,False,False,False,0.5993,0.2287,0.1721,A,A,0.5993
2027-04-18,ESP-La Liga,2627,Getafe,Real Madrid,False,False,False,False,0.556,0.2277,0.2163,A,A,0.556
2027-04-18,ITA-Serie A,2627,Fiorentina,Parma,False,False,False,False,0.2319,0.2853,0.4828,H,H,0.4828
2027-04-21,ESP-La Liga,2627,Getafe,Real Betis,False,False,False,False,0.3493,0.2949,0.3558,D,H,0.3558
2027-04-21,ESP-La Liga,2627,Real Madrid,Elche,False,False,False,False,0.0903,0.1484,0.7613,H,H,0.7613
2027-04-21,ESP-La Liga,2627,Valencia,Rayo Vallecano,False,False,False,False,0.2924,0.2956,0.4121,H,H,0.4121
2027-04-21,ESP-La Liga,2627,Celta Vigo,Barcelona,False,False,False,False,0.5221,0.2439,0.2339,A,A,0.5221
2027-04-21,ESP-La Liga,2627,Athletic Club,Dep. A Coruña,False,False,False,True,0.1993,0.257,0.5437,H,H,0.5437
2027-04-21,ESP-La Liga,2627,Villarreal,Atlético Madrid,False,False,False,False,0.3301,0.2732,0.3967,D,H,0.3967
2027-04-21,ESP-La Liga,2627,Espanyol,Real Sociedad,False,False,False,False,0.285,0.314,0.4009,H,H,0.4009
2027-04-21,ESP-La Liga,2627,Sevilla,Levante,False,False,False,False,0.2757,0.3066,0.4178,H,H,0.4178
2027-04-21,ESP-La Liga,2627,Racing Sant,Málaga,True,False,True,True,0.2148,0.2793,0.5059,H,H,0.5059
2027-04-21,ESP-La Liga,2627,Osasuna,Alavés,False,False,False,False,0.2479,0.284,0.4681,H,H,0.4681
2027-04-24,ENG-Premier League,2627,Tottenham,Hull City,False,True,False,True,0.3219,0.2637,0.4144,H,H,0.4144
2027-04-24,GER-Bundesliga,2627,Stuttgart,Freiburg,False,False,False,False,0.2327,0.254,0.5133,H,H,0.5133
2027-04-24,ENG-Premier League,2627,Everton,Brighton,False,False,False,False,0.2963,0.2803,0.4234,H,H,0.4234
2027-04-24,FRA-Ligue 1,2627,Le Mans,Le Havre,False,False,True,False,0.2932,0.297,0.4098,H,H,0.4098
2027-04-24,FRA-Ligue 1,2627,Lorient,PSG,False,False,False,False,0.6246,0.1985,0.1769,A,A,0.6246
2027-04-24,ENG-Premier League,2627,Brentford,Fulham,False,False,False,False,0.2787,0.2829,0.4384,H,H,0.4384
2027-04-24,ENG-Premier League,2627,Aston Villa,Coventry City,False,True,False,True,0.23,0.2099,0.5601,H,H,0.5601
2027-04-24,ENG-Premier League,2627,Manchester Utd,Crystal Palace,False,False,False,False,0.2439,0.2334,0.5227,H,H,0.5227
2027-04-24,ENG-Premier League,2627,Newcastle,Ipswich Town,False,False,False,False,0.1226,0.1879,0.6895,H,H,0.6895
2027-04-24,ENG-Premier League,2627,Nottingham,Sunderland,False,False,False,False,0.2235,0.2563,0.5203,H,H,0.5203
2027-04-24,ENG-Premier League,2627,Chelsea,Manchester City,False,False,False,False,0.4089,0.2498,0.3412,D,A,0.4089
2027-04-24,FRA-Ligue 1,2627,Lille,Monaco,False,False,False,False,0.2722,0.2791,0.4487,H,H,0.4487
2027-04-24,ENG-Premier League,2627,Leeds United,Liverpool,False,False,False,False,0.4698,0.2474,0.2828,A,A,0.4698
2027-04-24,ENG-Premier League,2627,Bournemouth,Arsenal,False,False,False,False,0.4786,0.2381,0.2833,A,A,0.4786
2027-04-24,GER-Bundesliga,2627,Frankfurt,Leverkusen,False,False,False,False,0.4282,0.2733,0.2986,A,A,0.4282
2027-04-24,FRA-Ligue 1,2627,Strasbourg,Rennes,False,False,False,False,0.2905,0.2807,0.4288,H,H,0.4288
2027-04-24,FRA-Ligue 1,2627,Marseille,Auxerre,False,False,False,False,0.1599,0.2259,0.6142,H,H,0.6142
2027-04-24,GER-Bundesliga,2627,Werder Bremen,Bayern Munich,False,False,False,False,0.5974,0.2153,0.1873,A,A,0.5974
2027-04-24,FRA-Ligue 1,2627,Nice,Angers,False,False,False,False,0.2462,0.2966,0.4572,H,H,0.4572
2027-04-24,FRA-Ligue 1,2627,Paris FC,Lens,False,False,False,False,0.4228,0.274,0.3031,A,A,0.4228
2027-04-24,FRA-Ligue 1,2627,Troyes,Toulouse,False,False,False,False,0.448,0.272,0.28,A,A,0.448
2027-04-24,FRA-Ligue 1,2627,Lyon,Brest,False,False,True,True,0.2089,0.2544,0.5367,H,H,0.5367
2027-04-24,GER-Bundesliga,2627,Hoffenheim,Union Berlin,False,False,False,False,0.2117,0.2709,0.5174,H,H,0.5174
2027-04-24,GER-Bundesliga,2627,Paderborn 07,Augsburg,False,False,True,False,0.3394,0.2773,0.3833,D,H,0.3833
2027-04-24,GER-Bundesliga,2627,Gladbach,Schalke 04,False,False,False,False,0.227,0.289,0.4841,H,H,0.4841
2027-04-24,GER-Bundesliga,2627,Köln,Mainz 05,False,False,False,False,0.3669,0.2972,0.3359,D,A,0.3669
2027-04-24,GER-Bundesliga,2627,Hamburger SV,Elversberg,False,False,False,True,0.2603,0.315,0.4246,H,H,0.4246
2027-04-24,GER-Bundesliga,2627,Dortmund,RB Leipzig,False,False,False,False,0.2357,0.2269,0.5374,H,H,0.5374
2027-04-25,ITA-Serie A,2627,Frosinone,Roma,False,False,False,False,0.5721,0.2401,0.1878,A,A,0.5721
2027-04-25,ITA-Serie A,2627,Juventus,Fiorentina,False,False,False,False,0.196,0.2331,0.5709,H,H,0.5709
2027-04-25,ITA-Serie A,2627,Cagliari,Monza,False,False,False,False,0.2647,0.3135,0.4218,H,H,0.4218
2027-04-25,ITA-Serie A,2627,Lazio,Como,False,False,False,False,0.3278,0.2831,0.3892,D,H,0.3892
2027-04-25,ITA-Serie A,2627,Inter,Bologna,False,False,False,False,0.1301,0.1711,0.6988,H,H,0.6988
2027-04-25,ITA-Serie A,2627,Venezia,Torino,False,False,False,False,0.322,0.3098,0.3682,D,H,0.3682
2027-04-25,ITA-Serie A,2627,Genoa,Sassuolo,False,False,False,False,0.2883,0.3079,0.4038,H,H,0.4038
2027-04-25,ITA-Serie A,2627,Lecce,Milan,False,False,False,False,0.5685,0.2477,0.1838,A,A,0.5685
2027-04-25,ITA-Serie A,2627,Napoli,Udinese,False,False,False,False,0.1482,0.2004,0.6515,H,H,0.6515
2027-04-25,ITA-Serie A,2627,Parma,Atalanta,False,False,False,False,0.5316,0.2536,0.2149,A,A,0.5316
2027-05-01,ENG-Premier League,2627,Ipswich Town,Leeds United,False,False,False,False,0.4478,0.2679,0.2843,A,A,0.4478
2027-05-01,ENG-Premier League,2627,Crystal Palace,Aston Villa,False,False,False,False,0.3734,0.2665,0.3601,D,A,0.3734
2027-05-01,FRA-Ligue 1,2627,Rennes,Nice,False,False,False,False,0.2037,0.2659,0.5304,H,H,0.5304
2027-05-01,FRA-Ligue 1,2627,PSG,Angers,False,False,False,False,0.0858,0.1343,0.7799,H,H,0.7799
2027-05-01,FRA-Ligue 1,2627,Auxerre,Lyon,False,False,False,True,0.3915,0.2897,0.3188,D,A,0.3915
2027-05-01,ENG-Premier League,2627,Liverpool,Chelsea,False,False,False,False,0.2176,0.2015,0.5809,H,H,0.5809
2027-05-01,FRA-Ligue 1,2627,Monaco,Lorient,False,False,False,False,0.1894,0.2495,0.5611,H,H,0.5611
2027-05-01,ENG-Premier League,2627,Hull City,Bournemouth,True,False,True,False,0.2948,0.2585,0.4467,H,H,0.4467
2027-05-01,ENG-Premier League,2627,Coventry City,Manchester Utd,True,False,True,False,0.3491,0.2659,0.385,D,H,0.385
2027-05-01,ENG-Premier League,2627,Sunderland,Newcastle,False,False,False,False,0.3795,0.2644,0.3561,D,A,0.3795
2027-05-01,ENG-Premier League,2627,Arsenal,Tottenham,False,False,False,False,0.1783,0.1811,0.6406,H,H,0.6406
2027-05-01,FRA-Ligue 1,2627,Troyes,Brest,False,False,False,True,0.3796,0.2989,0.3215,D,A,0.3796
2027-05-01,FRA-Ligue 1,2627,Toulouse,Marseille,False,False,False,False,0.414,0.2921,0.2939,A,A,0.414
2027-05-01,FRA-Ligue 1,2627,Le Havre,Paris FC,False,False,False,False,0.3075,0.3126,0.3799,D,H,0.3799
2027-05-01,ENG-Premier League,2627,Brighton,Nottingham,False,False,False,False,0.2808,0.2774,0.4418,H,H,0.4418
2027-05-01,FRA-Ligue 1,2627,Strasbourg,Lille,False,False,False,False,0.3028,0.2831,0.4141,H,H,0.4141
2027-05-01,ENG-Premier League,2627,Fulham,Everton,False,False,False,False,0.2791,0.2803,0.4406,H,H,0.4406
2027-05-01,ENG-Premier League,2627,Manchester City,Brentford,False,False,False,False,0.1701,0.1894,0.6406,H,H,0.6406
2027-05-01,FRA-Ligue 1,2627,Lens,Le Mans,False,False,False,True,0.1532,0.2282,0.6186,H,H,0.6186
2027-05-02,ESP-La Liga,2627,Real Sociedad,Athletic Club,False,False,False,False,0.3049,0.2998,0.3952,H,H,0.3952
2027-05-02,ITA-Serie A,2627,Como,Inter,False,False,False,False,0.4906,0.2417,0.2677,A,A,0.4906
2027-05-02,ESP-La Liga,2627,Rayo Vallecano,Villarreal,False,False,False,False,0.3347,0.2795,0.3858,D,H,0.3858
2027-05-02,ESP-La Liga,2627,Elche,Espanyol,False,False,False,False,0.2877,0.3061,0.4062,H,H,0.4062
2027-05-02,ESP-La Liga,2627,Barcelona,Osasuna,False,False,False,False,0.1069,0.1492,0.744,H,H,0.744
2027-05-02,ESP-La Liga,2627,Real Betis,Valencia,False,False,False,False,0.2201,0.2502,0.5298,H,H,0.5298
2027-05-02,ITA-Serie A,2627,Bologna,Fiorentina,False,False,False,False,0.2773,0.2933,0.4294,H,H,0.4294
2027-05-02,ITA-Serie A,2627,Atalanta,Juventus,False,False,False,False,0.2947,0.2723,0.433,H,H,0.433
2027-05-02,ESP-La Liga,2627,Levante,Real Madrid,False,False,False,False,0.6021,0.2049,0.193,A,A,0.6021
2027-05-02,ESP-La Liga,2627,Málaga,Getafe,False,False,True,False,0.3141,0.2939,0.3919,D,H,0.3919
2027-05-02,ESP-La Liga,2627,Dep. A Coruña,Racing Sant,False,True,True,True,0.4156,0.2777,0.3067,A,A,0.4156
2027-05-02,ITA-Serie A,2627,Monza,Venezia,False,False,False,False,0.2836,0.2986,0.4179,H,H,0.4179
2027-05-02,ITA-Serie A,2627,Udinese,Genoa,False,False,False,False,0.277,0.3082,0.4148,H,H,0.4148
2027-05-02,ESP-La Liga,2627,Celta Vigo,Sevilla,False,False,False,False,0.236,0.2804,0.4837,H,H,0.4837
2027-05-02,ITA-Serie A,2627,Sassuolo,Frosinone,False,False,False,False,0.2358,0.3111,0.4531,H,H,0.4531
2027-05-02,ESP-La Liga,2627,Atlético Madrid,Alavés,False,False,False,False,0.1214,0.1745,0.7041,H,H,0.7041
2027-05-02,ITA-Serie A,2627,Milan,Lazio,False,False,False,False,0.2233,0.2305,0.5462,H,H,0.5462
2027-05-02,ITA-Serie A,2627,Lecce,Cagliari,False,False,False,False,0.3055,0.3212,0.3733,D,H,0.3733
2027-05-02,ITA-Serie A,2627,Roma,Napoli,False,False,False,False,0.2812,0.2639,0.4548,H,H,0.4548
2027-05-02,ITA-Serie A,2627,Torino,Parma,False,False,False,False,0.2549,0.3033,0.4419,H,H,0.4419
2027-05-08,FRA-Ligue 1,2627,Lens,Monaco,False,False,False,False,0.25,0.2706,0.4794,H,H,0.4794
2027-05-08,GER-Bundesliga,2627,RB Leipzig,Paderborn 07,False,False,False,True,0.1481,0.2118,0.6401,H,H,0.6401
2027-05-08,GER-Bundesliga,2627,Mainz 05,Dortmund,False,False,False,False,0.5073,0.2511,0.2417,A,A,0.5073
2027-05-08,ENG-Premier League,2627,Nottingham,Crystal Palace,False,False,False,False,0.2802,0.2758,0.444,H,H,0.444
2027-05-08,ENG-Premier League,2627,Tottenham,Chelsea,False,False,False,False,0.3153,0.2667,0.418,H,H,0.418
2027-05-08,FRA-Ligue 1,2627,Lorient,Strasbourg,False,False,False,False,0.3526,0.296,0.3515,D,A,0.3526
2027-05-08,ENG-Premier League,2627,Newcastle,Coventry City,False,True,False,True,0.2886,0.2431,0.4682,H,H,0.4682
2027-05-08,GER-Bundesliga,2627,Freiburg,Köln,False,False,False,False,0.1868,0.2537,0.5595,H,H,0.5595
2027-05-08,ENG-Premier League,2627,Brentford,Aston Villa,False,False,False,False,0.3578,0.2624,0.3797,D,H,0.3797
2027-05-08,GER-Bundesliga,2627,Bayern Munich,Gladbach,False,False,False,False,0.0965,0.1462,0.7573,H,H,0.7573
2027-05-08,GER-Bundesliga,2627,Elversberg,Hoffenheim,False,False,True,False,0.4293,0.2761,0.2945,A,A,0.4293
2027-05-08,GER-Bundesliga,2627,Schalke 04,Frankfurt,False,False,False,False,0.4884,0.2685,0.2431,A,A,0.4884
2027-05-08,ENG-Premier League,2627,Everton,Hull City,False,True,False,True,0.3019,0.2658,0.4323,H,H,0.4323
2027-05-08,GER-Bundesliga,2627,Union Berlin,Werder Bremen,False,False,False,False,0.2756,0.3233,0.401,D,H,0.401
2027-05-08,ENG-Premier League,2627,Brighton,Sunderland,False,False,False,False,0.241,0.2668,0.4922,H,H,0.4922
2027-05-08,FRA-Ligue 1,2627,Rennes,Le Havre,False,False,False,False,0.1694,0.2489,0.5817,H,H,0.5817
2027-05-08,FRA-Ligue 1,2627,Brest,Auxerre,False,False,True,False,0.2536,0.2957,0.4507,H,H,0.4507
2027-05-08,FRA-Ligue 1,2627,Angers,Toulouse,False,False,False,False,0.3704,0.3008,0.3287,D,A,0.3704
2027-05-08,GER-Bundesliga,2627,Augsburg,Stuttgart,False,False,False,False,0.4417,0.2701,0.2882,A,A,0.4417
2027-05-08,FRA-Ligue 1,2627,Nice,Marseille,False,False,False,False,0.4481,0.2731,0.2788,A,A,0.4481
2027-05-08,GER-Bundesliga,2627,Leverkusen,Hamburger SV,False,False,False,False,0.1484,0.2248,0.6268,H,H,0.6268
2027-05-08,FRA-Ligue 1,2627,Paris FC,Lille,False,False,False,False,0.3794,0.2896,0.331,D,A,0.3794
2027-05-08,ENG-Premier League,2627,Bournemouth,Manchester Utd,False,False,False,False,0.3341,0.2668,0.399,D,H,0.399
2027-05-08,ENG-Premier League,2627,Leeds United,Arsenal,False,False,False,False,0.5089,0.2413,0.2497,A,A,0.5089
2027-05-08,FRA-Ligue 1,2627,Le Mans,Troyes,False,False,True,False,0.2689,0.3104,0.4207,H,H,0.4207
2027-05-08,ENG-Premier League,2627,Manchester City,Liverpool,False,False,False,False,0.2605,0.2237,0.5159,H,H,0.5159
2027-05-08,ENG-Premier League,2627,Fulham,Ipswich Town,False,False,False,False,0.1568,0.234,0.6093,H,H,0.6093
2027-05-09,ITA-Serie A,2627,Inter,Lecce,False,False,False,False,0.0943,0.1404,0.7652,H,H,0.7652
2027-05-09,ITA-Serie A,2627,Fiorentina,Roma,False,False,False,False,0.447,0.2649,0.2881,A,A,0.447
2027-05-09,FRA-Ligue 1,2627,Lyon,PSG,False,False,True,False,0.5258,0.2337,0.2405,A,A,0.5258
2027-05-09,ITA-Serie A,2627,Genoa,Cagliari,False,False,False,False,0.278,0.31,0.412,H,H,0.412
2027-05-09,ESP-La Liga,2627,Osasuna,Real Sociedad,False,False,False,False,0.2891,0.3081,0.4028,H,H,0.4028
2027-05-09,ITA-Serie A,2627,Parma,Milan,False,False,False,False,0.5491,0.2456,0.2053,A,A,0.5491
2027-05-09,ITA-Serie A,2627,Napoli,Monza,False,False,False,False,0.1167,0.1772,0.7061,H,H,0.7061
2027-05-09,ITA-Serie A,2627,Udinese,Juventus,False,False,False,False,0.5358,0.2449,0.2194,A,A,0.5358
2027-05-09,ESP-La Liga,2627,Athletic Club,Málaga,False,False,False,True,0.2133,0.2605,0.5262,H,H,0.5262
2027-05-09,ESP-La Liga,2627,Racing Sant,Sevilla,True,False,True,False,0.2155,0.267,0.5175,H,H,0.5175
2027-05-09,ITA-Serie A,2627,Torino,Bologna,False,False,False,False,0.3328,0.3017,0.3655,D,H,0.3655
2027-05-09,ESP-La Liga,2627,Real Madrid,Barcelona,False,False,False,False,0.3325,0.2298,0.4377,H,H,0.4377
2027-05-09,ESP-La Liga,2627,Alavés,Levante,False,False,False,False,0.2902,0.3049,0.4048,H,H,0.4048
2027-05-09,ESP-La Liga,2627,Rayo Vallecano,Dep. A Coruña,False,False,False,True,0.2019,0.2602,0.5379,H,H,0.5379
2027-05-09,ITA-Serie A,2627,Frosinone,Atalanta,False,False,False,False,0.5521,0.2519,0.1959,A,A,0.5521
2027-05-09,ESP-La Liga,2627,Getafe,Elche,False,False,False,False,0.2457,0.2887,0.4656,H,H,0.4656
2027-05-09,ESP-La Liga,2627,Valencia,Atlético Madrid,False,False,False,False,0.4839,0.2524,0.2637,A,A,0.4839
2027-05-09,ESP-La Liga,2627,Villarreal,Celta Vigo,False,False,False,False,0.2188,0.2501,0.5311,H,H,0.5311
2027-05-09,ESP-La Liga,2627,Real Betis,Espanyol,False,False,False,False,0.1802,0.2492,0.5706,H,H,0.5706
2027-05-09,ITA-Serie A,2627,Lazio,Sassuolo,False,False,False,False,0.2097,0.2625,0.5278,H,H,0.5278
2027-05-09,ITA-Serie A,2627,Venezia,Como,False,False,False,False,0.5156,0.2625,0.2219,A,A,0.5156
2027-05-15,GER-Bundesliga,2627,Gladbach,Augsburg,False,False,False,False,0.2857,0.3036,0.4107,H,H,0.4107
2027-05-15,GER-Bundesliga,2627,Dortmund,Köln,False,False,False,False,0.1151,0.1826,0.7023,H,H,0.7023
2027-05-15,GER-Bundesliga,2627,Werder Bremen,Schalke 04,False,False,False,False,0.2359,0.2959,0.4682,H,H,0.4682
2027-05-15,ENG-Premier League,2627,Ipswich Town,Manchester City,False,False,False,False,0.6109,0.2053,0.1838,A,A,0.6109
2027-05-15,GER-Bundesliga,2627,Hamburger SV,Freiburg,False,False,False,False,0.4054,0.2786,0.316,A,A,0.4054
2027-05-15,GER-Bundesliga,2627,Hoffenheim,Mainz 05,False,False,False,False,0.2587,0.2785,0.4628,H,H,0.4628
2027-05-15,ENG-Premier League,2627,Arsenal,Nottingham,False,False,False,False,0.1787,0.1813,0.6401,H,H,0.6401
2027-05-15,ENG-Premier League,2627,Crystal Palace,Brighton,False,False,False,False,0.2961,0.2803,0.4236,H,H,0.4236
2027-05-15,ENG-Premier League,2627,Sunderland,Bournemouth,False,False,False,False,0.3774,0.277,0.3455,D,A,0.3774
2027-05-15,GER-Bundesliga,2627,Stuttgart,RB Leipzig,False,False,False,False,0.2891,0.2764,0.4346,H,H,0.4346
2027-05-15,ENG-Premier League,2627,Coventry City,Tottenham,True,False,True,False,0.2576,0.249,0.4934,H,H,0.4934
2027-05-15,ENG-Premier League,2627,Manchester Utd,Leeds United,False,False,False,False,0.216,0.22,0.564,H,H,0.564
2027-05-15,ENG-Premier League,2627,Aston Villa,Newcastle,False,False,False,False,0.2549,0.2243,0.5208,H,H,0.5208
2027-05-15,GER-Bundesliga,2627,Paderborn 07,Union Berlin,False,False,True,False,0.3071,0.2849,0.408,H,H,0.408
2027-05-15,ENG-Premier League,2627,Chelsea,Everton,False,False,False,False,0.2651,0.2396,0.4953,H,H,0.4953
2027-05-15,ENG-Premier League,2627,Hull City,Fulham,True,False,True,False,0.2723,0.2563,0.4714,H,H,0.4714
2027-05-15,GER-Bundesliga,2627,Leverkusen,Bayern Munich,False,False,False,False,0.4762,0.2483,0.2756,A,A,0.4762
2027-05-15,ENG-Premier League,2627,Liverpool,Brentford,False,False,False,False,0.185,0.1973,0.6177,H,H,0.6177
2027-05-15,GER-Bundesliga,2627,Frankfurt,Elversberg,False,False,False,True,0.2311,0.3058,0.4632,H,H,0.4632
2027-05-16,ITA-Serie A,2627,Bologna,Frosinone,False,False,False,False,0.1921,0.2746,0.5333,H,H,0.5333
2027-05-16,FRA-Ligue 1,2627,Monaco,Paris FC,False,False,False,False,0.1892,0.2553,0.5555,H,H,0.5555
2027-05-16,ESP-La Liga,2627,Real Sociedad,Barcelona,False,False,False,False,0.5473,0.2226,0.2301,A,A,0.5473
2027-05-16,FRA-Ligue 1,2627,Toulouse,Lorient,False,False,False,False,0.288,0.306,0.406,H,H,0.406
2027-05-16,FRA-Ligue 1,2627,Strasbourg,Troyes,False,False,False,False,0.1452,0.2185,0.6362,H,H,0.6362
2027-05-16,FRA-Ligue 1,2627,PSG,Nice,False,False,False,False,0.0908,0.1344,0.7748,H,H,0.7748
2027-05-16,ESP-La Liga,2627,Sevilla,Villarreal,False,False,False,False,0.4572,0.266,0.2768,A,A,0.4572
2027-05-16,ITA-Serie A,2627,Lazio,Udinese,False,False,False,False,0.2249,0.257,0.5181,H,H,0.5181
2027-05-16,ESP-La Liga,2627,Real Madrid,Racing Sant,False,True,False,True,0.1244,0.1565,0.7191,H,H,0.7191
2027-05-16,FRA-Ligue 1,2627,Lille,Angers,False,False,False,False,0.1411,0.2163,0.6426,H,H,0.6426
2027-05-16,ITA-Serie A,2627,Monza,Parma,False,False,False,False,0.3142,0.3057,0.3801,D,H,0.3801
2027-05-16,ESP-La Liga,2627,Atlético Madrid,Rayo Vallecano,False,False,False,False,0.1906,0.2121,0.5973,H,H,0.5973
2027-05-16,FRA-Ligue 1,2627,Auxerre,Rennes,False,False,False,False,0.3892,0.2949,0.316,D,A,0.3892
2027-05-16,FRA-Ligue 1,2627,Marseille,Lens,False,False,False,False,0.3048,0.2647,0.4306,H,H,0.4306
2027-05-16,FRA-Ligue 1,2627,Lyon,Le Mans,False,False,True,True,0.1799,0.2367,0.5835,H,H,0.5835
2027-05-16,ESP-La Liga,2627,Dep. A Coruña,Alavés,False,False,True,False,0.3018,0.2801,0.4181,H,H,0.4181
2027-05-16,FRA-Ligue 1,2627,Brest,Le Havre,False,False,True,False,0.2294,0.3015,0.4691,H,H,0.4691
2027-05-16,ITA-Serie A,2627,Juventus,Inter,False,False,False,False,0.4085,0.254,0.3374,D,A,0.4085
2027-05-16,ITA-Serie A,2627,Napoli,Genoa,False,False,False,False,0.1236,0.1817,0.6947,H,H,0.6947
2027-05-16,ESP-La Liga,2627,Málaga,Celta Vigo,False,False,True,False,0.3784,0.2734,0.3482,D,A,0.3784
2027-05-16,ITA-Serie A,2627,Lecce,Fiorentina,False,False,False,False,0.4194,0.3005,0.2802,A,A,0.4194
2027-05-16,ITA-Serie A,2627,Sassuolo,Venezia,False,False,False,False,0.2523,0.2978,0.45,H,H,0.45
2027-05-16,ITA-Serie A,2627,Como,Atalanta,False,False,False,False,0.295,0.278,0.427,H,H,0.427
2027-05-16,ESP-La Liga,2627,Osasuna,Real Betis,False,False,False,False,0.3692,0.2887,0.3421,D,A,0.3692
2027-05-16,ESP-La Liga,2627,Elche,Athletic Club,False,False,False,False,0.3853,0.2951,0.3195,D,A,0.3853
2027-05-16,ESP-La Liga,2627,Levante,Getafe,False,False,False,False,0.3011,0.3077,0.3911,H,H,0.3911
2027-05-16,ITA-Serie A,2627,Milan,Roma,False,False,False,False,0.3142,0.2703,0.4155,H,H,0.4155
2027-05-16,ESP-La Liga,2627,Espanyol,Valencia,False,False,False,False,0.3322,0.3014,0.3664,D,H,0.3664
2027-05-16,ITA-Serie A,2627,Cagliari,Torino,False,False,False,False,0.298,0.3128,0.3892,D,H,0.3892
2027-05-22,FRA-Ligue 1,2627,Toulouse,Auxerre,False,False,False,False,0.271,0.3088,0.4202,H,H,0.4202
2027-05-22,FRA-Ligue 1,2627,Le Mans,Strasbourg,False,False,True,False,0.435,0.274,0.2911,A,A,0.435
2027-05-22,GER-Bundesliga,2627,Augsburg,Hamburger SV,False,False,False,False,0.2543,0.3049,0.4408,H,H,0.4408
2027-05-22,GER-Bundesliga,2627,Bayern Munich,Frankfurt,False,False,False,False,0.1049,0.1521,0.743,H,H,0.743
2027-05-22,GER-Bundesliga,2627,Freiburg,Dortmund,False,False,False,False,0.4177,0.2687,0.3136,A,A,0.4177
2027-05-22,GER-Bundesliga,2627,Elversberg,Werder Bremen,False,False,True,False,0.3129,0.2907,0.3965,H,H,0.3965
2027-05-22,FRA-Ligue 1,2627,Le Havre,Lille,False,False,False,False,0.5072,0.27,0.2228,A,A,0.5072
2027-05-22,FRA-Ligue 1,2627,Angers,Brest,False,False,False,True,0.3236,0.3117,0.3647,D,H,0.3647
2027-05-22,FRA-Ligue 1,2627,Lens,Rennes,False,False,False,False,0.2475,0.2696,0.483,H,H,0.483
2027-05-22,GER-Bundesliga,2627,Mainz 05,Stuttgart,False,False,False,False,0.3597,0.2966,0.3437,D,A,0.3597
2027-05-22,FRA-Ligue 1,2627,Nice,Monaco,False,False,False,False,0.4182,0.2791,0.3027,A,A,0.4182
2027-05-22,GER-Bundesliga,2627,Union Berlin,Gladbach,False,False,False,False,0.2902,0.3054,0.4044,H,H,0.4044
2027-05-22,FRA-Ligue 1,2627,Troyes,PSG,False,False,False,False,0.6547,0.1944,0.1509,A,A,0.6547
2027-05-22,GER-Bundesliga,2627,Köln,Paderborn 07,False,False,False,True,0.2621,0.3192,0.4187,H,H,0.4187
2027-05-22,FRA-Ligue 1,2627,Paris FC,Marseille,False,False,False,False,0.3693,0.291,0.3397,D,A,0.3693
2027-05-22,GER-Bundesliga,2627,RB Leipzig,Hoffenheim,False,False,False,False,0.2286,0.2593,0.5122,H,H,0.5122
2027-05-22,GER-Bundesliga,2627,Schalke 04,Leverkusen,False,False,False,False,0.5627,0.2499,0.1874,A,A,0.5627
2027-05-22,FRA-Ligue 1,2627,Lorient,Lyon,False,False,False,True,0.3609,0.2951,0.344,D,A,0.3609
2027-05-23,ITA-Serie A,2627,Inter,Lazio,False,False,False,False,0.1549,0.1765,0.6685,H,H,0.6685
2027-05-23,ITA-Serie A,2627,Roma,Como,False,False,False,False,0.2564,0.2406,0.503,H,H,0.503
2027-05-23,ITA-Serie A,2627,Torino,Napoli,False,False,False,False,0.5101,0.2523,0.2376,A,A,0.5101
2027-05-23,ITA-Serie A,2627,Udinese,Sassuolo,False,False,False,False,0.278,0.3077,0.4142,H,H,0.4142
2027-05-23,ITA-Serie A,2627,Venezia,Milan,False,False,False,False,0.5603,0.242,0.1977,A,A,0.5603
2027-05-23,ESP-La Liga,2627,Barcelona,Málaga,False,False,False,True,0.099,0.1365,0.7645,H,H,0.7645
2027-05-23,ESP-La Liga,2627,Alavés,Real Madrid,False,False,False,False,0.6107,0.2056,0.1837,A,A,0.6107
2027-05-23,ESP-La Liga,2627,Atlético Madrid,Athletic Club,False,False,False,False,0.1876,0.1992,0.6132,H,H,0.6132
2027-05-23,ESP-La Liga,2627,Rayo Vallecano,Real Betis,False,False,False,False,0.322,0.2855,0.3926,D,H,0.3926
2027-05-23,ITA-Serie A,2627,Genoa,Bologna,False,False,False,False,0.3536,0.299,0.3474,D,A,0.3536
2027-05-23,ESP-La Liga,2627,Dep. A Coruña,Espanyol,False,False,True,False,0.295,0.2855,0.4195,H,H,0.4195
2027-05-23,ITA-Serie A,2627,Fiorentina,Monza,False,False,False,False,0.2238,0.2874,0.4888,H,H,0.4888
2027-05-23,ESP-La Liga,2627,Racing Sant,Levante,True,False,True,False,0.2207,0.27,0.5093,H,H,0.5093
2027-05-23,ESP-La Liga,2627,Celta Vigo,Real Sociedad,False,False,False,False,0.2725,0.2956,0.4319,H,H,0.4319
2027-05-23,ITA-Serie A,2627,Frosinone,Cagliari,False,False,False,False,0.3094,0.3164,0.3742,D,H,0.3742
2027-05-23,ENG-Premier League,2627,Manchester City,Aston Villa,False,False,False,False,0.226,0.2026,0.5715,H,H,0.5715
2027-05-23,ENG-Premier League,2627,Nottingham,Ipswich Town,False,False,False,False,0.1553,0.2335,0.6111,H,H,0.6111
2027-05-23,ESP-La Liga,2627,Villarreal,Osasuna,False,False,False,False,0.2054,0.259,0.5356,H,H,0.5356
2027-05-23,ENG-Premier League,2627,Everton,Arsenal,False,False,False,False,0.4886,0.243,0.2683,A,A,0.4886
2027-05-23,ITA-Serie A,2627,Parma,Juventus,False,False,False,False,0.5445,0.2449,0.2106,A,A,0.5445
2027-05-23,ENG-Premier League,2627,Fulham,Coventry City,False,True,False,True,0.2995,0.2705,0.4301,H,H,0.4301
2027-05-23,ENG-Premier League,2627,Brentford,Hull City,False,True,False,True,0.2956,0.2713,0.4331,H,H,0.4331
2027-05-23,ENG-Premier League,2627,Newcastle,Crystal Palace,False,False,False,False,0.2661,0.2317,0.5022,H,H,0.5022
2027-05-23,ENG-Premier League,2627,Brighton,Liverpool,False,False,False,False,0.4292,0.2481,0.3227,A,A,0.4292
2027-05-23,ESP-La Liga,2627,Valencia,Elche,False,False,False,False,0.2219,0.2728,0.5053,H,H,0.5053
2027-05-23,ENG-Premier League,2627,Leeds United,Sunderland,False,False,False,False,0.2496,0.2694,0.4809,H,H,0.4809
2027-05-23,ENG-Premier League,2627,Tottenham,Manchester Utd,False,False,False,False,0.3992,0.2651,0.3357,D,A,0.3992
2027-05-23,ENG-Premier League,2627,Bournemouth,Chelsea,False,False,False,False,0.2669,0.251,0.482,H,H,0.482
2027-05-23,ITA-Serie A,2627,Atalanta,Lecce,False,False,False,False,0.1194,0.1957,0.6849,H,H,0.6849
2027-05-23,ESP-La Liga,2627,Sevilla,Getafe,False,False,False,False,0.2955,0.3081,0.3964,H,H,0.3964
2027-05-29,FRA-Ligue 1,2627,Lyon,Paris FC,False,False,True,False,0.209,0.2659,0.5251,H,H,0.5251
2027-05-29,FRA-Ligue 1,2627,Lille,Le Mans,False,False,False,True,0.1522,0.223,0.6248,H,H,0.6248
2027-05-29,FRA-Ligue 1,2627,PSG,Toulouse,False,False,False,False,0.0981,0.1454,0.7565,H,H,0.7565
2027-05-29,FRA-Ligue 1,2627,Strasbourg,Nice,False,False,False,False,0.2061,0.267,0.5269,H,H,0.5269
2027-05-29,FRA-Ligue 1,2627,Brest,Lens,False,False,True,False,0.4176,0.2755,0.3069,A,A,0.4176
2027-05-29,FRA-Ligue 1,2627,Auxerre,Le Havre,False,False,False,False,0.2566,0.3095,0.4339,H,H,0.4339
2027-05-29,FRA-Ligue 1,2627,Marseille,Lorient,False,False,False,False,0.174,0.2362,0.5899,H,H,0.5899
2027-05-29,FRA-Ligue 1,2627,Monaco,Troyes,False,False,False,False,0.1259,0.2016,0.6726,H,H,0.6726
2027-05-29,FRA-Ligue 1,2627,Rennes,Angers,False,False,False,False,0.1459,0.2184,0.6357,H,H,0.6357
2027-05-30,ITA-Serie A,2627,Juventus,Frosinone,False,False,False,False,0.1129,0.1805,0.7066,H,H,0.7066
2027-05-30,ENG-Premier League,2627,Aston Villa,Tottenham,False,False,False,False,0.2417,0.2272,0.5311,H,H,0.5311
2027-05-30,ENG-Premier League,2627,Arsenal,Brighton,False,False,False,False,0.1564,0.1756,0.668,H,H,0.668
2027-05-30,ESP-La Liga,2627,Málaga,Sevilla,False,False,True,False,0.2803,0.2904,0.4293,H,H,0.4293
2027-05-30,ENG-Premier League,2627,Coventry City,Nottingham,True,False,True,False,0.2825,0.2711,0.4464,H,H,0.4464
2027-05-30,ESP-La Liga,2627,Espanyol,Alavés,False,False,False,False,0.286,0.3046,0.4094,H,H,0.4094
2027-05-30,ESP-La Liga,2627,Athletic Club,Rayo Vallecano,False,False,False,False,0.2841,0.2705,0.4454,H,H,0.4454
2027-05-30,ESP-La Liga,2627,Real Betis,Atlético Madrid,False,False,False,False,0.3437,0.2681,0.3882,D,H,0.3882
2027-05-30,ENG-Premier League,2627,Sunderland,Manchester City,False,False,False,False,0.5095,0.2444,0.2462,A,A,0.5095
2027-05-30,ITA-Serie A,2627,Sassuolo,Inter,False,False,False,False,0.5579,0.2412,0.2009,A,A,0.5579
2027-05-30,ENG-Premier League,2627,Crystal Palace,Leeds United,False,False,False,False,0.2669,0.2568,0.4762,H,H,0.4762
2027-05-30,ITA-Serie A,2627,Bologna,Parma,False,False,False,False,0.208,0.269,0.5229,H,H,0.5229
2027-05-30,ESP-La Liga,2627,Osasuna,Valencia,False,False,False,False,0.3221,0.2995,0.3784,D,H,0.3784
2027-05-30,ESP-La Liga,2627,Levante,Celta Vigo,False,False,False,False,0.3458,0.2975,0.3567,D,H,0.3567
2027-05-30,ENG-Premier League,2627,Ipswich Town,Everton,False,False,False,False,0.4794,0.2612,0.2594,A,A,0.4794
2027-05-30,ITA-Serie A,2627,Lecce,Venezia,False,False,False,False,0.3019,0.3176,0.3805,D,H,0.3805
2027-05-30,ENG-Premier League,2627,Chelsea,Brentford,False,False,False,False,0.2833,0.242,0.4747,H,H,0.4747
2027-05-30,ITA-Serie A,2627,Cagliari,Roma,False,False,False,False,0.5461,0.2458,0.2081,A,A,0.5461
2027-05-30,ITA-Serie A,2627,Como,Genoa,False,False,False,False,0.1665,0.2489,0.5846,H,H,0.5846
2027-05-30,ESP-La Liga,2627,Real Sociedad,Villarreal,False,False,False,False,0.364,0.2849,0.3511,D,A,0.364
2027-05-30,ITA-Serie A,2627,Lazio,Fiorentina,False,False,False,False,0.2578,0.2717,0.4704,H,H,0.4704
2027-05-30,ITA-Serie A,2627,Milan,Udinese,False,False,False,False,0.1602,0.2054,0.6344,H,H,0.6344
2027-05-30,ENG-Premier League,2627,Manchester Utd,Fulham,False,False,False,False,0.2276,0.2231,0.5493,H,H,0.5493
2027-05-30,ENG-Premier League,2627,Hull City,Newcastle,True,False,True,False,0.2894,0.2639,0.4467,H,H,0.4467
2027-05-30,ENG-Premier League,2627,Liverpool,Bournemouth,False,False,False,False,0.1967,0.1986,0.6047,H,H,0.6047
2027-05-30,ITA-Serie A,2627,Monza,Torino,False,False,False,False,0.324,0.3017,0.3742,D,H,0.3742
2027-05-30,ESP-La Liga,2627,Elche,Racing Sant,False,True,False,True,0.3665,0.3016,0.3319,D,A,0.3665
2027-05-30,ESP-La Liga,2627,Getafe,Barcelona,False,False,False,False,0.5713,0.2168,0.2119,A,A,0.5713
2027-05-30,ITA-Serie A,2627,Napoli,Atalanta,False,False,False,False,0.2832,0.2478,0.469,H,H,0.469
2027-05-30,ESP-La Liga,2627,Real Madrid,Dep. A Coruña,False,False,False,True,0.0989,0.1397,0.7614,H,H,0.7614
